Chr1,Chr2,Blocks
5:,utexb3016_scaffold_22_g597.t1,3
3:,utexb3016_scaffold_21_g1164.t1,3
6:,utexb3016_scaffold_22_g598.t1,3
7:,utexb3016_scaffold_18_g769.t1,3
2:,utexb3016_scaffold_15_g663.t1,3
7:,utexb3016_scaffold_22_g599.t1,3
8:,utexb3016_scaffold_22_g600.t1,3
3:,utexb3016_scaffold_22_g557.t1,2
3:,utex2526_scaffold_10_g533.t1,2
3:,utexb3016_scaffold_22_g610.t1,2
3:,utexb3016_scaffold_22_g599.t1,2
3:,utex2526_scaffold_10_g615.t1,2
1:,utexb3016_scaffold_18_g748.t1,2
3:,utex2526_scaffold_10_g662.t1,2
7:,utexb3016_scaffold_17_g696.t1,2
11:,utex395_scaffold_25_g282.t1,2
4:,utexb3016_scaffold_15_g596.t1,2
3:,utex2526_scaffold_12_g724.t1,2
1:,utexb3016_scaffold_17_g540.t1,2
1:,utexb3016_scaffold_17_g520.t1,2
0:,utex395_scaffold_25_g968.t1,2
0:,utex395_scaffold_2_g129.t1,2
1:,utex2526_scaffold_12_g260.t1,2
8:,utexb3016_scaffold_17_g697.t1,2
5:,utexb3016_scaffold_22_g613.t1,2
5:,utexb3016_scaffold_22_g620.t1,2
19:,utex2526_scaffold_15_g105.t1,2
11:,utex2526_scaffold_15_g94.t1,2
5:,utexb3016_scaffold_22_g666.t1,2
5:,utexb3016_scaffold_22_g669.t1,2
0:,utexb3016_scaffold_10_g252.t1,2
5:,utex2526_scaffold_15_g1029.t1,2
14:,utex2526_scaffold_15_g97.t1,2
8:,utexb3016_scaffold_17_g286.t1,2
0:,utex395_scaffold_4_g488.t1,2
6:,utexb3016_scaffold_17_g695.t1,2
4:,utexb3016_scaffold_10_g259.t1,2
5:,utex2526_scaffold_14_g47.t1,2
1:,utexb3016_scaffold_21_g1161.t1,2
0:,utex395_scaffold_2_g302.t1,2
14:,utex2526_scaffold_15_g427.t1,2
0:,utex395_scaffold_2_g225.t1,2
4:,utexb3016_scaffold_17_g11.t1,2
2:,utex2526_scaffold_14_g150.t1,2
5:,utexb3016_scaffold_22_g610.t1,2
6:,utexb3016_scaffold_10_g785.t1,2
1:,utex2526_scaffold_14_g56.t1,2
4:,utexb3016_scaffold_18_g756.t1,2
3:,utexb3016_scaffold_17_g544.t1,2
3:,utexb3016_scaffold_17_g523.t1,2
3:,utexb3016_scaffold_17_g503.t1,2
0:,utex395_scaffold_15_g584.t1,2
0:,utex395_scaffold_15_g441.t1,2
3:,utex2526_scaffold_23_g94.t1,2
1:,utex2526_scaffold_15_g1180.t1,2
1:,utex2526_scaffold_15_g148.t1,2
1:,utex2526_scaffold_15_g181.t1,2
1:,utex2526_scaffold_15_g457.t1,2
3:,utex395_scaffold_12_g14.t1,2
1:,utex2526_scaffold_15_g472.t1,2
13:,utex2526_scaffold_15_g96.t1,2
1:,utexb3016_scaffold_10_g256.t1,2
1:,utex2526_scaffold_15_g643.t1,2
3:,utex2526_scaffold_15_g932.t1,2
0:,utex395_scaffold_17_g713.t1,2
2:,utex395_scaffold_18_g373.t1,2
3:,utex2526_scaffold_15_g481.t1,2
3:,utex2526_scaffold_15_g1039.t1,2
3:,utex2526_scaffold_15_g1074.t1,2
3:,utex2526_scaffold_15_g1182.t1,2
3:,utex2526_scaffold_15_g185.t1,2
1:,utexb3016_scaffold_15_g593.t1,2
1:,utex2526_scaffold_12_g74.t1,2
4:,utexb3016_scaffold_17_g662.t1,2
1:,utex2526_scaffold_13_g29.t1,2
6:,utex395_scaffold_2_g272.t1,2
3:,utexb3016_scaffold_18_g750.t1,2
1:,utex2526_scaffold_14_g133.t1,2
1:,utex2526_scaffold_14_g149.t1,2
4:,utexb3016_scaffold_17_g826.t1,2
11:,utexb3016_scaffold_22_g1099.t1,2
1:,utex2526_scaffold_14_g232.t1,2
3:,utex2526_scaffold_15_g74.t1,2
8:,utex395_scaffold_2_g274.t1,2
7:,utexb3016_scaffold_15_g711.t1,2
1:,utex2526_scaffold_15_g71.t1,2
5:,utexb3016_scaffold_15_g597.t1,2
0:,utexb3016_scaffold_22_g641.t1,2
0:,utexb3016_scaffold_22_g597.t1,2
0:,utexb3016_scaffold_22_g577.t1,2
0:,utexb3016_scaffold_22_g554.t1,2
4:,utex2526_scaffold_10_g663.t1,2
17:,utex2526_scaffold_15_g101.t1,2
7:,utex395_scaffold_18_g380.t1,2
9:,utexb3016_scaffold_17_g693.t1,2
9:,utex2526_scaffold_15_g92.t1,2
0:,utexb3016_scaffold_22_g1049.t1,2
2:,utexb3016_scaffold_18_g749.t1,2
2:,utexb3016_scaffold_18_g745.t1,2
4:,utex395_scaffold_18_g375.t1,2
0:,utexb3016_scaffold_21_g828.t1,2
4:,utex395_scaffold_18_g426.t1,2
0:,utexb3016_scaffold_21_g717.t1,2
4:,utex2526_scaffold_12_g340.t1,2
23:,utex2526_scaffold_15_g210.t1,2
2:,utexb3016_scaffold_17_g543.t1,2
10:,utex2526_scaffold_15_g93.t1,2
4:,utex2526_scaffold_15_g186.t1,2
7:,utex2526_scaffold_15_g189.t1,2
2:,utexb3016_scaffold_22_g556.t1,2
4:,utex2526_scaffold_15_g461.t1,2
4:,utex2526_scaffold_15_g1075.t1,2
4:,utex2526_scaffold_15_g1046.t1,2
4:,utex2526_scaffold_15_g484.t1,2
7:,utex2526_scaffold_15_g467.t1,2
7:,utex2526_scaffold_3_g283.t1,2
4:,utex2526_scaffold_15_g75.t1,2
4:,utex2526_scaffold_15_g933.t1,2
4:,utex2526_scaffold_22_g29.t1,2
7:,utex2526_scaffold_22_g33.t1,2
10:,utex395_scaffold_20_g579.t1,2
4:,utex2526_scaffold_23_g95.t1,2
0:,utexb3016_scaffold_22_g944.t1,2
0:,utexb3016_scaffold_21_g56.t1,2
0:,utexb3016_scaffold_21_g1230.t1,2
1:,utexb3016_scaffold_21_g829.t1,2
0:,utexb3016_scaffold_15_g694.t1,2
0:,utexb3016_scaffold_16_g681.t1,2
1:,utexb3016_scaffold_22_g642.t1,2
5:,utexb3016_scaffold_21_g446.t1,2
1:,utexb3016_scaffold_22_g598.t1,2
5:,utex2526_scaffold_15_g934.t1,2
1:,utexb3016_scaffold_22_g555.t1,2
6:,utexb3016_scaffold_21_g79.t1,2
0:,utexb3016_scaffold_15_g592.t1,2
25:,utex2526_scaffold_15_g217.t1,2
5:,utexb3016_scaffold_21_g859.t1,2
7:,utexb3016_scaffold_10_g796.t1,2
5:,utex2526_scaffold_15_g76.t1,2
2:,utexb3016_scaffold_10_g257.t1,2
5:,utex2526_scaffold_15_g485.t1,2
0:,utexb3016_scaffold_13_g1.t1,2
5:,utex2526_scaffold_15_g462.t1,2
5:,utex2526_scaffold_22_g31.t1,2
5:,utex2526_scaffold_23_g96.t1,2
15:,utex2526_scaffold_15_g98.t1,2
10:,utexb3016_scaffold_21_g779.t1,2
0:,utexb3016_scaffold_21_g1146.t1,2
5:,utexb3016_scaffold_17_g658.t1,2
15:,utex2526_scaffold_15_g428.t1,2
9:,utexb3016_scaffold_22_g1261.t1,2
9:,utexb3016_scaffold_22_g620.t1,2
0:,utexb3016_scaffold_18_g747.t1,2
5:,utex395_scaffold_17_g14.t1,2
2:,utexb3016_scaffold_15_g594.t1,2
7:,utex395_scaffold_2_g273.t1,2
18:,utex2526_scaffold_15_g104.t1,2
0:,utexb3016_scaffold_17_g662.t1,2
0:,utexb3016_scaffold_17_g635.t1,2
10:,utexb3016_scaffold_22_g1098.t1,2
10:,utexb3016_scaffold_22_g1271.t1,2
6:,utexb3016_scaffold_22_g611.t1,2
1:,utexb3016_scaffold_22_g946.t1,2
0:,utex2526_scaffold_23_g91.t1,2
2:,utexb3016_scaffold_22_g600.t1,2
1:,utex2526_scaffold_22_g5.t1,2
0:,utex2526_scaffold_12_g519.t1,2
4:,utexb3016_scaffold_22_g1103.t1,2
6:,utex2526_scaffold_22_g32.t1,2
8:,utex2526_scaffold_15_g251.t1,2
0:,utex2526_scaffold_15_g747.t1,2
1:,utex2526_scaffold_15_g929.t1,2
0:,utex2526_scaffold_15_g78.t1,2
2:,utex2526_scaffold_15_g183.t1,2
0:,utex2526_scaffold_15_g784.t1,2
4:,utexb3016_scaffold_22_g571.t1,2
0:,utex2526_scaffold_15_g1177.t1,2
0:,utex2526_scaffold_12_g247.t1,2
0:,utex2526_scaffold_14_g148.t1,2
2:,utex2526_scaffold_15_g234.t1,2
12:,utex2526_scaffold_15_g95.t1,2
3:,utexb3016_scaffold_15_g595.t1,2
0:,utex2526_scaffold_15_g853.t1,2
4:,utexb3016_scaffold_21_g68.t1,2
4:,utexb3016_scaffold_22_g612.t1,2
2:,utex2526_scaffold_23_g93.t1,2
0:,utex2526_scaffold_15_g70.t1,2
2:,utex2526_scaffold_15_g843.t1,2
0:,utex2526_scaffold_14_g19.t1,2
3:,utex395_scaffold_18_g374.t1,2
1:,utex2526_scaffold_23_g92.t1,2
2:,utex2526_scaffold_15_g1181.t1,2
4:,utexb3016_scaffold_22_g665.t1,2
0:,utex2526_scaffold_15_g456.t1,2
2:,utex2526_scaffold_22_g6.t1,2
2:,utex2526_scaffold_15_g73.t1,2
2:,utex2526_scaffold_10_g614.t1,2
0:,utex2526_scaffold_10_g610.t1,2
6:,utex395_scaffold_17_g387.t1,2
0:,utex2526_scaffold_15_g470.t1,2
8:,utex2526_scaffold_15_g91.t1,2
1:,utex395_scaffold_18_g372.t1,2
6:,utex395_scaffold_24_g320.t1,2
1:,utex395_scaffold_18_g414.t1,2
0:,utex2526_scaffold_15_g641.t1,2
2:,utex2526_scaffold_15_g644.t1,2
6:,utex2526_scaffold_14_g321.t1,2
6:,utex2526_scaffold_15_g935.t1,2
2:,utex2526_scaffold_12_g524.t1,2
8:,utex2526_scaffold_15_g468.t1,2
2:,utex2526_scaffold_15_g474.t1,2
3:,utex395_scaffold_2_g14.t1,2
0:,utex2526_scaffold_12_g597.t1,2
1:,utex2526_scaffold_15_g79.t1,2
3:,utexb3016_scaffold_10_g258.t1,2
6:,utex395_scaffold_1_g230.t1,2
2:,utex2526_scaffold_15_g458.t1,2
4:,utexb3016_scaffold_22_g600.t1,2
2:,utex2526_scaffold_15_g930.t1,2
1:,utex2526_scaffold_15_g786.t1,2
0:,utex2526_scaffold_10_g372.t1,2
2:,utex2526_scaffold_12_g261.t1,2
6:,utex2526_scaffold_23_g97.t1,2
0:,utex2526_scaffold_17_g2.t1,2
2:,utex2526_scaffold_10_g500.t1,2
2:,utex2526_scaffold_12_g193.t1,2
1:,utex2526_scaffold_15_g733.t1,2
0:,utex2526_scaffold_15_g928.t1,2
1:,utex2526_scaffold_15_g748.t1,2
12:,utexb3016_scaffold_22_g679.t1,2
0:,utex2526_scaffold_14_g132.t1,2
13:,utex2526_scaffold_15_g425.t1,2
6:,utex2526_scaffold_15_g465.t1,2
0:,utex2526_scaffold_15_g178.t1,2
5:,utex395_scaffold_18_g739.t1,1
5:,utex395_scaffold_18_g252.t1,1
5:,utex395_scaffold_18_g216.t1,1
5:,utex395_scaffold_18_g212.t1,1
5:,utex395_scaffold_18_g695.t1,1
5:,utex395_scaffold_17_g519.t1,1
5:,utex395_scaffold_17_g83.t1,1
5:,utex395_scaffold_17_g655.t1,1
5:,utex395_scaffold_18_g155.t1,1
5:,utex395_scaffold_18_g696.t1,1
5:,utex395_scaffold_18_g131.t1,1
51:,utex395_scaffold_1_g156.t1,1
5:,utex395_scaffold_18_g116.t1,1
5:,utex395_scaffold_17_g713.t1,1
5:,utex395_scaffold_18_g104.t1,1
5:,utex395_scaffold_18_g10.t1,1
5:,utex395_scaffold_18_g73.t1,1
5:,utex395_scaffold_18_g191.t1,1
5:,utex395_scaffold_18_g453.t1,1
5:,utex395_scaffold_18_g282.t1,1
5:,utex395_scaffold_18_g404.t1,1
5:,utex395_scaffold_18_g436.t1,1
5:,utex395_scaffold_18_g462.t1,1
5:,utex395_scaffold_18_g496.t1,1
5:,utex395_scaffold_18_g50.t1,1
5:,utex395_scaffold_18_g427.t1,1
5:,utex395_scaffold_18_g500.t1,1
5:,utex395_scaffold_18_g424.t1,1
5:,utex395_scaffold_17_g51.t1,1
5:,utex395_scaffold_18_g420.t1,1
5:,utex395_scaffold_18_g527.t1,1
50:,utexb3016_scaffold_22_g500.t1,1
5:,utex395_scaffold_18_g384.t1,1
5:,utex395_scaffold_18_g643.t1,1
5:,utex395_scaffold_18_g376.t1,1
5:,utex395_scaffold_18_g369.t1,1
5:,utex395_scaffold_18_g352.t1,1
5:,utex395_scaffold_18_g545.t1,1
5:,utex395_scaffold_18_g320.t1,1
51:,utex2526_scaffold_15_g377.t1,1
5:,utex395_scaffold_18_g562.t1,1
5:,utex395_scaffold_18_g310.t1,1
5:,utex395_scaffold_18_g601.t1,1
5:,utex395_scaffold_18_g639.t1,1
51:,utex395_scaffold_17_g228.t1,1
50:,utexb3016_scaffold_22_g402.t1,1
55:,utexb3016_scaffold_21_g981.t1,1
5:,utex395_scaffold_17_g508.t1,1
5:,utex2526_scaffold_3_g91.t1,1
51:,utexb3016_scaffold_20_g404.t1,1
51:,utexb3016_scaffold_21_g253.t1,1
5:,utex2526_scaffold_3_g61.t1,1
5:,utex2526_scaffold_3_g49.t1,1
5:,utex2526_scaffold_3_g283.t1,1
5:,utex2526_scaffold_3_g280.t1,1
5:,utex2526_scaffold_3_g176.t1,1
5:,utex2526_scaffold_3_g161.t1,1
5:,utex2526_scaffold_3_g16.t1,1
51:,utexb3016_scaffold_21_g972.t1,1
5:,utex2526_scaffold_3_g127.t1,1
5:,utex2526_scaffold_27_g638.t1,1
5:,utex2526_scaffold_27_g562.t1,1
5:,utex2526_scaffold_25_g67.t1,1
51:,utexb3016_scaffold_22_g1259.t1,1
5:,utex2526_scaffold_23_g85.t1,1
5:,utex2526_scaffold_23_g25.t1,1
5:,utex2526_scaffold_23_g112.t1,1
51:,utexb3016_scaffold_22_g211.t1,1
5:,utex2526_scaffold_22_g30.t1,1
5:,utex2526_scaffold_22_g16.t1,1
5:,utex2526_scaffold_22_g11.t1,1
5:,utex2526_scaffold_1_g7.t1,1
5:,utex2526_scaffold_1_g22.t1,1
5:,utex2526_scaffold_19_g13.t1,1
51:,utexb3016_scaffold_22_g406.t1,1
51:,utexb3016_scaffold_22_g504.t1,1
5:,utex2526_scaffold_18_g10.t1,1
5:,utex2526_scaffold_15_g997.t1,1
5:,utex2526_scaffold_3_g7.t1,1
5:,utex2526_scaffold_3_g93.t1,1
5:,utex395_scaffold_17_g492.t1,1
5:,utex2526_scaffold_7_g89.t1,1
5:,utex395_scaffold_17_g462.t1,1
5:,utex395_scaffold_17_g435.t1,1
5:,utex395_scaffold_17_g433.t1,1
5:,utex395_scaffold_17_g428.t1,1
5:,utex395_scaffold_17_g419.t1,1
5:,utex395_scaffold_17_g409.t1,1
5:,utex395_scaffold_17_g386.t1,1
5:,utex395_scaffold_17_g38.t1,1
5:,utex395_scaffold_17_g377.t1,1
5:,utex395_scaffold_17_g329.t1,1
5:,utex395_scaffold_17_g265.t1,1
5:,utex395_scaffold_17_g260.t1,1
5:,utex395_scaffold_17_g253.t1,1
5:,utex395_scaffold_17_g244.t1,1
5:,utex395_scaffold_19_g211.t1,1
5:,utex395_scaffold_17_g210.t1,1
5:,utex395_scaffold_17_g17.t1,1
5:,utex395_scaffold_15_g124.t1,1
5:,utex395_scaffold_13_g80.t1,1
5:,utex395_scaffold_13_g61.t1,1
5:,utex395_scaffold_13_g27.t1,1
51:,utex395_scaffold_20_g294.t1,1
5:,utex395_scaffold_13_g20.t1,1
51:,utex395_scaffold_20_g97.t1,1
51:,utex395_scaffold_25_g421.t1,1
5:,utex395_scaffold_12_g18.t1,1
51:,utexb3016_scaffold_16_g493.t1,1
5:,utex395_scaffold_12_g16.t1,1
5:,utex2526_scaffold_7_g92.t1,1
5:,utex395_scaffold_18_g88.t1,1
5:,utex395_scaffold_1_g315.t1,1
5:,utex395_scaffold_19_g23.t1,1
5:,utex395_scaffold_24_g196.t1,1
5:,utex395_scaffold_24_g546.t1,1
5:,utex395_scaffold_24_g569.t1,1
5:,utex395_scaffold_24_g580.t1,1
5:,utex395_scaffold_24_g598.t1,1
4:,utexb3016_scaffold_7_g291.t1,1
5:,utex395_scaffold_24_g666.t1,1
5:,utex395_scaffold_24_g685.t1,1
5:,utex395_scaffold_24_g704.t1,1
5:,utex395_scaffold_24_g715.t1,1
5:,utex395_scaffold_24_g783.t1,1
5:,utex395_scaffold_24_g838.t1,1
5:,utex395_scaffold_24_g842.t1,1
5:,utex395_scaffold_25_g1005.t1,1
5:,utex395_scaffold_25_g105.t1,1
5:,utex395_scaffold_25_g1130.t1,1
5:,utex395_scaffold_24_g536.t1,1
5:,utex395_scaffold_24_g523.t1,1
5:,utex395_scaffold_24_g474.t1,1
4:,utexb3016_scaffold_7_g381.t1,1
50:,utex2526_scaffold_15_g376.t1,1
5:,utex395_scaffold_24_g267.t1,1
5:,utex395_scaffold_24_g297.t1,1
5:,utex395_scaffold_24_g316.t1,1
4:,utexb3016_scaffold_7_g440.t1,1
5:,utex395_scaffold_24_g354.t1,1
5:,utex395_scaffold_24_g372.t1,1
5:,utex395_scaffold_24_g468.t1,1
4:,utexb3016_scaffold_7_g354.t1,1
5:,utex395_scaffold_24_g383.t1,1
4:,utexb3016_scaffold_7_g316.t1,1
5:,utex395_scaffold_24_g402.t1,1
5:,utex395_scaffold_24_g406.t1,1
5:,utex395_scaffold_24_g423.t1,1
5:,utex395_scaffold_25_g1151.t1,1
5:,utex395_scaffold_25_g1192.t1,1
5:,utex395_scaffold_25_g1196.t1,1
5:,utex395_scaffold_25_g658.t1,1
4:,utexb3016_scaffold_7_g220.t1,1
4:,utexb3016_scaffold_7_g168.t1,1
4:,utexb3016_scaffold_7_g154.t1,1
5:,utex395_scaffold_25_g598.t1,1
4:,utexb3016_scaffold_7_g128.t1,1
5:,utex395_scaffold_25_g625.t1,1
5:,utex395_scaffold_25_g696.t1,1
5:,utex395_scaffold_25_g524.t1,1
4:,utexb3016_scaffold_22_g995.t1,1
5:,utex395_scaffold_25_g71.t1,1
5:,utex395_scaffold_25_g723.t1,1
5:,utex395_scaffold_25_g774.t1,1
4:,utexb3016_scaffold_22_g983.t1,1
5:,utex395_scaffold_25_g796.t1,1
5:,utex395_scaffold_25_g597.t1,1
4:,utexb3016_scaffold_7_g245.t1,1
5:,utex395_scaffold_25_g1250.t1,1
5:,utex395_scaffold_25_g209.t1,1
5:,utex395_scaffold_25_g1318.t1,1
5:,utex395_scaffold_25_g135.t1,1
5:,utex395_scaffold_25_g1356.t1,1
4:,utexb3016_scaffold_7_g289.t1,1
5:,utex395_scaffold_25_g1393.t1,1
5:,utex395_scaffold_25_g168.t1,1
5:,utex395_scaffold_25_g216.t1,1
5:,utex395_scaffold_25_g515.t1,1
5:,utex395_scaffold_25_g265.t1,1
5:,utex395_scaffold_25_g28.t1,1
5:,utex395_scaffold_25_g286.t1,1
5:,utex395_scaffold_25_g319.t1,1
5:,utex395_scaffold_25_g359.t1,1
5:,utex395_scaffold_25_g477.t1,1
5:,utex395_scaffold_24_g244.t1,1
5:,utex395_scaffold_24_g192.t1,1
5:,utex395_scaffold_1_g107.t1,1
5:,utex395_scaffold_24_g122.t1,1
5:,utex395_scaffold_1_g401.t1,1
5:,utex395_scaffold_1_g43.t1,1
5:,utex395_scaffold_1_g436.t1,1
5:,utex395_scaffold_1_g487.t1,1
5:,utex395_scaffold_1_g489.t1,1
5:,utex395_scaffold_1_g72.t1,1
5:,utex395_scaffold_20_g107.t1,1
5:,utex395_scaffold_20_g120.t1,1
50:,utexb3016_scaffold_20_g400.t1,1
5:,utex395_scaffold_20_g13.t1,1
5:,utex395_scaffold_20_g147.t1,1
50:,utexb3016_scaffold_18_g903.t1,1
5:,utex395_scaffold_20_g194.t1,1
5:,utex395_scaffold_20_g267.t1,1
5:,utex395_scaffold_20_g29.t1,1
5:,utex395_scaffold_1_g400.t1,1
5:,utex395_scaffold_1_g389.t1,1
5:,utex395_scaffold_1_g350.t1,1
5:,utex395_scaffold_1_g223.t1,1
50:,utexb3016_scaffold_22_g210.t1,1
5:,utex395_scaffold_1_g108.t1,1
5:,utex395_scaffold_1_g150.t1,1
5:,utex395_scaffold_1_g17.t1,1
5:,utex395_scaffold_1_g185.t1,1
50:,utexb3016_scaffold_22_g1257.t1,1
5:,utex395_scaffold_1_g229.t1,1
50:,utexb3016_scaffold_21_g252.t1,1
5:,utex395_scaffold_1_g23.t1,1
5:,utex395_scaffold_1_g270.t1,1
5:,utex395_scaffold_1_g272.t1,1
5:,utex395_scaffold_1_g28.t1,1
52:,utex2526_scaffold_15_g378.t1,1
50:,utexb3016_scaffold_21_g969.t1,1
5:,utex395_scaffold_20_g377.t1,1
5:,utex395_scaffold_20_g509.t1,1
50:,utexb3016_scaffold_16_g492.t1,1
5:,utex395_scaffold_23_g342.t1,1
50:,utex395_scaffold_1_g155.t1,1
5:,utex395_scaffold_23_g181.t1,1
5:,utex395_scaffold_23_g229.t1,1
5:,utex395_scaffold_23_g247.t1,1
5:,utex395_scaffold_23_g274.t1,1
5:,utex395_scaffold_23_g330.t1,1
5:,utex395_scaffold_23_g432.t1,1
5:,utex395_scaffold_23_g17.t1,1
5:,utex395_scaffold_23_g62.t1,1
50:,utex395_scaffold_17_g222.t1,1
5:,utex395_scaffold_23_g75.t1,1
5:,utex395_scaffold_23_g88.t1,1
5:,utex395_scaffold_24_g101.t1,1
5:,utex395_scaffold_24_g102.t1,1
5:,utex395_scaffold_23_g179.t1,1
50:,utex395_scaffold_20_g292.t1,1
50:,utex395_scaffold_25_g418.t1,1
5:,utex395_scaffold_20_g66.t1,1
50:,utex395_scaffold_20_g96.t1,1
5:,utex395_scaffold_20_g546.t1,1
5:,utex395_scaffold_20_g556.t1,1
5:,utex395_scaffold_20_g571.t1,1
5:,utex395_scaffold_20_g632.t1,1
5:,utex395_scaffold_20_g657.t1,1
5:,utex395_scaffold_20_g697.t1,1
5:,utex395_scaffold_23_g133.t1,1
5:,utex395_scaffold_20_g745.t1,1
5:,utex395_scaffold_20_g780.t1,1
5:,utex395_scaffold_20_g805.t1,1
5:,utex395_scaffold_22_g272.t1,1
5:,utex395_scaffold_22_g299.t1,1
5:,utex395_scaffold_22_g338.t1,1
5:,utex2526_scaffold_15_g968.t1,1
5:,utex2526_scaffold_15_g791.t1,1
5:,utex2526_scaffold_15_g951.t1,1
54:,utex395_scaffold_20_g297.t1,1
5:,utex2526_scaffold_10_g536.t1,1
5:,utex2526_scaffold_10_g543.t1,1
5:,utex2526_scaffold_10_g557.t1,1
5:,utex2526_scaffold_10_g574.t1,1
5:,utex2526_scaffold_10_g575.t1,1
5:,utex2526_scaffold_10_g580.t1,1
5:,utex2526_scaffold_10_g606.t1,1
54:,utex395_scaffold_25_g424.t1,1
5:,utex2526_scaffold_10_g617.t1,1
5:,utex2526_scaffold_10_g625.t1,1
5:,utex2526_scaffold_10_g632.t1,1
54:,utex395_scaffold_20_g113.t1,1
5:,utex2526_scaffold_10_g653.t1,1
5:,utex2526_scaffold_10_g665.t1,1
5:,utex2526_scaffold_10_g505.t1,1
54:,utexb3016_scaffold_16_g498.t1,1
54:,utexb3016_scaffold_20_g407.t1,1
5:,utex2526_scaffold_10_g393.t1,1
59:,utexb3016_scaffold_22_g416.t1,1
59:,utexb3016_scaffold_22_g513.t1,1
5:,utex2526_scaffold_10_g116.t1,1
5:,utex2526_scaffold_10_g150.t1,1
5:,utex2526_scaffold_10_g191.t1,1
5:,utex2526_scaffold_10_g280.t1,1
5:,utex2526_scaffold_10_g394.t1,1
5:,utex2526_scaffold_10_g503.t1,1
5:,utex2526_scaffold_10_g41.t1,1
5:,utex2526_scaffold_10_g418.t1,1
5:,utex2526_scaffold_10_g445.t1,1
5:,utex2526_scaffold_10_g459.t1,1
5:,utex2526_scaffold_10_g464.t1,1
5:,utex2526_scaffold_10_g483.t1,1
5:,utex2526_scaffold_10_g676.t1,1
5:,utex2526_scaffold_10_g69.t1,1
54:,utex395_scaffold_1_g162.t1,1
54:,utex2526_scaffold_15_g380.t1,1
5:,utex2526_scaffold_12_g310.t1,1
5:,utex2526_scaffold_12_g319.t1,1
54:,utex395_scaffold_17_g238.t1,1
5:,utex2526_scaffold_12_g341.t1,1
5:,utex2526_scaffold_12_g343.t1,1
5:,utex2526_scaffold_12_g352.t1,1
5:,utex2526_scaffold_12_g373.t1,1
5:,utex2526_scaffold_10_g82.t1,1
5:,utex2526_scaffold_12_g375.t1,1
5:,utex2526_scaffold_12_g386.t1,1
5:,utex2526_scaffold_12_g439.t1,1
5:,utex2526_scaffold_12_g442.t1,1
5:,utex2526_scaffold_12_g473.t1,1
5:,utex2526_scaffold_12_g518.t1,1
5:,utex2526_scaffold_12_g307.t1,1
5:,utex2526_scaffold_12_g305.t1,1
5:,utex2526_scaffold_12_g277.t1,1
5:,utex2526_scaffold_12_g276.t1,1
5:,utex2526_scaffold_12_g246.t1,1
5:,utex2526_scaffold_12_g242.t1,1
5:,utex2526_scaffold_12_g206.t1,1
5:,utex2526_scaffold_12_g197.t1,1
5:,utex2526_scaffold_12_g190.t1,1
5:,utex2526_scaffold_12_g179.t1,1
5:,utex2526_scaffold_12_g175.t1,1
5:,utex2526_scaffold_12_g146.t1,1
5:,utex2526_scaffold_12_g131.t1,1
5:,utex2526_scaffold_11_g62.t1,1
5:,utex2526_scaffold_11_g45.t1,1
5:,utex2526_scaffold_11_g12.t1,1
5:,utex2526_scaffold_10_g92.t1,1
59:,utexb3016_scaffold_22_g229.t1,1
59:,utexb3016_scaffold_22_g1317.t1,1
5:,utex2526_scaffold_15_g940.t1,1
55:,utex395_scaffold_20_g298.t1,1
56:,utexb3016_scaffold_22_g411.t1,1
56:,utexb3016_scaffold_22_g510.t1,1
57:,utex2526_scaffold_15_g385.t1,1
57:,utex395_scaffold_17_g241.t1,1
55:,utex395_scaffold_25_g425.t1,1
57:,utex395_scaffold_1_g169.t1,1
57:,utex395_scaffold_20_g120.t1,1
56:,utexb3016_scaffold_22_g1297.t1,1
55:,utex395_scaffold_20_g114.t1,1
57:,utex395_scaffold_20_g301.t1,1
57:,utex395_scaffold_25_g430.t1,1
57:,utexb3016_scaffold_16_g501.t1,1
55:,utex395_scaffold_1_g163.t1,1
55:,utex395_scaffold_17_g239.t1,1
56:,utexb3016_scaffold_22_g224.t1,1
56:,utexb3016_scaffold_21_g985.t1,1
59:,utexb3016_scaffold_21_g993.t1,1
56:,utex395_scaffold_1_g164.t1,1
55:,utexb3016_scaffold_22_g220.t1,1
55:,utexb3016_scaffold_22_g410.t1,1
55:,utexb3016_scaffold_22_g508.t1,1
56:,utex2526_scaffold_15_g383.t1,1
56:,utex395_scaffold_17_g240.t1,1
55:,utexb3016_scaffold_21_g271.t1,1
55:,utexb3016_scaffold_20_g418.t1,1
56:,utexb3016_scaffold_21_g272.t1,1
55:,utexb3016_scaffold_16_g499.t1,1
56:,utex395_scaffold_20_g115.t1,1
56:,utex395_scaffold_20_g300.t1,1
56:,utex395_scaffold_25_g428.t1,1
56:,utexb3016_scaffold_16_g500.t1,1
56:,utexb3016_scaffold_20_g419.t1,1
57:,utexb3016_scaffold_20_g420.t1,1
55:,utex2526_scaffold_15_g381.t1,1
57:,utexb3016_scaffold_21_g273.t1,1
59:,utex395_scaffold_20_g306.t1,1
58:,utexb3016_scaffold_22_g512.t1,1
59:,utex2526_scaffold_15_g387.t1,1
59:,utex395_scaffold_17_g252.t1,1
54:,utexb3016_scaffold_22_g409.t1,1
59:,utex395_scaffold_1_g172.t1,1
54:,utexb3016_scaffold_22_g218.t1,1
54:,utexb3016_scaffold_22_g1291.t1,1
57:,utexb3016_scaffold_21_g988.t1,1
54:,utexb3016_scaffold_21_g975.t1,1
59:,utex395_scaffold_25_g433.t1,1
59:,utexb3016_scaffold_16_g505.t1,1
59:,utexb3016_scaffold_20_g426.t1,1
59:,utexb3016_scaffold_21_g295.t1,1
54:,utexb3016_scaffold_21_g270.t1,1
58:,utexb3016_scaffold_22_g414.t1,1
58:,utexb3016_scaffold_22_g228.t1,1
58:,utexb3016_scaffold_22_g1313.t1,1
58:,utexb3016_scaffold_21_g989.t1,1
58:,utexb3016_scaffold_21_g274.t1,1
58:,utexb3016_scaffold_20_g425.t1,1
58:,utexb3016_scaffold_16_g502.t1,1
58:,utex395_scaffold_25_g432.t1,1
58:,utex395_scaffold_20_g304.t1,1
58:,utex395_scaffold_1_g171.t1,1
58:,utex395_scaffold_17_g245.t1,1
58:,utex2526_scaffold_15_g386.t1,1
57:,utexb3016_scaffold_22_g511.t1,1
54:,utexb3016_scaffold_22_g507.t1,1
57:,utexb3016_scaffold_22_g413.t1,1
57:,utexb3016_scaffold_22_g226.t1,1
57:,utexb3016_scaffold_22_g1305.t1,1
5:,utex2526_scaffold_12_g527.t1,1
5:,utex2526_scaffold_12_g528.t1,1
5:,utex2526_scaffold_12_g567.t1,1
5:,utex2526_scaffold_15_g300.t1,1
5:,utex2526_scaffold_15_g235.t1,1
52:,utex395_scaffold_25_g422.t1,1
5:,utex2526_scaffold_15_g237.t1,1
5:,utex2526_scaffold_15_g247.t1,1
5:,utex2526_scaffold_15_g262.t1,1
5:,utex2526_scaffold_15_g285.t1,1
5:,utex2526_scaffold_15_g304.t1,1
5:,utex2526_scaffold_15_g187.t1,1
5:,utex2526_scaffold_15_g316.t1,1
5:,utex2526_scaffold_15_g331.t1,1
5:,utex2526_scaffold_15_g334.t1,1
5:,utex2526_scaffold_15_g405.t1,1
5:,utex2526_scaffold_15_g414.t1,1
52:,utex395_scaffold_20_g295.t1,1
5:,utex2526_scaffold_15_g188.t1,1
52:,utexb3016_scaffold_16_g494.t1,1
5:,utex2526_scaffold_12_g58.t1,1
52:,utexb3016_scaffold_21_g973.t1,1
5:,utex2526_scaffold_15_g1077.t1,1
5:,utex2526_scaffold_15_g1078.t1,1
5:,utex2526_scaffold_15_g1122.t1,1
5:,utex2526_scaffold_15_g1130.t1,1
5:,utex2526_scaffold_15_g1152.t1,1
5:,utex2526_scaffold_15_g1189.t1,1
5:,utex2526_scaffold_15_g1190.t1,1
52:,utexb3016_scaffold_20_g405.t1,1
5:,utex2526_scaffold_15_g1213.t1,1
5:,utex2526_scaffold_15_g124.t1,1
5:,utex2526_scaffold_15_g161.t1,1
5:,utex2526_scaffold_15_g164.t1,1
5:,utex2526_scaffold_15_g174.t1,1
52:,utexb3016_scaffold_21_g254.t1,1
52:,utex395_scaffold_20_g110.t1,1
5:,utex2526_scaffold_15_g469.t1,1
5:,utex2526_scaffold_15_g496.t1,1
5:,utex2526_scaffold_15_g861.t1,1
5:,utex2526_scaffold_15_g800.t1,1
52:,utex395_scaffold_1_g158.t1,1
5:,utex2526_scaffold_15_g830.t1,1
5:,utex2526_scaffold_15_g833.t1,1
5:,utex2526_scaffold_15_g848.t1,1
5:,utex2526_scaffold_15_g850.t1,1
52:,utex395_scaffold_17_g233.t1,1
5:,utex2526_scaffold_15_g508.t1,1
5:,utex2526_scaffold_15_g868.t1,1
5:,utex2526_scaffold_15_g87.t1,1
5:,utex2526_scaffold_15_g88.t1,1
5:,utex2526_scaffold_15_g890.t1,1
5:,utex2526_scaffold_15_g896.t1,1
5:,utex2526_scaffold_15_g926.t1,1
5:,utex2526_scaffold_15_g794.t1,1
55:,utexb3016_scaffold_22_g1292.t1,1
5:,utex2526_scaffold_15_g774.t1,1
5:,utex2526_scaffold_15_g770.t1,1
5:,utex2526_scaffold_15_g755.t1,1
5:,utex2526_scaffold_15_g740.t1,1
5:,utex2526_scaffold_15_g738.t1,1
5:,utex2526_scaffold_15_g726.t1,1
5:,utex2526_scaffold_15_g711.t1,1
5:,utex2526_scaffold_15_g687.t1,1
5:,utex2526_scaffold_15_g648.t1,1
5:,utex2526_scaffold_15_g647.t1,1
5:,utex2526_scaffold_15_g586.t1,1
5:,utex2526_scaffold_15_g584.t1,1
5:,utex2526_scaffold_15_g557.t1,1
5:,utex2526_scaffold_15_g545.t1,1
5:,utex2526_scaffold_15_g541.t1,1
52:,utexb3016_scaffold_22_g1260.t1,1
5:,utex2526_scaffold_15_g1051.t1,1
5:,utex2526_scaffold_15_g1047.t1,1
5:,utex2526_scaffold_14_g151.t1,1
5:,utex2526_scaffold_13_g37.t1,1
5:,utex2526_scaffold_13_g63.t1,1
5:,utex2526_scaffold_13_g89.t1,1
5:,utex2526_scaffold_14_g126.t1,1
5:,utex2526_scaffold_14_g137.t1,1
5:,utex2526_scaffold_14_g138.t1,1
5:,utex2526_scaffold_14_g159.t1,1
53:,utexb3016_scaffold_22_g215.t1,1
5:,utex2526_scaffold_14_g164.t1,1
53:,utexb3016_scaffold_22_g408.t1,1
5:,utex2526_scaffold_14_g166.t1,1
5:,utex2526_scaffold_14_g170.t1,1
5:,utex2526_scaffold_14_g193.t1,1
5:,utex2526_scaffold_14_g197.t1,1
5:,utex2526_scaffold_13_g263.t1,1
5:,utex2526_scaffold_13_g26.t1,1
5:,utex2526_scaffold_13_g226.t1,1
5:,utex2526_scaffold_13_g176.t1,1
5:,utex2526_scaffold_12_g93.t1,1
5:,utex2526_scaffold_12_g80.t1,1
5:,utex2526_scaffold_12_g78.t1,1
5:,utex2526_scaffold_12_g741.t1,1
53:,utexb3016_scaffold_22_g506.t1,1
5:,utex2526_scaffold_12_g735.t1,1
5:,utex2526_scaffold_12_g724.t1,1
5:,utex2526_scaffold_12_g661.t1,1
5:,utex2526_scaffold_12_g627.t1,1
5:,utex2526_scaffold_12_g623.t1,1
5:,utex2526_scaffold_12_g620.t1,1
5:,utex2526_scaffold_12_g604.t1,1
5:,utex2526_scaffold_12_g594.t1,1
5:,utex2526_scaffold_14_g198.t1,1
5:,utex2526_scaffold_14_g240.t1,1
52:,utexb3016_scaffold_22_g214.t1,1
53:,utex395_scaffold_1_g159.t1,1
53:,utex395_scaffold_20_g112.t1,1
5:,utex2526_scaffold_14_g489.t1,1
5:,utex2526_scaffold_14_g492.t1,1
5:,utex2526_scaffold_14_g519.t1,1
5:,utex2526_scaffold_14_g538.t1,1
5:,utex2526_scaffold_14_g60.t1,1
5:,utex2526_scaffold_14_g62.t1,1
5:,utex2526_scaffold_14_g251.t1,1
53:,utex395_scaffold_17_g237.t1,1
5:,utex2526_scaffold_14_g82.t1,1
5:,utex2526_scaffold_15_g1013.t1,1
53:,utex2526_scaffold_15_g379.t1,1
52:,utexb3016_scaffold_22_g505.t1,1
52:,utexb3016_scaffold_22_g407.t1,1
53:,utex395_scaffold_20_g296.t1,1
5:,utex2526_scaffold_14_g448.t1,1
53:,utex395_scaffold_25_g423.t1,1
5:,utex2526_scaffold_14_g407.t1,1
5:,utex395_scaffold_25_g806.t1,1
5:,utex2526_scaffold_14_g386.t1,1
5:,utex2526_scaffold_14_g368.t1,1
53:,utexb3016_scaffold_16_g496.t1,1
5:,utex2526_scaffold_14_g35.t1,1
5:,utex2526_scaffold_14_g317.t1,1
53:,utexb3016_scaffold_20_g406.t1,1
5:,utex2526_scaffold_14_g316.t1,1
5:,utex2526_scaffold_14_g282.t1,1
53:,utexb3016_scaffold_21_g264.t1,1
53:,utexb3016_scaffold_21_g974.t1,1
5:,utex2526_scaffold_14_g267.t1,1
53:,utexb3016_scaffold_22_g1281.t1,1
5:,utex2526_scaffold_14_g399.t1,1
0:,utex2526_scaffold_10_g176.t1,1
5:,utex395_scaffold_25_g831.t1,1
66:,utexb3016_scaffold_22_g429.t1,1
66:,utex395_scaffold_20_g313.t1,1
66:,utex395_scaffold_25_g441.t1,1
66:,utexb3016_scaffold_20_g433.t1,1
66:,utexb3016_scaffold_21_g1030.t1,1
66:,utexb3016_scaffold_21_g311.t1,1
66:,utexb3016_scaffold_22_g1339.t1,1
66:,utexb3016_scaffold_22_g256.t1,1
66:,utexb3016_scaffold_22_g526.t1,1
66:,utex395_scaffold_17_g285.t1,1
67:,utex395_scaffold_17_g289.t1,1
67:,utex395_scaffold_1_g184.t1,1
67:,utex395_scaffold_20_g314.t1,1
67:,utex395_scaffold_25_g443.t1,1
67:,utexb3016_scaffold_20_g434.t1,1
67:,utexb3016_scaffold_21_g1033.t1,1
67:,utexb3016_scaffold_21_g312.t1,1
66:,utex395_scaffold_1_g182.t1,1
65:,utexb3016_scaffold_22_g525.t1,1
67:,utexb3016_scaffold_22_g265.t1,1
65:,utex395_scaffold_1_g181.t1,1
64:,utexb3016_scaffold_20_g431.t1,1
64:,utexb3016_scaffold_21_g1025.t1,1
64:,utexb3016_scaffold_21_g309.t1,1
64:,utexb3016_scaffold_22_g1332.t1,1
64:,utexb3016_scaffold_22_g425.t1,1
64:,utexb3016_scaffold_22_g523.t1,1
65:,utex395_scaffold_17_g278.t1,1
65:,utex395_scaffold_20_g312.t1,1
65:,utexb3016_scaffold_22_g428.t1,1
65:,utex395_scaffold_25_g439.t1,1
65:,utexb3016_scaffold_16_g525.t1,1
65:,utexb3016_scaffold_20_g432.t1,1
65:,utexb3016_scaffold_21_g1026.t1,1
65:,utexb3016_scaffold_21_g310.t1,1
65:,utexb3016_scaffold_22_g1337.t1,1
65:,utexb3016_scaffold_22_g244.t1,1
67:,utexb3016_scaffold_22_g1342.t1,1
67:,utexb3016_scaffold_22_g432.t1,1
5:,utexb3016_scaffold_22_g815.t1,1
6:,utex2526_scaffold_10_g419.t1,1
69:,utexb3016_scaffold_22_g529.t1,1
6:,utex2526_scaffold_10_g117.t1,1
6:,utex2526_scaffold_10_g155.t1,1
6:,utex2526_scaffold_10_g192.t1,1
6:,utex2526_scaffold_10_g285.t1,1
6:,utex2526_scaffold_10_g397.t1,1
6:,utex2526_scaffold_10_g399.t1,1
6:,utex2526_scaffold_10_g44.t1,1
69:,utexb3016_scaffold_22_g1344.t1,1
6:,utex2526_scaffold_10_g447.t1,1
6:,utex2526_scaffold_10_g465.t1,1
6:,utex2526_scaffold_10_g466.t1,1
6:,utex2526_scaffold_10_g498.t1,1
6:,utex2526_scaffold_10_g505.t1,1
6:,utex2526_scaffold_10_g522.t1,1
6:,utex2526_scaffold_10_g541.t1,1
69:,utexb3016_scaffold_22_g434.t1,1
69:,utexb3016_scaffold_21_g318.t1,1
67:,utexb3016_scaffold_22_g527.t1,1
68:,utexb3016_scaffold_22_g1343.t1,1
68:,utex395_scaffold_17_g294.t1,1
68:,utex395_scaffold_1_g185.t1,1
68:,utex395_scaffold_20_g315.t1,1
68:,utex395_scaffold_25_g444.t1,1
68:,utexb3016_scaffold_20_g435.t1,1
68:,utexb3016_scaffold_21_g1034.t1,1
68:,utexb3016_scaffold_21_g314.t1,1
68:,utexb3016_scaffold_22_g278.t1,1
69:,utexb3016_scaffold_21_g1035.t1,1
68:,utexb3016_scaffold_22_g433.t1,1
68:,utexb3016_scaffold_22_g528.t1,1
69:,utex395_scaffold_17_g297.t1,1
69:,utex395_scaffold_1_g186.t1,1
69:,utex395_scaffold_20_g316.t1,1
69:,utex395_scaffold_25_g445.t1,1
69:,utexb3016_scaffold_20_g436.t1,1
64:,utexb3016_scaffold_16_g516.t1,1
64:,utex395_scaffold_25_g438.t1,1
64:,utex395_scaffold_22_g348.t1,1
60:,utexb3016_scaffold_16_g506.t1,1
5:,utexb3016_scaffold_7_g398.t1,1
5:,utexb3016_scaffold_7_g443.t1,1
60:,utex2526_scaffold_15_g388.t1,1
60:,utex395_scaffold_17_g255.t1,1
60:,utex395_scaffold_1_g174.t1,1
60:,utex395_scaffold_20_g307.t1,1
60:,utex395_scaffold_25_g434.t1,1
60:,utexb3016_scaffold_20_g427.t1,1
5:,utexb3016_scaffold_7_g317.t1,1
60:,utexb3016_scaffold_21_g298.t1,1
60:,utexb3016_scaffold_21_g998.t1,1
60:,utexb3016_scaffold_22_g1318.t1,1
60:,utexb3016_scaffold_22_g230.t1,1
60:,utexb3016_scaffold_22_g417.t1,1
60:,utexb3016_scaffold_22_g515.t1,1
61:,utex2526_scaffold_15_g394.t1,1
5:,utexb3016_scaffold_7_g356.t1,1
5:,utexb3016_scaffold_7_g297.t1,1
64:,utex395_scaffold_20_g311.t1,1
5:,utexb3016_scaffold_22_g963.t1,1
5:,utexb3016_scaffold_22_g867.t1,1
5:,utexb3016_scaffold_22_g869.t1,1
5:,utexb3016_scaffold_22_g890.t1,1
5:,utexb3016_scaffold_22_g923.t1,1
5:,utexb3016_scaffold_22_g931.t1,1
5:,utexb3016_scaffold_22_g937.t1,1
5:,utexb3016_scaffold_22_g957.t1,1
5:,utexb3016_scaffold_22_g970.t1,1
5:,utexb3016_scaffold_7_g290.t1,1
5:,utexb3016_scaffold_22_g984.t1,1
5:,utexb3016_scaffold_22_g996.t1,1
5:,utexb3016_scaffold_7_g131.t1,1
5:,utexb3016_scaffold_7_g155.t1,1
5:,utexb3016_scaffold_7_g181.t1,1
5:,utexb3016_scaffold_7_g221.t1,1
5:,utexb3016_scaffold_7_g257.t1,1
61:,utex395_scaffold_17_g266.t1,1
61:,utex395_scaffold_1_g175.t1,1
61:,utex395_scaffold_20_g308.t1,1
63:,utexb3016_scaffold_20_g429.t1,1
62:,utexb3016_scaffold_22_g419.t1,1
62:,utexb3016_scaffold_22_g519.t1,1
63:,utex395_scaffold_17_g272.t1,1
63:,utex395_scaffold_1_g177.t1,1
63:,utex395_scaffold_20_g310.t1,1
63:,utex395_scaffold_25_g437.t1,1
63:,utexb3016_scaffold_16_g515.t1,1
63:,utexb3016_scaffold_21_g1023.t1,1
61:,utex395_scaffold_25_g435.t1,1
63:,utexb3016_scaffold_21_g308.t1,1
63:,utexb3016_scaffold_22_g1331.t1,1
63:,utexb3016_scaffold_22_g238.t1,1
63:,utexb3016_scaffold_22_g420.t1,1
63:,utexb3016_scaffold_22_g521.t1,1
64:,utex395_scaffold_17_g277.t1,1
64:,utex395_scaffold_1_g180.t1,1
62:,utexb3016_scaffold_22_g234.t1,1
62:,utexb3016_scaffold_22_g1324.t1,1
62:,utexb3016_scaffold_21_g304.t1,1
62:,utexb3016_scaffold_21_g1004.t1,1
61:,utexb3016_scaffold_16_g508.t1,1
61:,utexb3016_scaffold_20_g428.t1,1
61:,utexb3016_scaffold_21_g1003.t1,1
61:,utexb3016_scaffold_21_g301.t1,1
61:,utexb3016_scaffold_22_g1320.t1,1
61:,utexb3016_scaffold_22_g232.t1,1
61:,utexb3016_scaffold_22_g418.t1,1
61:,utexb3016_scaffold_22_g517.t1,1
62:,utex2526_scaffold_15_g395.t1,1
62:,utex395_scaffold_17_g270.t1,1
62:,utex395_scaffold_1_g176.t1,1
62:,utex395_scaffold_20_g309.t1,1
62:,utex395_scaffold_20_g595.t1,1
62:,utex395_scaffold_25_g436.t1,1
62:,utexb3016_scaffold_16_g514.t1,1
6:,utex2526_scaffold_10_g577.t1,1
6:,utex2526_scaffold_10_g580.t1,1
6:,utex2526_scaffold_10_g593.t1,1
6:,utex2526_scaffold_15_g415.t1,1
6:,utex2526_scaffold_15_g249.t1,1
6:,utex2526_scaffold_15_g264.t1,1
6:,utex2526_scaffold_15_g301.t1,1
6:,utex2526_scaffold_15_g317.t1,1
6:,utex2526_scaffold_15_g332.t1,1
6:,utex2526_scaffold_15_g335.t1,1
6:,utex2526_scaffold_15_g410.t1,1
6:,utex2526_scaffold_15_g486.t1,1
6:,utex2526_scaffold_15_g236.t1,1
6:,utex2526_scaffold_15_g488.t1,1
6:,utex2526_scaffold_15_g499.t1,1
6:,utex2526_scaffold_15_g516.t1,1
6:,utex2526_scaffold_15_g542.t1,1
6:,utex2526_scaffold_15_g546.t1,1
6:,utex2526_scaffold_15_g558.t1,1
6:,utex2526_scaffold_15_g585.t1,1
6:,utex2526_scaffold_15_g240.t1,1
6:,utex2526_scaffold_15_g189.t1,1
6:,utex2526_scaffold_14_g95.t1,1
6:,utex2526_scaffold_15_g1128.t1,1
6:,utex2526_scaffold_15_g1014.t1,1
6:,utex2526_scaffold_15_g1030.t1,1
6:,utex2526_scaffold_15_g1031.t1,1
6:,utex2526_scaffold_15_g1049.t1,1
6:,utex2526_scaffold_15_g1052.t1,1
6:,utex2526_scaffold_15_g1078.t1,1
6:,utex2526_scaffold_15_g1081.t1,1
6:,utex2526_scaffold_15_g1131.t1,1
6:,utex2526_scaffold_15_g188.t1,1
6:,utex2526_scaffold_15_g1157.t1,1
6:,utex2526_scaffold_15_g1190.t1,1
6:,utex2526_scaffold_15_g1191.t1,1
6:,utex2526_scaffold_15_g125.t1,1
6:,utex2526_scaffold_15_g164.t1,1
6:,utex2526_scaffold_15_g166.t1,1
6:,utex2526_scaffold_15_g177.t1,1
6:,utex2526_scaffold_15_g587.t1,1
6:,utex2526_scaffold_15_g648.t1,1
6:,utex2526_scaffold_15_g655.t1,1
6:,utex2526_scaffold_22_g34.t1,1
6:,utex2526_scaffold_15_g939.t1,1
6:,utex2526_scaffold_15_g952.t1,1
6:,utex2526_scaffold_18_g11.t1,1
6:,utex2526_scaffold_19_g16.t1,1
6:,utex2526_scaffold_1_g8.t1,1
6:,utex2526_scaffold_22_g12.t1,1
6:,utex2526_scaffold_22_g27.t1,1
6:,utex2526_scaffold_23_g29.t1,1
6:,utex2526_scaffold_15_g689.t1,1
6:,utex2526_scaffold_25_g75.t1,1
6:,utex2526_scaffold_27_g569.t1,1
6:,utex2526_scaffold_27_g640.t1,1
6:,utex2526_scaffold_3_g128.t1,1
6:,utex2526_scaffold_3_g165.t1,1
6:,utex2526_scaffold_3_g17.t1,1
6:,utex2526_scaffold_3_g180.t1,1
6:,utex2526_scaffold_15_g898.t1,1
6:,utex2526_scaffold_15_g891.t1,1
6:,utex2526_scaffold_15_g89.t1,1
6:,utex2526_scaffold_15_g88.t1,1
6:,utex2526_scaffold_15_g712.t1,1
6:,utex2526_scaffold_15_g727.t1,1
6:,utex2526_scaffold_15_g740.t1,1
6:,utex2526_scaffold_15_g741.t1,1
6:,utex2526_scaffold_15_g764.t1,1
6:,utex2526_scaffold_15_g772.t1,1
6:,utex2526_scaffold_15_g775.t1,1
6:,utex2526_scaffold_15_g792.t1,1
6:,utex2526_scaffold_15_g795.t1,1
6:,utex2526_scaffold_15_g801.t1,1
6:,utex2526_scaffold_15_g831.t1,1
6:,utex2526_scaffold_15_g836.t1,1
6:,utex2526_scaffold_15_g850.t1,1
6:,utex2526_scaffold_15_g865.t1,1
6:,utex2526_scaffold_15_g870.t1,1
6:,utex2526_scaffold_15_g1000.t1,1
6:,utex2526_scaffold_14_g61.t1,1
6:,utex2526_scaffold_10_g616.t1,1
6:,utex2526_scaffold_12_g377.t1,1
6:,utex2526_scaffold_12_g308.t1,1
6:,utex2526_scaffold_12_g315.t1,1
6:,utex2526_scaffold_12_g320.t1,1
6:,utex2526_scaffold_12_g342.t1,1
6:,utex2526_scaffold_12_g347.t1,1
6:,utex2526_scaffold_12_g353.t1,1
6:,utex2526_scaffold_12_g374.t1,1
6:,utex2526_scaffold_12_g443.t1,1
6:,utex2526_scaffold_12_g277.t1,1
6:,utex2526_scaffold_12_g446.t1,1
6:,utex2526_scaffold_12_g474.t1,1
6:,utex2526_scaffold_12_g529.t1,1
6:,utex2526_scaffold_12_g530.t1,1
6:,utex2526_scaffold_12_g605.t1,1
6:,utex2526_scaffold_12_g61.t1,1
6:,utex2526_scaffold_12_g624.t1,1
6:,utex2526_scaffold_12_g282.t1,1
6:,utex2526_scaffold_12_g247.t1,1
6:,utex2526_scaffold_14_g545.t1,1
6:,utex2526_scaffold_11_g46.t1,1
6:,utex2526_scaffold_10_g621.t1,1
6:,utex2526_scaffold_10_g633.t1,1
6:,utex2526_scaffold_10_g664.t1,1
6:,utex2526_scaffold_10_g667.t1,1
6:,utex2526_scaffold_10_g70.t1,1
6:,utex2526_scaffold_10_g84.t1,1
6:,utex2526_scaffold_11_g13.t1,1
6:,utex2526_scaffold_11_g64.t1,1
6:,utex2526_scaffold_12_g245.t1,1
6:,utex2526_scaffold_12_g136.t1,1
6:,utex2526_scaffold_12_g148.t1,1
6:,utex2526_scaffold_12_g176.t1,1
6:,utex2526_scaffold_12_g180.t1,1
6:,utex2526_scaffold_12_g198.t1,1
6:,utex2526_scaffold_12_g206.t1,1
6:,utex2526_scaffold_12_g219.t1,1
6:,utex2526_scaffold_12_g632.t1,1
6:,utex2526_scaffold_12_g635.t1,1
6:,utex2526_scaffold_12_g664.t1,1
6:,utex2526_scaffold_14_g406.t1,1
6:,utex2526_scaffold_14_g214.t1,1
6:,utex2526_scaffold_14_g252.t1,1
6:,utex2526_scaffold_14_g280.t1,1
6:,utex2526_scaffold_14_g283.t1,1
6:,utex2526_scaffold_14_g285.t1,1
6:,utex2526_scaffold_14_g369.t1,1
6:,utex2526_scaffold_14_g391.t1,1
6:,utex2526_scaffold_14_g420.t1,1
6:,utex2526_scaffold_12_g736.t1,1
6:,utex2526_scaffold_14_g465.t1,1
6:,utex2526_scaffold_14_g47.t1,1
6:,utex2526_scaffold_14_g48.t1,1
6:,utex2526_scaffold_14_g490.t1,1
6:,utex2526_scaffold_14_g493.t1,1
6:,utex2526_scaffold_14_g51.t1,1
6:,utex2526_scaffold_14_g522.t1,1
6:,utex2526_scaffold_14_g204.t1,1
6:,utex2526_scaffold_14_g198.t1,1
6:,utex2526_scaffold_14_g172.t1,1
6:,utex2526_scaffold_14_g167.t1,1
6:,utex2526_scaffold_12_g80.t1,1
6:,utex2526_scaffold_12_g82.t1,1
6:,utex2526_scaffold_12_g94.t1,1
6:,utex2526_scaffold_13_g123.t1,1
6:,utex2526_scaffold_13_g177.t1,1
6:,utex2526_scaffold_13_g228.t1,1
6:,utex2526_scaffold_13_g268.t1,1
6:,utex2526_scaffold_13_g39.t1,1
6:,utex2526_scaffold_13_g64.t1,1
6:,utex2526_scaffold_13_g96.t1,1
6:,utex2526_scaffold_14_g127.t1,1
6:,utex2526_scaffold_14_g138.t1,1
6:,utex2526_scaffold_14_g141.t1,1
6:,utex2526_scaffold_14_g160.t1,1
6:,utex2526_scaffold_14_g165.t1,1
5:,utexb3016_scaffold_22_g863.t1,1
5:,utexb3016_scaffold_22_g799.t1,1
5:,utex395_scaffold_25_g860.t1,1
5:,utexb3016_scaffold_15_g522.t1,1
5:,utexb3016_scaffold_15_g271.t1,1
5:,utexb3016_scaffold_15_g290.t1,1
5:,utexb3016_scaffold_15_g301.t1,1
5:,utexb3016_scaffold_15_g333.t1,1
5:,utexb3016_scaffold_15_g412.t1,1
5:,utexb3016_scaffold_15_g420.t1,1
5:,utexb3016_scaffold_15_g424.t1,1
5:,utexb3016_scaffold_15_g584.t1,1
5:,utexb3016_scaffold_14_g98.t1,1
5:,utexb3016_scaffold_15_g609.t1,1
5:,utexb3016_scaffold_15_g675.t1,1
5:,utexb3016_scaffold_15_g689.t1,1
5:,utexb3016_scaffold_15_g690.t1,1
5:,utexb3016_scaffold_15_g724.t1,1
5:,utexb3016_scaffold_15_g736.t1,1
5:,utexb3016_scaffold_15_g752.t1,1
5:,utexb3016_scaffold_15_g145.t1,1
5:,utexb3016_scaffold_14_g75.t1,1
5:,utexb3016_scaffold_16_g139.t1,1
5:,utexb3016_scaffold_13_g45.t1,1
5:,utexb3016_scaffold_12_g702.t1,1
5:,utexb3016_scaffold_12_g754.t1,1
5:,utexb3016_scaffold_12_g87.t1,1
5:,utexb3016_scaffold_13_g187.t1,1
5:,utexb3016_scaffold_13_g198.t1,1
5:,utexb3016_scaffold_13_g265.t1,1
5:,utexb3016_scaffold_13_g266.t1,1
5:,utexb3016_scaffold_13_g7.t1,1
5:,utexb3016_scaffold_14_g46.t1,1
5:,utexb3016_scaffold_13_g80.t1,1
5:,utexb3016_scaffold_13_g9.t1,1
5:,utexb3016_scaffold_13_g93.t1,1
5:,utexb3016_scaffold_14_g108.t1,1
5:,utexb3016_scaffold_14_g143.t1,1
5:,utexb3016_scaffold_14_g161.t1,1
5:,utexb3016_scaffold_14_g211.t1,1
5:,utexb3016_scaffold_16_g109.t1,1
5:,utexb3016_scaffold_16_g176.t1,1
5:,utexb3016_scaffold_22_g796.t1,1
5:,utexb3016_scaffold_17_g259.t1,1
5:,utexb3016_scaffold_17_g129.t1,1
5:,utexb3016_scaffold_17_g18.t1,1
5:,utexb3016_scaffold_17_g181.t1,1
5:,utexb3016_scaffold_17_g204.t1,1
5:,utexb3016_scaffold_17_g215.t1,1
5:,utexb3016_scaffold_17_g236.t1,1
5:,utexb3016_scaffold_17_g237.t1,1
5:,utexb3016_scaffold_17_g268.t1,1
5:,utexb3016_scaffold_16_g862.t1,1
5:,utexb3016_scaffold_17_g297.t1,1
5:,utexb3016_scaffold_17_g313.t1,1
5:,utexb3016_scaffold_17_g349.t1,1
5:,utexb3016_scaffold_17_g375.t1,1
5:,utexb3016_scaffold_17_g393.t1,1
5:,utexb3016_scaffold_17_g420.t1,1
5:,utexb3016_scaffold_17_g424.t1,1
5:,utexb3016_scaffold_16_g988.t1,1
5:,utexb3016_scaffold_16_g814.t1,1
5:,utexb3016_scaffold_16_g201.t1,1
5:,utexb3016_scaffold_16_g533.t1,1
5:,utexb3016_scaffold_16_g218.t1,1
5:,utexb3016_scaffold_16_g22.t1,1
5:,utexb3016_scaffold_16_g293.t1,1
5:,utexb3016_scaffold_16_g361.t1,1
5:,utexb3016_scaffold_16_g377.t1,1
5:,utexb3016_scaffold_16_g472.t1,1
5:,utexb3016_scaffold_16_g52.t1,1
5:,utexb3016_scaffold_16_g562.t1,1
5:,utexb3016_scaffold_16_g793.t1,1
5:,utexb3016_scaffold_16_g580.t1,1
5:,utexb3016_scaffold_16_g606.t1,1
5:,utexb3016_scaffold_16_g633.t1,1
5:,utexb3016_scaffold_16_g691.t1,1
5:,utexb3016_scaffold_16_g701.t1,1
5:,utexb3016_scaffold_16_g723.t1,1
5:,utexb3016_scaffold_16_g78.t1,1
5:,utexb3016_scaffold_12_g595.t1,1
5:,utexb3016_scaffold_12_g555.t1,1
5:,utexb3016_scaffold_12_g520.t1,1
5:,utex395_scaffold_2_g409.t1,1
5:,utex395_scaffold_2_g32.t1,1
5:,utex395_scaffold_2_g325.t1,1
5:,utex395_scaffold_2_g332.t1,1
5:,utex395_scaffold_2_g345.t1,1
5:,utex395_scaffold_2_g362.t1,1
5:,utex395_scaffold_2_g387.t1,1
5:,utex395_scaffold_2_g393.t1,1
5:,utex395_scaffold_2_g440.t1,1
5:,utex395_scaffold_2_g288.t1,1
5:,utex395_scaffold_2_g507.t1,1
5:,utex395_scaffold_2_g60.t1,1
5:,utex395_scaffold_3_g115.t1,1
5:,utex395_scaffold_3_g154.t1,1
5:,utex395_scaffold_4_g10.t1,1
5:,utex395_scaffold_4_g231.t1,1
5:,utex395_scaffold_4_g410.t1,1
5:,utex395_scaffold_2_g295.t1,1
5:,utex395_scaffold_2_g281.t1,1
5:,utexb3016_scaffold_12_g491.t1,1
5:,utex395_scaffold_2_g147.t1,1
5:,utex395_scaffold_25_g888.t1,1
5:,utex395_scaffold_25_g907.t1,1
5:,utex395_scaffold_25_g921.t1,1
5:,utex395_scaffold_25_g941.t1,1
5:,utex395_scaffold_25_g994.t1,1
5:,utex395_scaffold_2_g112.t1,1
5:,utex395_scaffold_2_g132.t1,1
5:,utex395_scaffold_2_g170.t1,1
5:,utex395_scaffold_2_g271.t1,1
5:,utex395_scaffold_2_g198.t1,1
5:,utex395_scaffold_2_g20.t1,1
5:,utex395_scaffold_2_g215.t1,1
5:,utex395_scaffold_2_g216.t1,1
5:,utex395_scaffold_2_g23.t1,1
5:,utex395_scaffold_2_g252.t1,1
5:,utex395_scaffold_2_g266.t1,1
5:,utex395_scaffold_4_g474.t1,1
5:,utex395_scaffold_4_g496.t1,1
5:,utex395_scaffold_4_g531.t1,1
5:,utexb3016_scaffold_12_g150.t1,1
5:,utexb3016_scaffold_10_g700.t1,1
5:,utexb3016_scaffold_10_g720.t1,1
5:,utexb3016_scaffold_10_g752.t1,1
5:,utexb3016_scaffold_10_g783.t1,1
5:,utexb3016_scaffold_10_g784.t1,1
5:,utexb3016_scaffold_12_g129.t1,1
4:,utexb3016_scaffold_22_g969.t1,1
5:,utexb3016_scaffold_12_g171.t1,1
5:,utexb3016_scaffold_10_g12.t1,1
5:,utexb3016_scaffold_12_g214.t1,1
5:,utexb3016_scaffold_12_g255.t1,1
5:,utexb3016_scaffold_12_g278.t1,1
5:,utexb3016_scaffold_12_g29.t1,1
5:,utexb3016_scaffold_12_g299.t1,1
5:,utexb3016_scaffold_12_g400.t1,1
5:,utexb3016_scaffold_12_g416.t1,1
5:,utexb3016_scaffold_10_g660.t1,1
5:,utexb3016_scaffold_10_g605.t1,1
5:,utexb3016_scaffold_10_g59.t1,1
5:,utexb3016_scaffold_10_g533.t1,1
5:,utexb3016_scaffold_10_g167.t1,1
5:,utexb3016_scaffold_10_g231.t1,1
5:,utexb3016_scaffold_10_g233.t1,1
5:,utexb3016_scaffold_10_g257.t1,1
5:,utexb3016_scaffold_10_g258.t1,1
5:,utexb3016_scaffold_10_g262.t1,1
5:,utexb3016_scaffold_10_g266.t1,1
5:,utexb3016_scaffold_10_g297.t1,1
5:,utexb3016_scaffold_10_g312.t1,1
5:,utexb3016_scaffold_10_g329.t1,1
5:,utexb3016_scaffold_10_g348.t1,1
5:,utexb3016_scaffold_10_g449.t1,1
5:,utexb3016_scaffold_10_g47.t1,1
5:,utexb3016_scaffold_10_g475.t1,1
5:,utexb3016_scaffold_10_g480.t1,1
5:,utexb3016_scaffold_17_g453.t1,1
5:,utexb3016_scaffold_17_g511.t1,1
5:,utexb3016_scaffold_17_g513.t1,1
5:,utexb3016_scaffold_21_g939.t1,1
5:,utexb3016_scaffold_21_g842.t1,1
5:,utexb3016_scaffold_21_g843.t1,1
5:,utexb3016_scaffold_21_g851.t1,1
5:,utexb3016_scaffold_21_g864.t1,1
5:,utexb3016_scaffold_21_g895.t1,1
5:,utexb3016_scaffold_21_g91.t1,1
5:,utexb3016_scaffold_21_g920.t1,1
5:,utexb3016_scaffold_21_g943.t1,1
5:,utexb3016_scaffold_21_g800.t1,1
5:,utexb3016_scaffold_21_g95.t1,1
5:,utexb3016_scaffold_21_g962.t1,1
5:,utexb3016_scaffold_21_g97.t1,1
5:,utexb3016_scaffold_21_g974.t1,1
5:,utexb3016_scaffold_22_g1027.t1,1
5:,utexb3016_scaffold_22_g1050.t1,1
5:,utexb3016_scaffold_22_g1060.t1,1
5:,utexb3016_scaffold_21_g808.t1,1
5:,utexb3016_scaffold_21_g773.t1,1
5:,utexb3016_scaffold_21_g25.t1,1
5:,utexb3016_scaffold_21_g488.t1,1
5:,utexb3016_scaffold_21_g283.t1,1
5:,utexb3016_scaffold_21_g285.t1,1
5:,utexb3016_scaffold_21_g310.t1,1
5:,utexb3016_scaffold_21_g324.t1,1
5:,utexb3016_scaffold_21_g345.t1,1
5:,utexb3016_scaffold_21_g394.t1,1
5:,utexb3016_scaffold_21_g404.t1,1
5:,utexb3016_scaffold_21_g564.t1,1
5:,utexb3016_scaffold_21_g75.t1,1
5:,utexb3016_scaffold_21_g568.t1,1
5:,utexb3016_scaffold_21_g592.t1,1
5:,utexb3016_scaffold_21_g674.t1,1
5:,utexb3016_scaffold_21_g728.t1,1
5:,utexb3016_scaffold_21_g73.t1,1
5:,utexb3016_scaffold_21_g733.t1,1
5:,utexb3016_scaffold_21_g737.t1,1
5:,utexb3016_scaffold_22_g1079.t1,1
5:,utexb3016_scaffold_22_g1080.t1,1
5:,utexb3016_scaffold_22_g1105.t1,1
5:,utexb3016_scaffold_22_g63.t1,1
5:,utexb3016_scaffold_22_g400.t1,1
5:,utexb3016_scaffold_22_g433.t1,1
5:,utexb3016_scaffold_22_g495.t1,1
5:,utexb3016_scaffold_22_g524.t1,1
5:,utexb3016_scaffold_22_g571.t1,1
5:,utexb3016_scaffold_22_g579.t1,1
5:,utexb3016_scaffold_22_g622.t1,1
5:,utexb3016_scaffold_22_g636.t1,1
5:,utexb3016_scaffold_22_g1106.t1,1
5:,utexb3016_scaffold_22_g641.t1,1
5:,utexb3016_scaffold_22_g650.t1,1
5:,utexb3016_scaffold_22_g661.t1,1
5:,utexb3016_scaffold_22_g663.t1,1
5:,utexb3016_scaffold_22_g727.t1,1
5:,utexb3016_scaffold_22_g731.t1,1
5:,utexb3016_scaffold_22_g779.t1,1
5:,utexb3016_scaffold_22_g374.t1,1
5:,utexb3016_scaffold_22_g332.t1,1
5:,utexb3016_scaffold_22_g302.t1,1
5:,utexb3016_scaffold_22_g298.t1,1
5:,utexb3016_scaffold_22_g1136.t1,1
5:,utexb3016_scaffold_22_g1169.t1,1
5:,utexb3016_scaffold_22_g1227.t1,1
5:,utexb3016_scaffold_22_g1246.t1,1
5:,utexb3016_scaffold_22_g1247.t1,1
5:,utexb3016_scaffold_22_g1287.t1,1
5:,utexb3016_scaffold_22_g1346.t1,1
5:,utexb3016_scaffold_22_g1361.t1,1
5:,utexb3016_scaffold_22_g1371.t1,1
5:,utexb3016_scaffold_22_g1497.t1,1
5:,utexb3016_scaffold_22_g228.t1,1
5:,utexb3016_scaffold_22_g236.t1,1
5:,utexb3016_scaffold_22_g246.t1,1
5:,utexb3016_scaffold_22_g251.t1,1
5:,utexb3016_scaffold_22_g281.t1,1
5:,utexb3016_scaffold_21_g258.t1,1
5:,utexb3016_scaffold_21_g223.t1,1
5:,utexb3016_scaffold_17_g525.t1,1
5:,utexb3016_scaffold_18_g321.t1,1
5:,utexb3016_scaffold_17_g875.t1,1
5:,utexb3016_scaffold_17_g897.t1,1
5:,utexb3016_scaffold_17_g920.t1,1
5:,utexb3016_scaffold_18_g126.t1,1
5:,utexb3016_scaffold_18_g201.t1,1
5:,utexb3016_scaffold_18_g228.t1,1
5:,utexb3016_scaffold_18_g255.t1,1
5:,utexb3016_scaffold_18_g393.t1,1
5:,utexb3016_scaffold_17_g840.t1,1
5:,utexb3016_scaffold_18_g460.t1,1
5:,utexb3016_scaffold_18_g49.t1,1
5:,utexb3016_scaffold_18_g609.t1,1
5:,utexb3016_scaffold_18_g630.t1,1
5:,utexb3016_scaffold_18_g664.t1,1
5:,utexb3016_scaffold_18_g728.t1,1
5:,utexb3016_scaffold_18_g749.t1,1
5:,utexb3016_scaffold_17_g868.t1,1
5:,utexb3016_scaffold_17_g830.t1,1
5:,utexb3016_scaffold_21_g149.t1,1
5:,utexb3016_scaffold_17_g629.t1,1
5:,utexb3016_scaffold_17_g547.t1,1
5:,utexb3016_scaffold_17_g551.t1,1
5:,utexb3016_scaffold_17_g560.t1,1
5:,utexb3016_scaffold_17_g567.t1,1
5:,utexb3016_scaffold_17_g574.t1,1
5:,utexb3016_scaffold_17_g583.t1,1
5:,utexb3016_scaffold_17_g609.t1,1
5:,utexb3016_scaffold_17_g671.t1,1
5:,utexb3016_scaffold_17_g828.t1,1
5:,utexb3016_scaffold_17_g672.t1,1
5:,utexb3016_scaffold_17_g673.t1,1
5:,utexb3016_scaffold_17_g677.t1,1
5:,utexb3016_scaffold_17_g689.t1,1
5:,utexb3016_scaffold_17_g694.t1,1
5:,utexb3016_scaffold_17_g715.t1,1
5:,utexb3016_scaffold_17_g727.t1,1
5:,utexb3016_scaffold_18_g757.t1,1
5:,utexb3016_scaffold_18_g761.t1,1
5:,utexb3016_scaffold_18_g774.t1,1
5:,utexb3016_scaffold_21_g1257.t1,1
5:,utexb3016_scaffold_21_g1054.t1,1
5:,utexb3016_scaffold_21_g1060.t1,1
5:,utexb3016_scaffold_21_g1149.t1,1
5:,utexb3016_scaffold_21_g1166.t1,1
5:,utexb3016_scaffold_21_g1173.t1,1
5:,utexb3016_scaffold_21_g1187.t1,1
5:,utexb3016_scaffold_21_g1205.t1,1
5:,utexb3016_scaffold_21_g1259.t1,1
5:,utexb3016_scaffold_18_g779.t1,1
5:,utexb3016_scaffold_21_g1267.t1,1
5:,utexb3016_scaffold_21_g1276.t1,1
5:,utexb3016_scaffold_21_g1305.t1,1
5:,utexb3016_scaffold_21_g1350.t1,1
5:,utexb3016_scaffold_21_g1379.t1,1
5:,utexb3016_scaffold_21_g1382.t1,1
5:,utexb3016_scaffold_21_g1406.t1,1
5:,utexb3016_scaffold_21_g1039.t1,1
5:,utexb3016_scaffold_21_g1013.t1,1
5:,utexb3016_scaffold_20_g93.t1,1
5:,utexb3016_scaffold_20_g557.t1,1
5:,utexb3016_scaffold_18_g844.t1,1
5:,utexb3016_scaffold_18_g87.t1,1
5:,utexb3016_scaffold_18_g879.t1,1
5:,utexb3016_scaffold_19_g1415.t1,1
5:,utexb3016_scaffold_20_g115.t1,1
5:,utexb3016_scaffold_20_g14.t1,1
5:,utexb3016_scaffold_20_g146.t1,1
5:,utexb3016_scaffold_20_g196.t1,1
5:,utexb3016_scaffold_20_g220.t1,1
5:,utexb3016_scaffold_20_g374.t1,1
5:,utexb3016_scaffold_20_g415.t1,1
5:,utexb3016_scaffold_20_g456.t1,1
5:,utexb3016_scaffold_20_g499.t1,1
5:,utexb3016_scaffold_20_g51.t1,1
5:,utexb3016_scaffold_20_g516.t1,1
5:,utexb3016_scaffold_12_g14.t1,1
4:,utexb3016_scaffold_22_g1059.t1,1
4:,utexb3016_scaffold_22_g962.t1,1
42:,utexb3016_scaffold_18_g880.t1,1
42:,utex395_scaffold_25_g393.t1,1
42:,utexb3016_scaffold_10_g361.t1,1
42:,utexb3016_scaffold_10_g420.t1,1
42:,utexb3016_scaffold_12_g721.t1,1
42:,utexb3016_scaffold_16_g479.t1,1
42:,utexb3016_scaffold_16_g710.t1,1
42:,utexb3016_scaffold_17_g955.t1,1
42:,utexb3016_scaffold_20_g382.t1,1
42:,utex395_scaffold_20_g251.t1,1
42:,utexb3016_scaffold_21_g222.t1,1
42:,utexb3016_scaffold_21_g957.t1,1
42:,utexb3016_scaffold_22_g1212.t1,1
42:,utexb3016_scaffold_22_g193.t1,1
42:,utexb3016_scaffold_22_g387.t1,1
42:,utexb3016_scaffold_22_g458.t1,1
43:,utex2526_scaffold_15_g366.t1,1
42:,utex395_scaffold_20_g85.t1,1
42:,utex395_scaffold_1_g124.t1,1
43:,utex395_scaffold_17_g199.t1,1
41:,utexb3016_scaffold_21_g218.t1,1
41:,utexb3016_scaffold_10_g419.t1,1
41:,utexb3016_scaffold_12_g715.t1,1
41:,utexb3016_scaffold_16_g470.t1,1
41:,utexb3016_scaffold_16_g707.t1,1
41:,utexb3016_scaffold_17_g954.t1,1
41:,utexb3016_scaffold_18_g874.t1,1
41:,utexb3016_scaffold_20_g381.t1,1
41:,utexb3016_scaffold_21_g955.t1,1
42:,utex395_scaffold_17_g198.t1,1
41:,utexb3016_scaffold_22_g1204.t1,1
41:,utexb3016_scaffold_22_g186.t1,1
41:,utexb3016_scaffold_22_g377.t1,1
41:,utexb3016_scaffold_22_g454.t1,1
42:,utex2526_scaffold_15_g364.t1,1
42:,utex2526_scaffold_15_g395.t1,1
42:,utex2526_scaffold_15_g634.t1,1
43:,utex2526_scaffold_15_g637.t1,1
43:,utex395_scaffold_1_g129.t1,1
45:,utex395_scaffold_17_g212.t1,1
44:,utexb3016_scaffold_17_g959.t1,1
44:,utex395_scaffold_20_g257.t1,1
44:,utex395_scaffold_20_g87.t1,1
44:,utex395_scaffold_25_g396.t1,1
44:,utexb3016_scaffold_10_g368.t1,1
44:,utexb3016_scaffold_10_g423.t1,1
44:,utexb3016_scaffold_16_g481.t1,1
44:,utexb3016_scaffold_16_g712.t1,1
44:,utexb3016_scaffold_18_g886.t1,1
44:,utex395_scaffold_17_g211.t1,1
44:,utexb3016_scaffold_20_g384.t1,1
44:,utexb3016_scaffold_21_g229.t1,1
44:,utexb3016_scaffold_21_g959.t1,1
44:,utexb3016_scaffold_22_g1215.t1,1
44:,utexb3016_scaffold_22_g196.t1,1
44:,utexb3016_scaffold_22_g389.t1,1
44:,utexb3016_scaffold_22_g464.t1,1
44:,utex395_scaffold_1_g131.t1,1
44:,utex2526_scaffold_15_g640.t1,1
43:,utex395_scaffold_20_g255.t1,1
43:,utexb3016_scaffold_17_g956.t1,1
43:,utex395_scaffold_20_g86.t1,1
43:,utex395_scaffold_25_g395.t1,1
43:,utexb3016_scaffold_10_g364.t1,1
43:,utexb3016_scaffold_10_g422.t1,1
43:,utexb3016_scaffold_12_g745.t1,1
43:,utexb3016_scaffold_16_g480.t1,1
43:,utexb3016_scaffold_16_g711.t1,1
43:,utexb3016_scaffold_18_g885.t1,1
44:,utex2526_scaffold_15_g368.t1,1
43:,utexb3016_scaffold_20_g383.t1,1
43:,utexb3016_scaffold_21_g226.t1,1
43:,utexb3016_scaffold_21_g958.t1,1
43:,utexb3016_scaffold_22_g1214.t1,1
43:,utexb3016_scaffold_22_g194.t1,1
43:,utexb3016_scaffold_22_g388.t1,1
43:,utexb3016_scaffold_22_g461.t1,1
41:,utexb3016_scaffold_10_g357.t1,1
41:,utex395_scaffold_25_g392.t1,1
41:,utex395_scaffold_20_g83.t1,1
3:,utexb3016_scaffold_22_g920.t1,1
3:,utexb3016_scaffold_22_g782.t1,1
3:,utexb3016_scaffold_22_g796.t1,1
3:,utexb3016_scaffold_22_g812.t1,1
3:,utexb3016_scaffold_22_g853.t1,1
3:,utexb3016_scaffold_22_g864.t1,1
3:,utexb3016_scaffold_22_g866.t1,1
3:,utexb3016_scaffold_22_g875.t1,1
3:,utexb3016_scaffold_22_g928.t1,1
3:,utexb3016_scaffold_22_g722.t1,1
3:,utexb3016_scaffold_22_g929.t1,1
3:,utexb3016_scaffold_22_g951.t1,1
3:,utexb3016_scaffold_22_g960.t1,1
3:,utexb3016_scaffold_22_g966.t1,1
3:,utexb3016_scaffold_22_g980.t1,1
3:,utexb3016_scaffold_22_g994.t1,1
3:,utexb3016_scaffold_7_g127.t1,1
3:,utexb3016_scaffold_22_g773.t1,1
3:,utexb3016_scaffold_22_g716.t1,1
41:,utex395_scaffold_20_g250.t1,1
3:,utexb3016_scaffold_22_g613.t1,1
3:,utexb3016_scaffold_22_g493.t1,1
3:,utexb3016_scaffold_22_g555.t1,1
3:,utexb3016_scaffold_22_g556.t1,1
3:,utexb3016_scaffold_22_g577.t1,1
3:,utexb3016_scaffold_22_g593.t1,1
3:,utexb3016_scaffold_22_g60.t1,1
3:,utexb3016_scaffold_22_g604.t1,1
3:,utexb3016_scaffold_22_g617.t1,1
3:,utexb3016_scaffold_22_g665.t1,1
3:,utexb3016_scaffold_22_g623.t1,1
3:,utexb3016_scaffold_22_g643.t1,1
3:,utexb3016_scaffold_22_g648.t1,1
3:,utexb3016_scaffold_22_g653.t1,1
3:,utexb3016_scaffold_22_g659.t1,1
3:,utexb3016_scaffold_22_g660.t1,1
3:,utexb3016_scaffold_22_g663.t1,1
3:,utexb3016_scaffold_7_g141.t1,1
3:,utexb3016_scaffold_7_g166.t1,1
3:,utexb3016_scaffold_7_g217.t1,1
40:,utexb3016_scaffold_22_g1203.t1,1
40:,utexb3016_scaffold_16_g464.t1,1
40:,utexb3016_scaffold_16_g706.t1,1
40:,utexb3016_scaffold_17_g953.t1,1
40:,utexb3016_scaffold_18_g872.t1,1
40:,utexb3016_scaffold_20_g380.t1,1
40:,utexb3016_scaffold_21_g209.t1,1
40:,utexb3016_scaffold_21_g950.t1,1
40:,utexb3016_scaffold_22_g185.t1,1
3:,utexb3016_scaffold_7_g240.t1,1
40:,utexb3016_scaffold_22_g376.t1,1
40:,utexb3016_scaffold_22_g452.t1,1
41:,utex2526_scaffold_15_g362.t1,1
41:,utex2526_scaffold_15_g394.t1,1
41:,utex2526_scaffold_15_g632.t1,1
41:,utex395_scaffold_17_g197.t1,1
41:,utex395_scaffold_1_g122.t1,1
40:,utexb3016_scaffold_15_g686.t1,1
40:,utexb3016_scaffold_12_g711.t1,1
40:,utexb3016_scaffold_10_g410.t1,1
40:,utexb3016_scaffold_10_g353.t1,1
3:,utexb3016_scaffold_7_g271.t1,1
3:,utexb3016_scaffold_7_g286.t1,1
3:,utexb3016_scaffold_7_g315.t1,1
3:,utexb3016_scaffold_7_g353.t1,1
3:,utexb3016_scaffold_7_g374.t1,1
3:,utexb3016_scaffold_7_g428.t1,1
40:,utex2526_scaffold_15_g361.t1,1
40:,utex2526_scaffold_15_g393.t1,1
40:,utex2526_scaffold_15_g630.t1,1
40:,utex395_scaffold_17_g196.t1,1
40:,utex395_scaffold_1_g121.t1,1
40:,utex395_scaffold_20_g247.t1,1
40:,utex395_scaffold_20_g81.t1,1
40:,utex395_scaffold_25_g390.t1,1
40:,utex395_scaffold_2_g320.t1,1
45:,utex2526_scaffold_15_g369.t1,1
45:,utex395_scaffold_1_g134.t1,1
3:,utexb3016_scaffold_22_g431.t1,1
4:,utex2526_scaffold_10_g574.t1,1
4:,utex2526_scaffold_10_g502.t1,1
4:,utex2526_scaffold_10_g504.t1,1
4:,utex2526_scaffold_10_g534.t1,1
4:,utex2526_scaffold_10_g536.t1,1
4:,utex2526_scaffold_10_g556.t1,1
4:,utex2526_scaffold_10_g562.t1,1
4:,utex2526_scaffold_10_g573.t1,1
4:,utex2526_scaffold_10_g603.t1,1
4:,utex2526_scaffold_10_g458.t1,1
4:,utex2526_scaffold_10_g616.t1,1
4:,utex2526_scaffold_10_g624.t1,1
4:,utex2526_scaffold_10_g631.t1,1
4:,utex2526_scaffold_10_g651.t1,1
4:,utex2526_scaffold_10_g67.t1,1
4:,utex2526_scaffold_10_g706.t1,1
4:,utex2526_scaffold_10_g74.t1,1
4:,utex2526_scaffold_10_g459.t1,1
4:,utex2526_scaffold_10_g444.t1,1
4:,utex2526_scaffold_11_g11.t1,1
49:,utexb3016_scaffold_22_g487.t1,1
49:,utexb3016_scaffold_18_g898.t1,1
49:,utexb3016_scaffold_20_g395.t1,1
49:,utexb3016_scaffold_21_g245.t1,1
49:,utexb3016_scaffold_21_g964.t1,1
49:,utexb3016_scaffold_22_g1232.t1,1
49:,utexb3016_scaffold_22_g209.t1,1
49:,utexb3016_scaffold_22_g400.t1,1
4:,utex2526_scaffold_10_g110.t1,1
4:,utex2526_scaffold_10_g417.t1,1
4:,utex2526_scaffold_10_g140.t1,1
4:,utex2526_scaffold_10_g149.t1,1
4:,utex2526_scaffold_10_g182.t1,1
4:,utex2526_scaffold_10_g274.t1,1
4:,utex2526_scaffold_10_g37.t1,1
4:,utex2526_scaffold_10_g390.t1,1
4:,utex2526_scaffold_10_g393.t1,1
4:,utex2526_scaffold_10_g91.t1,1
4:,utex2526_scaffold_11_g43.t1,1
45:,utex395_scaffold_20_g258.t1,1
4:,utex2526_scaffold_12_g56.t1,1
4:,utex2526_scaffold_12_g385.t1,1
4:,utex2526_scaffold_12_g437.t1,1
4:,utex2526_scaffold_12_g441.t1,1
4:,utex2526_scaffold_12_g470.t1,1
4:,utex2526_scaffold_12_g517.t1,1
4:,utex2526_scaffold_12_g526.t1,1
4:,utex2526_scaffold_12_g527.t1,1
4:,utex2526_scaffold_12_g566.t1,1
4:,utex2526_scaffold_12_g365.t1,1
4:,utex2526_scaffold_12_g592.t1,1
4:,utex2526_scaffold_12_g603.t1,1
4:,utex2526_scaffold_12_g617.t1,1
4:,utex2526_scaffold_12_g619.t1,1
4:,utex2526_scaffold_12_g622.t1,1
4:,utex2526_scaffold_12_g660.t1,1
4:,utex2526_scaffold_12_g720.t1,1
4:,utex2526_scaffold_12_g374.t1,1
4:,utex2526_scaffold_12_g351.t1,1
4:,utex2526_scaffold_11_g61.t1,1
4:,utex2526_scaffold_12_g200.t1,1
4:,utex2526_scaffold_12_g126.t1,1
4:,utex2526_scaffold_12_g145.t1,1
4:,utex2526_scaffold_12_g17.t1,1
4:,utex2526_scaffold_12_g173.t1,1
4:,utex2526_scaffold_12_g178.t1,1
4:,utex2526_scaffold_12_g189.t1,1
4:,utex2526_scaffold_12_g196.t1,1
4:,utex2526_scaffold_12_g241.t1,1
4:,utex2526_scaffold_12_g318.t1,1
4:,utex2526_scaffold_12_g245.t1,1
4:,utex2526_scaffold_12_g267.t1,1
4:,utex2526_scaffold_12_g275.t1,1
4:,utex2526_scaffold_12_g301.t1,1
4:,utex2526_scaffold_12_g304.t1,1
4:,utex2526_scaffold_12_g309.t1,1
4:,utex2526_scaffold_12_g312.t1,1
49:,utexb3016_scaffold_17_g969.t1,1
49:,utexb3016_scaffold_16_g489.t1,1
49:,utexb3016_scaffold_10_g386.t1,1
46:,utexb3016_scaffold_20_g386.t1,1
46:,utex395_scaffold_25_g401.t1,1
46:,utexb3016_scaffold_10_g378.t1,1
46:,utexb3016_scaffold_10_g432.t1,1
46:,utexb3016_scaffold_16_g484.t1,1
46:,utexb3016_scaffold_16_g728.t1,1
46:,utexb3016_scaffold_17_g963.t1,1
46:,utexb3016_scaffold_18_g895.t1,1
46:,utexb3016_scaffold_21_g236.t1,1
46:,utex395_scaffold_20_g271.t1,1
46:,utexb3016_scaffold_21_g961.t1,1
46:,utexb3016_scaffold_22_g1223.t1,1
46:,utexb3016_scaffold_22_g203.t1,1
46:,utexb3016_scaffold_22_g395.t1,1
46:,utexb3016_scaffold_22_g467.t1,1
47:,utex2526_scaffold_15_g373.t1,1
47:,utex395_scaffold_17_g214.t1,1
46:,utex395_scaffold_20_g89.t1,1
46:,utex395_scaffold_1_g143.t1,1
49:,utex395_scaffold_25_g416.t1,1
45:,utexb3016_scaffold_18_g887.t1,1
45:,utex395_scaffold_20_g88.t1,1
45:,utex395_scaffold_25_g398.t1,1
45:,utexb3016_scaffold_10_g375.t1,1
45:,utexb3016_scaffold_10_g428.t1,1
45:,utexb3016_scaffold_16_g483.t1,1
45:,utexb3016_scaffold_16_g715.t1,1
45:,utexb3016_scaffold_17_g962.t1,1
45:,utexb3016_scaffold_20_g385.t1,1
46:,utex395_scaffold_17_g213.t1,1
45:,utexb3016_scaffold_21_g230.t1,1
45:,utexb3016_scaffold_21_g960.t1,1
45:,utexb3016_scaffold_22_g1221.t1,1
45:,utexb3016_scaffold_22_g198.t1,1
45:,utexb3016_scaffold_22_g393.t1,1
45:,utexb3016_scaffold_22_g465.t1,1
46:,utex2526_scaffold_15_g372.t1,1
47:,utex395_scaffold_1_g148.t1,1
47:,utex395_scaffold_20_g282.t1,1
47:,utex395_scaffold_20_g90.t1,1
48:,utexb3016_scaffold_22_g1227.t1,1
48:,utexb3016_scaffold_10_g436.t1,1
48:,utexb3016_scaffold_16_g486.t1,1
48:,utexb3016_scaffold_17_g968.t1,1
48:,utexb3016_scaffold_18_g897.t1,1
48:,utexb3016_scaffold_20_g392.t1,1
48:,utexb3016_scaffold_21_g241.t1,1
48:,utexb3016_scaffold_21_g963.t1,1
48:,utexb3016_scaffold_22_g207.t1,1
47:,utex395_scaffold_25_g409.t1,1
48:,utexb3016_scaffold_22_g398.t1,1
48:,utexb3016_scaffold_22_g486.t1,1
49:,utex2526_scaffold_15_g375.t1,1
49:,utex395_scaffold_17_g220.t1,1
49:,utex395_scaffold_1_g153.t1,1
49:,utex395_scaffold_20_g291.t1,1
49:,utex395_scaffold_20_g95.t1,1
48:,utexb3016_scaffold_10_g380.t1,1
48:,utex395_scaffold_25_g410.t1,1
48:,utex395_scaffold_20_g91.t1,1
48:,utex395_scaffold_20_g285.t1,1
47:,utexb3016_scaffold_10_g379.t1,1
47:,utexb3016_scaffold_10_g435.t1,1
47:,utexb3016_scaffold_16_g485.t1,1
47:,utexb3016_scaffold_17_g967.t1,1
47:,utexb3016_scaffold_18_g896.t1,1
47:,utexb3016_scaffold_20_g391.t1,1
47:,utexb3016_scaffold_21_g237.t1,1
47:,utexb3016_scaffold_21_g962.t1,1
47:,utexb3016_scaffold_22_g1225.t1,1
47:,utexb3016_scaffold_22_g206.t1,1
47:,utexb3016_scaffold_22_g396.t1,1
47:,utexb3016_scaffold_22_g469.t1,1
48:,utex2526_scaffold_15_g374.t1,1
48:,utex395_scaffold_17_g219.t1,1
48:,utex395_scaffold_1_g152.t1,1
3:,utexb3016_scaffold_22_g481.t1,1
3:,utexb3016_scaffold_22_g374.t1,1
4:,utexb3016_scaffold_22_g952.t1,1
3:,utexb3016_scaffold_13_g78.t1,1
3:,utexb3016_scaffold_13_g185.t1,1
3:,utexb3016_scaffold_13_g190.t1,1
3:,utexb3016_scaffold_13_g253.t1,1
3:,utexb3016_scaffold_13_g257.t1,1
3:,utexb3016_scaffold_13_g4.t1,1
3:,utexb3016_scaffold_13_g43.t1,1
3:,utexb3016_scaffold_13_g7.t1,1
3:,utexb3016_scaffold_13_g85.t1,1
3:,utexb3016_scaffold_12_g735.t1,1
3:,utexb3016_scaffold_14_g100.t1,1
3:,utexb3016_scaffold_14_g138.t1,1
3:,utexb3016_scaffold_14_g158.t1,1
3:,utexb3016_scaffold_14_g206.t1,1
3:,utexb3016_scaffold_14_g41.t1,1
3:,utexb3016_scaffold_14_g72.t1,1
3:,utexb3016_scaffold_15_g143.t1,1
3:,utexb3016_scaffold_12_g85.t1,1
3:,utexb3016_scaffold_12_g680.t1,1
3:,utexb3016_scaffold_15_g288.t1,1
3:,utexb3016_scaffold_12_g24.t1,1
3:,utexb3016_scaffold_10_g741.t1,1
3:,utexb3016_scaffold_10_g769.t1,1
3:,utexb3016_scaffold_10_g779.t1,1
3:,utexb3016_scaffold_12_g125.t1,1
3:,utexb3016_scaffold_12_g148.t1,1
3:,utexb3016_scaffold_12_g169.t1,1
3:,utexb3016_scaffold_12_g209.t1,1
3:,utexb3016_scaffold_12_g251.t1,1
3:,utexb3016_scaffold_12_g586.t1,1
3:,utexb3016_scaffold_12_g270.t1,1
3:,utexb3016_scaffold_12_g297.t1,1
3:,utexb3016_scaffold_12_g396.t1,1
3:,utexb3016_scaffold_12_g410.t1,1
3:,utexb3016_scaffold_12_g488.t1,1
3:,utexb3016_scaffold_12_g515.t1,1
3:,utexb3016_scaffold_12_g553.t1,1
3:,utexb3016_scaffold_15_g268.t1,1
3:,utexb3016_scaffold_15_g299.t1,1
3:,utexb3016_scaffold_17_g177.t1,1
3:,utexb3016_scaffold_16_g618.t1,1
3:,utexb3016_scaffold_16_g372.t1,1
3:,utexb3016_scaffold_16_g43.t1,1
3:,utexb3016_scaffold_16_g469.t1,1
3:,utexb3016_scaffold_16_g521.t1,1
3:,utexb3016_scaffold_16_g556.t1,1
3:,utexb3016_scaffold_16_g571.t1,1
3:,utexb3016_scaffold_16_g604.t1,1
3:,utexb3016_scaffold_16_g684.t1,1
3:,utexb3016_scaffold_16_g288.t1,1
3:,utexb3016_scaffold_16_g699.t1,1
3:,utexb3016_scaffold_16_g721.t1,1
3:,utexb3016_scaffold_16_g75.t1,1
3:,utexb3016_scaffold_16_g790.t1,1
3:,utexb3016_scaffold_16_g810.t1,1
3:,utexb3016_scaffold_16_g856.t1,1
3:,utexb3016_scaffold_16_g978.t1,1
3:,utexb3016_scaffold_16_g349.t1,1
3:,utexb3016_scaffold_16_g215.t1,1
3:,utexb3016_scaffold_15_g331.t1,1
3:,utexb3016_scaffold_15_g677.t1,1
3:,utexb3016_scaffold_15_g409.t1,1
3:,utexb3016_scaffold_15_g413.t1,1
3:,utexb3016_scaffold_15_g421.t1,1
3:,utexb3016_scaffold_15_g515.t1,1
3:,utexb3016_scaffold_15_g565.t1,1
3:,utexb3016_scaffold_15_g606.t1,1
3:,utexb3016_scaffold_15_g671.t1,1
3:,utexb3016_scaffold_15_g687.t1,1
3:,utexb3016_scaffold_16_g182.t1,1
3:,utexb3016_scaffold_15_g722.t1,1
3:,utexb3016_scaffold_15_g725.t1,1
3:,utexb3016_scaffold_15_g737.t1,1
3:,utexb3016_scaffold_16_g105.t1,1
3:,utexb3016_scaffold_16_g132.t1,1
3:,utexb3016_scaffold_16_g14.t1,1
3:,utexb3016_scaffold_16_g174.t1,1
3:,utexb3016_scaffold_10_g718.t1,1
3:,utexb3016_scaffold_10_g697.t1,1
3:,utexb3016_scaffold_10_g649.t1,1
3:,utex395_scaffold_25_g98.t1,1
3:,utex395_scaffold_25_g804.t1,1
3:,utex395_scaffold_25_g822.t1,1
3:,utex395_scaffold_25_g857.t1,1
3:,utex395_scaffold_25_g878.t1,1
3:,utex395_scaffold_25_g905.t1,1
3:,utex395_scaffold_25_g915.t1,1
3:,utex395_scaffold_25_g934.t1,1
3:,utex395_scaffold_25_g982.t1,1
3:,utex395_scaffold_25_g764.t1,1
3:,utex395_scaffold_2_g107.t1,1
3:,utex395_scaffold_2_g129.t1,1
3:,utex395_scaffold_2_g136.t1,1
3:,utex395_scaffold_2_g167.t1,1
3:,utex395_scaffold_2_g179.t1,1
3:,utex395_scaffold_2_g205.t1,1
3:,utex395_scaffold_2_g211.t1,1
3:,utex395_scaffold_25_g788.t1,1
3:,utex395_scaffold_25_g719.t1,1
3:,utexb3016_scaffold_10_g582.t1,1
3:,utex395_scaffold_25_g352.t1,1
3:,utex395_scaffold_25_g163.t1,1
3:,utex395_scaffold_25_g198.t1,1
3:,utex395_scaffold_25_g20.t1,1
3:,utex395_scaffold_25_g204.t1,1
3:,utex395_scaffold_25_g262.t1,1
3:,utex395_scaffold_25_g280.t1,1
3:,utex395_scaffold_25_g301.t1,1
3:,utex395_scaffold_25_g475.t1,1
3:,utex395_scaffold_25_g693.t1,1
3:,utex395_scaffold_25_g509.t1,1
3:,utex395_scaffold_25_g518.t1,1
3:,utex395_scaffold_25_g583.t1,1
3:,utex395_scaffold_25_g590.t1,1
3:,utex395_scaffold_25_g622.t1,1
3:,utex395_scaffold_25_g64.t1,1
3:,utex395_scaffold_25_g655.t1,1
3:,utex395_scaffold_2_g250.t1,1
3:,utex395_scaffold_2_g256.t1,1
3:,utex395_scaffold_2_g261.t1,1
3:,utexb3016_scaffold_10_g324.t1,1
3:,utexb3016_scaffold_10_g10.t1,1
3:,utexb3016_scaffold_10_g158.t1,1
3:,utexb3016_scaffold_10_g175.t1,1
3:,utexb3016_scaffold_10_g226.t1,1
3:,utexb3016_scaffold_10_g255.t1,1
3:,utexb3016_scaffold_10_g256.t1,1
3:,utexb3016_scaffold_10_g292.t1,1
3:,utexb3016_scaffold_10_g330.t1,1
3:,utex395_scaffold_2_g276.t1,1
3:,utexb3016_scaffold_10_g41.t1,1
3:,utexb3016_scaffold_10_g446.t1,1
3:,utexb3016_scaffold_10_g470.t1,1
3:,utexb3016_scaffold_10_g476.t1,1
3:,utexb3016_scaffold_10_g48.t1,1
3:,utexb3016_scaffold_10_g531.t1,1
3:,utexb3016_scaffold_10_g54.t1,1
3:,utex395_scaffold_4_g528.t1,1
3:,utex395_scaffold_4_g494.t1,1
3:,utex395_scaffold_4_g458.t1,1
3:,utex395_scaffold_4_g406.t1,1
3:,utex395_scaffold_2_g28.t1,1
3:,utex395_scaffold_2_g286.t1,1
3:,utex395_scaffold_2_g291.t1,1
3:,utex395_scaffold_2_g317.t1,1
3:,utex395_scaffold_2_g323.t1,1
3:,utex395_scaffold_2_g341.t1,1
3:,utex395_scaffold_2_g356.t1,1
3:,utex395_scaffold_2_g385.t1,1
3:,utex395_scaffold_2_g390.t1,1
3:,utex395_scaffold_2_g406.t1,1
3:,utex395_scaffold_2_g434.t1,1
3:,utex395_scaffold_2_g496.t1,1
3:,utex395_scaffold_2_g55.t1,1
3:,utex395_scaffold_3_g108.t1,1
3:,utex395_scaffold_4_g229.t1,1
3:,utexb3016_scaffold_17_g14.t1,1
3:,utexb3016_scaffold_17_g202.t1,1
3:,utexb3016_scaffold_22_g346.t1,1
3:,utexb3016_scaffold_21_g67.t1,1
3:,utexb3016_scaffold_21_g48.t1,1
3:,utexb3016_scaffold_21_g484.t1,1
3:,utexb3016_scaffold_21_g555.t1,1
3:,utexb3016_scaffold_21_g566.t1,1
3:,utexb3016_scaffold_21_g589.t1,1
3:,utexb3016_scaffold_21_g62.t1,1
3:,utexb3016_scaffold_21_g663.t1,1
3:,utexb3016_scaffold_21_g704.t1,1
3:,utexb3016_scaffold_21_g421.t1,1
3:,utexb3016_scaffold_21_g723.t1,1
3:,utexb3016_scaffold_21_g727.t1,1
3:,utexb3016_scaffold_21_g771.t1,1
3:,utexb3016_scaffold_21_g798.t1,1
3:,utexb3016_scaffold_21_g806.t1,1
3:,utexb3016_scaffold_21_g82.t1,1
3:,utexb3016_scaffold_21_g833.t1,1
3:,utexb3016_scaffold_21_g440.t1,1
3:,utexb3016_scaffold_21_g391.t1,1
3:,utexb3016_scaffold_21_g839.t1,1
3:,utexb3016_scaffold_21_g1400.t1,1
3:,utexb3016_scaffold_21_g1250.t1,1
3:,utexb3016_scaffold_21_g127.t1,1
3:,utexb3016_scaffold_21_g1271.t1,1
3:,utexb3016_scaffold_21_g1298.t1,1
3:,utexb3016_scaffold_21_g1329.t1,1
3:,utexb3016_scaffold_21_g1346.t1,1
3:,utexb3016_scaffold_21_g1380.t1,1
3:,utexb3016_scaffold_21_g18.t1,1
3:,utexb3016_scaffold_21_g387.t1,1
3:,utexb3016_scaffold_21_g218.t1,1
3:,utexb3016_scaffold_21_g254.t1,1
3:,utexb3016_scaffold_21_g263.t1,1
3:,utexb3016_scaffold_21_g278.t1,1
3:,utexb3016_scaffold_21_g308.t1,1
3:,utexb3016_scaffold_21_g321.t1,1
3:,utexb3016_scaffold_21_g342.t1,1
3:,utexb3016_scaffold_21_g838.t1,1
3:,utexb3016_scaffold_21_g841.t1,1
3:,utexb3016_scaffold_17_g213.t1,1
3:,utexb3016_scaffold_22_g196.t1,1
3:,utexb3016_scaffold_22_g1240.t1,1
3:,utexb3016_scaffold_22_g1278.t1,1
3:,utexb3016_scaffold_22_g1328.t1,1
3:,utexb3016_scaffold_22_g1342.t1,1
3:,utexb3016_scaffold_22_g1367.t1,1
3:,utexb3016_scaffold_22_g1490.t1,1
3:,utexb3016_scaffold_22_g183.t1,1
3:,utexb3016_scaffold_22_g223.t1,1
3:,utexb3016_scaffold_22_g1219.t1,1
3:,utexb3016_scaffold_22_g224.t1,1
3:,utexb3016_scaffold_22_g236.t1,1
3:,utexb3016_scaffold_22_g249.t1,1
3:,utexb3016_scaffold_22_g277.t1,1
3:,utexb3016_scaffold_22_g296.t1,1
3:,utexb3016_scaffold_22_g299.t1,1
3:,utexb3016_scaffold_22_g324.t1,1
3:,utexb3016_scaffold_22_g1222.t1,1
3:,utexb3016_scaffold_22_g12.t1,1
3:,utexb3016_scaffold_21_g856.t1,1
3:,utexb3016_scaffold_21_g959.t1,1
3:,utexb3016_scaffold_21_g861.t1,1
3:,utexb3016_scaffold_21_g891.t1,1
3:,utexb3016_scaffold_21_g90.t1,1
3:,utexb3016_scaffold_21_g907.t1,1
3:,utexb3016_scaffold_21_g915.t1,1
3:,utexb3016_scaffold_21_g940.t1,1
3:,utexb3016_scaffold_21_g958.t1,1
3:,utexb3016_scaffold_22_g1025.t1,1
3:,utexb3016_scaffold_22_g1166.t1,1
3:,utexb3016_scaffold_22_g1033.t1,1
3:,utexb3016_scaffold_22_g1058.t1,1
3:,utexb3016_scaffold_22_g1060.t1,1
3:,utexb3016_scaffold_22_g1074.t1,1
3:,utexb3016_scaffold_22_g1094.t1,1
3:,utexb3016_scaffold_22_g1102.t1,1
3:,utexb3016_scaffold_22_g1133.t1,1
3:,utexb3016_scaffold_21_g1245.t1,1
3:,utexb3016_scaffold_21_g1242.t1,1
3:,utexb3016_scaffold_21_g1183.t1,1
3:,utexb3016_scaffold_17_g691.t1,1
3:,utexb3016_scaffold_17_g638.t1,1
3:,utexb3016_scaffold_17_g643.t1,1
3:,utexb3016_scaffold_17_g654.t1,1
3:,utexb3016_scaffold_17_g655.t1,1
3:,utexb3016_scaffold_17_g662.t1,1
3:,utexb3016_scaffold_17_g671.t1,1
3:,utexb3016_scaffold_17_g686.t1,1
3:,utexb3016_scaffold_17_g7.t1,1
3:,utexb3016_scaffold_17_g607.t1,1
3:,utexb3016_scaffold_17_g710.t1,1
3:,utexb3016_scaffold_17_g723.t1,1
3:,utexb3016_scaffold_17_g813.t1,1
3:,utexb3016_scaffold_17_g819.t1,1
3:,utexb3016_scaffold_17_g823.t1,1
3:,utexb3016_scaffold_17_g836.t1,1
3:,utexb3016_scaffold_17_g868.t1,1
3:,utexb3016_scaffold_17_g627.t1,1
3:,utexb3016_scaffold_17_g574.t1,1
3:,utexb3016_scaffold_21_g1128.t1,1
3:,utexb3016_scaffold_17_g347.t1,1
3:,utexb3016_scaffold_17_g234.t1,1
3:,utexb3016_scaffold_17_g235.t1,1
3:,utexb3016_scaffold_17_g255.t1,1
3:,utexb3016_scaffold_17_g263.t1,1
3:,utexb3016_scaffold_17_g278.t1,1
3:,utexb3016_scaffold_17_g287.t1,1
3:,utexb3016_scaffold_17_g310.t1,1
3:,utexb3016_scaffold_17_g373.t1,1
3:,utexb3016_scaffold_17_g557.t1,1
3:,utexb3016_scaffold_17_g390.t1,1
3:,utexb3016_scaffold_17_g413.t1,1
3:,utexb3016_scaffold_17_g421.t1,1
3:,utexb3016_scaffold_17_g449.t1,1
3:,utexb3016_scaffold_17_g470.t1,1
3:,utexb3016_scaffold_17_g536.t1,1
3:,utexb3016_scaffold_17_g556.t1,1
3:,utexb3016_scaffold_17_g883.t1,1
3:,utexb3016_scaffold_17_g913.t1,1
3:,utexb3016_scaffold_18_g123.t1,1
3:,utexb3016_scaffold_20_g450.t1,1
3:,utexb3016_scaffold_20_g193.t1,1
3:,utexb3016_scaffold_20_g212.t1,1
3:,utexb3016_scaffold_20_g351.t1,1
3:,utexb3016_scaffold_20_g372.t1,1
3:,utexb3016_scaffold_20_g413.t1,1
3:,utexb3016_scaffold_20_g44.t1,1
3:,utexb3016_scaffold_20_g442.t1,1
3:,utexb3016_scaffold_20_g494.t1,1
3:,utexb3016_scaffold_18_g198.t1,1
3:,utexb3016_scaffold_20_g5.t1,1
3:,utexb3016_scaffold_20_g514.t1,1
3:,utexb3016_scaffold_20_g91.t1,1
3:,utexb3016_scaffold_21_g1008.t1,1
3:,utexb3016_scaffold_21_g1026.t1,1
3:,utexb3016_scaffold_21_g1033.t1,1
3:,utexb3016_scaffold_21_g1048.t1,1
3:,utexb3016_scaffold_20_g139.t1,1
3:,utexb3016_scaffold_20_g106.t1,1
3:,utexb3016_scaffold_19_g1384.t1,1
3:,utexb3016_scaffold_18_g870.t1,1
3:,utexb3016_scaffold_18_g250.t1,1
3:,utexb3016_scaffold_18_g316.t1,1
3:,utexb3016_scaffold_18_g35.t1,1
3:,utexb3016_scaffold_18_g390.t1,1
3:,utexb3016_scaffold_18_g453.t1,1
3:,utexb3016_scaffold_18_g512.t1,1
3:,utexb3016_scaffold_18_g605.t1,1
3:,utexb3016_scaffold_18_g619.t1,1
3:,utexb3016_scaffold_18_g660.t1,1
3:,utexb3016_scaffold_18_g724.t1,1
3:,utexb3016_scaffold_18_g747.t1,1
3:,utexb3016_scaffold_18_g766.t1,1
3:,utexb3016_scaffold_18_g77.t1,1
3:,utexb3016_scaffold_18_g771.t1,1
3:,utexb3016_scaffold_18_g838.t1,1
4:,utex2526_scaffold_12_g734.t1,1
4:,utex2526_scaffold_12_g738.t1,1
4:,utex2526_scaffold_12_g75.t1,1
4:,utexb3016_scaffold_16_g190.t1,1
4:,utexb3016_scaffold_15_g688.t1,1
4:,utexb3016_scaffold_15_g723.t1,1
4:,utexb3016_scaffold_15_g730.t1,1
4:,utexb3016_scaffold_15_g751.t1,1
4:,utexb3016_scaffold_16_g106.t1,1
4:,utexb3016_scaffold_16_g136.t1,1
4:,utexb3016_scaffold_16_g175.t1,1
4:,utexb3016_scaffold_16_g216.t1,1
4:,utexb3016_scaffold_15_g673.t1,1
4:,utexb3016_scaffold_16_g289.t1,1
4:,utexb3016_scaffold_16_g351.t1,1
4:,utexb3016_scaffold_16_g375.t1,1
4:,utexb3016_scaffold_16_g45.t1,1
4:,utexb3016_scaffold_16_g471.t1,1
4:,utexb3016_scaffold_16_g522.t1,1
4:,utexb3016_scaffold_16_g559.t1,1
4:,utexb3016_scaffold_15_g678.t1,1
4:,utexb3016_scaffold_15_g607.t1,1
4:,utexb3016_scaffold_16_g605.t1,1
4:,utexb3016_scaffold_14_g74.t1,1
4:,utexb3016_scaffold_13_g8.t1,1
4:,utexb3016_scaffold_13_g92.t1,1
4:,utexb3016_scaffold_14_g106.t1,1
4:,utexb3016_scaffold_14_g160.t1,1
4:,utexb3016_scaffold_14_g20.t1,1
4:,utexb3016_scaffold_14_g210.t1,1
4:,utexb3016_scaffold_14_g44.t1,1
4:,utexb3016_scaffold_15_g144.t1,1
4:,utexb3016_scaffold_15_g573.t1,1
4:,utexb3016_scaffold_15_g269.t1,1
4:,utexb3016_scaffold_15_g289.t1,1
4:,utexb3016_scaffold_15_g300.t1,1
4:,utexb3016_scaffold_15_g332.t1,1
4:,utexb3016_scaffold_15_g411.t1,1
4:,utexb3016_scaffold_15_g423.t1,1
4:,utexb3016_scaffold_15_g517.t1,1
4:,utexb3016_scaffold_16_g577.t1,1
4:,utexb3016_scaffold_16_g619.t1,1
4:,utexb3016_scaffold_17_g657.t1,1
4:,utexb3016_scaffold_17_g531.t1,1
4:,utexb3016_scaffold_17_g374.t1,1
4:,utexb3016_scaffold_17_g392.t1,1
4:,utexb3016_scaffold_17_g414.t1,1
4:,utexb3016_scaffold_17_g422.t1,1
4:,utexb3016_scaffold_17_g471.t1,1
4:,utexb3016_scaffold_17_g504.t1,1
4:,utexb3016_scaffold_17_g524.t1,1
4:,utexb3016_scaffold_17_g537.t1,1
4:,utexb3016_scaffold_17_g311.t1,1
4:,utexb3016_scaffold_17_g545.t1,1
4:,utexb3016_scaffold_17_g558.t1,1
4:,utexb3016_scaffold_17_g559.t1,1
4:,utexb3016_scaffold_17_g566.t1,1
4:,utexb3016_scaffold_17_g580.t1,1
4:,utexb3016_scaffold_17_g608.t1,1
4:,utexb3016_scaffold_17_g628.t1,1
4:,utexb3016_scaffold_17_g348.t1,1
4:,utexb3016_scaffold_17_g293.t1,1
4:,utexb3016_scaffold_16_g689.t1,1
4:,utexb3016_scaffold_17_g118.t1,1
4:,utexb3016_scaffold_16_g700.t1,1
4:,utexb3016_scaffold_16_g722.t1,1
4:,utexb3016_scaffold_16_g77.t1,1
4:,utexb3016_scaffold_16_g792.t1,1
4:,utexb3016_scaffold_16_g813.t1,1
4:,utexb3016_scaffold_16_g860.t1,1
4:,utexb3016_scaffold_16_g981.t1,1
4:,utexb3016_scaffold_17_g17.t1,1
4:,utexb3016_scaffold_17_g286.t1,1
4:,utexb3016_scaffold_17_g180.t1,1
4:,utexb3016_scaffold_17_g203.t1,1
4:,utexb3016_scaffold_17_g214.t1,1
4:,utexb3016_scaffold_17_g235.t1,1
4:,utexb3016_scaffold_17_g236.t1,1
4:,utexb3016_scaffold_17_g258.t1,1
4:,utexb3016_scaffold_17_g267.t1,1
4:,utexb3016_scaffold_13_g79.t1,1
4:,utexb3016_scaffold_13_g6.t1,1
4:,utexb3016_scaffold_13_g44.t1,1
4:,utex395_scaffold_3_g110.t1,1
4:,utex395_scaffold_2_g361.t1,1
4:,utex395_scaffold_2_g386.t1,1
4:,utex395_scaffold_2_g391.t1,1
4:,utex395_scaffold_2_g407.t1,1
4:,utex395_scaffold_2_g436.t1,1
4:,utex395_scaffold_2_g497.t1,1
4:,utex395_scaffold_2_g57.t1,1
4:,utex395_scaffold_4_g230.t1,1
4:,utex395_scaffold_2_g324.t1,1
4:,utex395_scaffold_4_g409.t1,1
4:,utex395_scaffold_4_g471.t1,1
4:,utex395_scaffold_4_g495.t1,1
4:,utex395_scaffold_4_g5.t1,1
4:,utex395_scaffold_4_g529.t1,1
4:,utexb3016_scaffold_10_g11.t1,1
4:,utexb3016_scaffold_10_g161.t1,1
4:,utex395_scaffold_2_g343.t1,1
4:,utex395_scaffold_2_g318.t1,1
4:,utexb3016_scaffold_13_g264.t1,1
4:,utex395_scaffold_2_g212.t1,1
4:,utex395_scaffold_25_g99.t1,1
4:,utex395_scaffold_2_g111.t1,1
4:,utex395_scaffold_2_g131.t1,1
4:,utex395_scaffold_2_g137.t1,1
4:,utex395_scaffold_2_g168.t1,1
4:,utex395_scaffold_2_g184.t1,1
4:,utex395_scaffold_2_g19.t1,1
4:,utex395_scaffold_2_g213.t1,1
4:,utex395_scaffold_2_g31.t1,1
4:,utex395_scaffold_2_g22.t1,1
4:,utex395_scaffold_2_g251.t1,1
4:,utex395_scaffold_2_g261.t1,1
4:,utex395_scaffold_2_g264.t1,1
4:,utex395_scaffold_2_g278.t1,1
4:,utex395_scaffold_2_g287.t1,1
4:,utex395_scaffold_2_g292.t1,1
4:,utexb3016_scaffold_10_g210.t1,1
4:,utexb3016_scaffold_10_g228.t1,1
4:,utexb3016_scaffold_10_g231.t1,1
4:,utexb3016_scaffold_12_g516.t1,1
4:,utexb3016_scaffold_12_g25.t1,1
4:,utexb3016_scaffold_12_g252.t1,1
4:,utexb3016_scaffold_12_g271.t1,1
4:,utexb3016_scaffold_12_g298.t1,1
4:,utexb3016_scaffold_12_g399.t1,1
4:,utexb3016_scaffold_12_g415.t1,1
4:,utexb3016_scaffold_12_g490.t1,1
4:,utexb3016_scaffold_12_g554.t1,1
4:,utexb3016_scaffold_10_g256.t1,1
4:,utexb3016_scaffold_12_g590.t1,1
4:,utexb3016_scaffold_12_g681.t1,1
4:,utexb3016_scaffold_12_g753.t1,1
4:,utexb3016_scaffold_12_g86.t1,1
4:,utexb3016_scaffold_13_g186.t1,1
4:,utexb3016_scaffold_13_g196.t1,1
4:,utexb3016_scaffold_13_g258.t1,1
4:,utexb3016_scaffold_12_g210.t1,1
4:,utexb3016_scaffold_12_g170.t1,1
4:,utexb3016_scaffold_12_g126.t1,1
4:,utexb3016_scaffold_10_g780.t1,1
4:,utexb3016_scaffold_10_g257.t1,1
4:,utexb3016_scaffold_10_g296.t1,1
4:,utexb3016_scaffold_10_g325.t1,1
4:,utexb3016_scaffold_10_g344.t1,1
4:,utexb3016_scaffold_10_g44.t1,1
4:,utexb3016_scaffold_10_g448.t1,1
4:,utexb3016_scaffold_10_g473.t1,1
4:,utexb3016_scaffold_10_g477.t1,1
4:,utexb3016_scaffold_10_g532.t1,1
4:,utexb3016_scaffold_10_g602.t1,1
4:,utexb3016_scaffold_10_g657.t1,1
4:,utexb3016_scaffold_10_g699.t1,1
4:,utexb3016_scaffold_10_g719.t1,1
4:,utexb3016_scaffold_10_g747.t1,1
4:,utexb3016_scaffold_10_g775.t1,1
4:,utexb3016_scaffold_17_g655.t1,1
4:,utexb3016_scaffold_17_g671.t1,1
4:,utex2526_scaffold_12_g77.t1,1
4:,utexb3016_scaffold_22_g1223.t1,1
4:,utexb3016_scaffold_22_g1026.t1,1
4:,utexb3016_scaffold_22_g1034.t1,1
6:,utex2526_scaffold_3_g289.t1,1
4:,utexb3016_scaffold_22_g1062.t1,1
4:,utexb3016_scaffold_22_g1077.t1,1
4:,utexb3016_scaffold_22_g1134.t1,1
4:,utexb3016_scaffold_22_g1168.t1,1
4:,utexb3016_scaffold_22_g1237.t1,1
4:,utexb3016_scaffold_21_g961.t1,1
4:,utexb3016_scaffold_22_g1243.t1,1
4:,utexb3016_scaffold_22_g1279.t1,1
4:,utexb3016_scaffold_22_g1345.t1,1
4:,utexb3016_scaffold_22_g1353.t1,1
4:,utexb3016_scaffold_22_g1369.t1,1
4:,utexb3016_scaffold_22_g1491.t1,1
4:,utexb3016_scaffold_22_g184.t1,1
4:,utexb3016_scaffold_21_g970.t1,1
4:,utexb3016_scaffold_21_g942.t1,1
4:,utexb3016_scaffold_22_g227.t1,1
4:,utexb3016_scaffold_21_g839.t1,1
4:,utexb3016_scaffold_21_g707.t1,1
4:,utexb3016_scaffold_21_g727.t1,1
4:,utexb3016_scaffold_21_g728.t1,1
4:,utexb3016_scaffold_21_g772.t1,1
4:,utexb3016_scaffold_21_g799.t1,1
4:,utexb3016_scaffold_21_g807.t1,1
4:,utexb3016_scaffold_21_g836.t1,1
4:,utexb3016_scaffold_21_g841.t1,1
4:,utexb3016_scaffold_21_g94.t1,1
4:,utexb3016_scaffold_21_g842.t1,1
4:,utexb3016_scaffold_21_g858.t1,1
4:,utexb3016_scaffold_21_g863.t1,1
4:,utexb3016_scaffold_21_g89.t1,1
4:,utexb3016_scaffold_21_g894.t1,1
4:,utexb3016_scaffold_21_g916.t1,1
4:,utexb3016_scaffold_21_g918.t1,1
4:,utexb3016_scaffold_22_g201.t1,1
4:,utexb3016_scaffold_22_g233.t1,1
4:,utexb3016_scaffold_17_g672.t1,1
4:,utexb3016_scaffold_22_g797.t1,1
4:,utexb3016_scaffold_22_g660.t1,1
4:,utexb3016_scaffold_22_g661.t1,1
4:,utexb3016_scaffold_22_g666.t1,1
4:,utexb3016_scaffold_22_g724.t1,1
4:,utexb3016_scaffold_22_g725.t1,1
4:,utexb3016_scaffold_22_g778.t1,1
4:,utexb3016_scaffold_22_g784.t1,1
4:,utexb3016_scaffold_22_g814.t1,1
4:,utexb3016_scaffold_22_g644.t1,1
4:,utexb3016_scaffold_22_g854.t1,1
4:,utexb3016_scaffold_22_g866.t1,1
4:,utexb3016_scaffold_22_g867.t1,1
4:,utexb3016_scaffold_22_g888.t1,1
4:,utexb3016_scaffold_22_g921.t1,1
4:,utexb3016_scaffold_22_g930.t1,1
4:,utexb3016_scaffold_22_g932.t1,1
4:,utexb3016_scaffold_22_g649.t1,1
4:,utexb3016_scaffold_22_g625.t1,1
4:,utexb3016_scaffold_22_g250.t1,1
4:,utexb3016_scaffold_22_g494.t1,1
4:,utexb3016_scaffold_22_g278.t1,1
4:,utexb3016_scaffold_22_g297.t1,1
4:,utexb3016_scaffold_22_g300.t1,1
4:,utexb3016_scaffold_22_g327.t1,1
4:,utexb3016_scaffold_22_g363.t1,1
4:,utexb3016_scaffold_22_g398.t1,1
4:,utexb3016_scaffold_22_g432.t1,1
4:,utexb3016_scaffold_22_g507.t1,1
4:,utexb3016_scaffold_22_g620.t1,1
4:,utexb3016_scaffold_22_g557.t1,1
4:,utexb3016_scaffold_22_g577.t1,1
4:,utexb3016_scaffold_22_g578.t1,1
4:,utexb3016_scaffold_22_g594.t1,1
4:,utexb3016_scaffold_22_g605.t1,1
4:,utexb3016_scaffold_22_g61.t1,1
4:,utexb3016_scaffold_22_g618.t1,1
4:,utexb3016_scaffold_21_g673.t1,1
4:,utexb3016_scaffold_21_g67.t1,1
4:,utexb3016_scaffold_21_g590.t1,1
4:,utexb3016_scaffold_18_g872.t1,1
4:,utexb3016_scaffold_18_g662.t1,1
4:,utexb3016_scaffold_18_g725.t1,1
4:,utexb3016_scaffold_18_g748.t1,1
4:,utexb3016_scaffold_18_g771.t1,1
4:,utexb3016_scaffold_18_g773.t1,1
4:,utexb3016_scaffold_18_g839.t1,1
4:,utexb3016_scaffold_18_g86.t1,1
4:,utexb3016_scaffold_19_g1406.t1,1
4:,utexb3016_scaffold_18_g608.t1,1
4:,utexb3016_scaffold_20_g110.t1,1
4:,utexb3016_scaffold_20_g13.t1,1
4:,utexb3016_scaffold_20_g140.t1,1
4:,utexb3016_scaffold_20_g194.t1,1
4:,utexb3016_scaffold_20_g215.t1,1
4:,utexb3016_scaffold_20_g353.t1,1
4:,utexb3016_scaffold_20_g373.t1,1
4:,utexb3016_scaffold_18_g629.t1,1
4:,utexb3016_scaffold_18_g513.t1,1
4:,utexb3016_scaffold_21_g567.t1,1
4:,utexb3016_scaffold_17_g885.t1,1
4:,utexb3016_scaffold_17_g688.t1,1
4:,utexb3016_scaffold_17_g692.t1,1
4:,utexb3016_scaffold_17_g712.t1,1
4:,utexb3016_scaffold_17_g725.t1,1
4:,utexb3016_scaffold_17_g820.t1,1
4:,utexb3016_scaffold_17_g861.t1,1
4:,utexb3016_scaffold_17_g874.t1,1
4:,utexb3016_scaffold_17_g916.t1,1
4:,utexb3016_scaffold_18_g458.t1,1
4:,utexb3016_scaffold_18_g125.t1,1
4:,utexb3016_scaffold_18_g200.t1,1
4:,utexb3016_scaffold_18_g222.t1,1
4:,utexb3016_scaffold_18_g251.t1,1
4:,utexb3016_scaffold_18_g317.t1,1
4:,utexb3016_scaffold_18_g391.t1,1
4:,utexb3016_scaffold_18_g43.t1,1
4:,utexb3016_scaffold_20_g414.t1,1
4:,utexb3016_scaffold_20_g45.t1,1
4:,utexb3016_scaffold_20_g451.t1,1
4:,utexb3016_scaffold_21_g309.t1,1
4:,utexb3016_scaffold_21_g1381.t1,1
4:,utexb3016_scaffold_21_g1405.t1,1
4:,utexb3016_scaffold_21_g222.t1,1
4:,utexb3016_scaffold_21_g24.t1,1
4:,utexb3016_scaffold_21_g256.t1,1
4:,utexb3016_scaffold_21_g278.t1,1
4:,utexb3016_scaffold_21_g284.t1,1
4:,utexb3016_scaffold_21_g323.t1,1
4:,utexb3016_scaffold_20_g495.t1,1
4:,utexb3016_scaffold_21_g343.t1,1
4:,utexb3016_scaffold_21_g392.t1,1
4:,utexb3016_scaffold_21_g393.t1,1
4:,utexb3016_scaffold_21_g424.t1,1
4:,utexb3016_scaffold_21_g444.t1,1
4:,utexb3016_scaffold_21_g486.t1,1
4:,utexb3016_scaffold_21_g561.t1,1
4:,utexb3016_scaffold_21_g1353.t1,1
4:,utexb3016_scaffold_21_g1347.t1,1
4:,utexb3016_scaffold_21_g1304.t1,1
4:,utexb3016_scaffold_21_g128.t1,1
4:,utexb3016_scaffold_20_g515.t1,1
4:,utexb3016_scaffold_20_g92.t1,1
4:,utexb3016_scaffold_21_g1009.t1,1
4:,utexb3016_scaffold_21_g1034.t1,1
4:,utexb3016_scaffold_21_g1037.t1,1
4:,utexb3016_scaffold_21_g1053.t1,1
4:,utexb3016_scaffold_21_g1140.t1,1
4:,utexb3016_scaffold_21_g1165.t1,1
4:,utexb3016_scaffold_21_g1168.t1,1
4:,utexb3016_scaffold_21_g1186.t1,1
4:,utexb3016_scaffold_21_g1196.t1,1
4:,utexb3016_scaffold_21_g1244.t1,1
4:,utexb3016_scaffold_21_g1252.t1,1
4:,utexb3016_scaffold_21_g1266.t1,1
4:,utexb3016_scaffold_21_g1272.t1,1
4:,utex395_scaffold_25_g983.t1,1
4:,utex395_scaffold_25_g935.t1,1
4:,utex395_scaffold_25_g916.t1,1
4:,utex2526_scaffold_22_g15.t1,1
4:,utex2526_scaffold_15_g948.t1,1
4:,utex2526_scaffold_15_g964.t1,1
4:,utex2526_scaffold_15_g991.t1,1
4:,utex2526_scaffold_18_g9.t1,1
4:,utex2526_scaffold_19_g11.t1,1
4:,utex2526_scaffold_1_g18.t1,1
4:,utex2526_scaffold_1_g6.t1,1
4:,utex2526_scaffold_22_g26.t1,1
4:,utex2526_scaffold_15_g923.t1,1
4:,utex2526_scaffold_22_g9.t1,1
4:,utex2526_scaffold_23_g111.t1,1
4:,utex2526_scaffold_23_g20.t1,1
4:,utex2526_scaffold_23_g84.t1,1
4:,utex2526_scaffold_25_g65.t1,1
4:,utex2526_scaffold_27_g558.t1,1
4:,utex2526_scaffold_27_g635.t1,1
4:,utex2526_scaffold_15_g937.t1,1
4:,utex2526_scaffold_15_g895.t1,1
4:,utex2526_scaffold_3_g15.t1,1
4:,utex2526_scaffold_15_g797.t1,1
4:,utex2526_scaffold_15_g736.t1,1
4:,utex2526_scaffold_15_g739.t1,1
4:,utex2526_scaffold_15_g753.t1,1
4:,utex2526_scaffold_15_g765.t1,1
4:,utex2526_scaffold_15_g773.t1,1
4:,utex2526_scaffold_15_g790.t1,1
4:,utex2526_scaffold_15_g792.t1,1
4:,utex2526_scaffold_15_g829.t1,1
4:,utex2526_scaffold_15_g889.t1,1
4:,utex2526_scaffold_15_g832.t1,1
4:,utex2526_scaffold_15_g846.t1,1
4:,utex2526_scaffold_15_g848.t1,1
4:,utex2526_scaffold_15_g859.t1,1
4:,utex2526_scaffold_15_g86.t1,1
4:,utex2526_scaffold_15_g866.t1,1
4:,utex2526_scaffold_15_g87.t1,1
4:,utex2526_scaffold_3_g126.t1,1
4:,utex2526_scaffold_3_g157.t1,1
4:,utex395_scaffold_25_g906.t1,1
4:,utex395_scaffold_17_g376.t1,1
4:,utex395_scaffold_17_g208.t1,1
4:,utex395_scaffold_17_g243.t1,1
4:,utex395_scaffold_17_g246.t1,1
4:,utex395_scaffold_17_g250.t1,1
4:,utex395_scaffold_17_g259.t1,1
4:,utex395_scaffold_17_g328.t1,1
4:,utex395_scaffold_17_g37.t1,1
4:,utex395_scaffold_17_g384.t1,1
4:,utex395_scaffold_16_g19.t1,1
4:,utex395_scaffold_17_g408.t1,1
4:,utex395_scaffold_17_g418.t1,1
4:,utex395_scaffold_17_g427.t1,1
4:,utex395_scaffold_17_g432.t1,1
4:,utex395_scaffold_17_g44.t1,1
4:,utex395_scaffold_17_g461.t1,1
4:,utex395_scaffold_17_g489.t1,1
4:,utex395_scaffold_17_g11.t1,1
4:,utex395_scaffold_15_g626.t1,1
4:,utex2526_scaffold_3_g175.t1,1
4:,utex2526_scaffold_3_g89.t1,1
4:,utex2526_scaffold_3_g265.t1,1
4:,utex2526_scaffold_3_g270.t1,1
4:,utex2526_scaffold_3_g278.t1,1
4:,utex2526_scaffold_3_g48.t1,1
4:,utex2526_scaffold_3_g6.t1,1
4:,utex2526_scaffold_3_g60.t1,1
4:,utex2526_scaffold_3_g82.t1,1
4:,utex2526_scaffold_7_g88.t1,1
4:,utex395_scaffold_15_g118.t1,1
4:,utex2526_scaffold_7_g89.t1,1
4:,utex395_scaffold_12_g15.t1,1
4:,utex395_scaffold_12_g17.t1,1
4:,utex395_scaffold_13_g19.t1,1
4:,utex395_scaffold_13_g25.t1,1
4:,utex395_scaffold_13_g60.t1,1
4:,utex395_scaffold_13_g76.t1,1
4:,utex2526_scaffold_15_g725.t1,1
4:,utex2526_scaffold_15_g709.t1,1
4:,utex2526_scaffold_15_g686.t1,1
4:,utex2526_scaffold_14_g367.t1,1
4:,utex2526_scaffold_14_g249.t1,1
4:,utex2526_scaffold_14_g264.t1,1
4:,utex2526_scaffold_14_g275.t1,1
4:,utex2526_scaffold_14_g279.t1,1
4:,utex2526_scaffold_14_g30.t1,1
4:,utex2526_scaffold_14_g307.t1,1
4:,utex2526_scaffold_14_g314.t1,1
4:,utex2526_scaffold_14_g369.t1,1
4:,utex2526_scaffold_14_g197.t1,1
4:,utex2526_scaffold_14_g384.t1,1
4:,utex2526_scaffold_14_g394.t1,1
4:,utex2526_scaffold_14_g405.t1,1
4:,utex2526_scaffold_14_g431.t1,1
4:,utex2526_scaffold_14_g46.t1,1
4:,utex2526_scaffold_14_g477.t1,1
4:,utex2526_scaffold_14_g487.t1,1
4:,utex2526_scaffold_14_g238.t1,1
4:,utex2526_scaffold_14_g195.t1,1
4:,utex2526_scaffold_15_g647.t1,1
4:,utex2526_scaffold_13_g87.t1,1
4:,utex2526_scaffold_12_g92.t1,1
4:,utex2526_scaffold_13_g164.t1,1
4:,utex2526_scaffold_13_g225.t1,1
4:,utex2526_scaffold_13_g25.t1,1
4:,utex2526_scaffold_13_g255.t1,1
4:,utex2526_scaffold_13_g34.t1,1
4:,utex2526_scaffold_13_g61.t1,1
4:,utex2526_scaffold_14_g124.t1,1
4:,utex2526_scaffold_14_g189.t1,1
4:,utex2526_scaffold_14_g136.t1,1
4:,utex2526_scaffold_14_g137.t1,1
4:,utex2526_scaffold_14_g143.t1,1
4:,utex2526_scaffold_14_g157.t1,1
4:,utex2526_scaffold_14_g160.t1,1
4:,utex2526_scaffold_14_g161.t1,1
4:,utex2526_scaffold_14_g165.t1,1
4:,utex2526_scaffold_14_g518.t1,1
4:,utex2526_scaffold_14_g533.t1,1
4:,utex2526_scaffold_14_g57.t1,1
4:,utex2526_scaffold_15_g463.t1,1
4:,utex2526_scaffold_15_g299.t1,1
4:,utex2526_scaffold_15_g303.t1,1
4:,utex2526_scaffold_15_g313.t1,1
4:,utex2526_scaffold_15_g326.t1,1
4:,utex2526_scaffold_15_g333.t1,1
4:,utex2526_scaffold_15_g404.t1,1
4:,utex2526_scaffold_15_g412.t1,1
4:,utex2526_scaffold_15_g494.t1,1
4:,utex2526_scaffold_14_g61.t1,1
4:,utex2526_scaffold_15_g507.t1,1
4:,utex2526_scaffold_15_g540.t1,1
4:,utex2526_scaffold_15_g544.t1,1
4:,utex2526_scaffold_15_g556.t1,1
4:,utex2526_scaffold_15_g583.t1,1
4:,utex2526_scaffold_15_g585.t1,1
4:,utex2526_scaffold_15_g646.t1,1
4:,utex2526_scaffold_15_g282.t1,1
4:,utex2526_scaffold_15_g261.t1,1
4:,utex2526_scaffold_15_g246.t1,1
4:,utex2526_scaffold_15_g236.t1,1
4:,utex2526_scaffold_14_g72.t1,1
4:,utex2526_scaffold_15_g1012.t1,1
4:,utex2526_scaffold_15_g1023.t1,1
4:,utex2526_scaffold_15_g1027.t1,1
4:,utex2526_scaffold_15_g1121.t1,1
4:,utex2526_scaffold_15_g1129.t1,1
4:,utex2526_scaffold_15_g1150.t1,1
4:,utex2526_scaffold_15_g1185.t1,1
4:,utex2526_scaffold_15_g1187.t1,1
4:,utex2526_scaffold_15_g119.t1,1
4:,utex2526_scaffold_15_g1212.t1,1
4:,utex2526_scaffold_15_g159.t1,1
4:,utex2526_scaffold_15_g162.t1,1
4:,utex2526_scaffold_15_g171.t1,1
4:,utex2526_scaffold_15_g233.t1,1
4:,utex395_scaffold_17_g504.t1,1
4:,utex395_scaffold_17_g517.t1,1
4:,utex395_scaffold_17_g621.t1,1
4:,utex395_scaffold_24_g530.t1,1
4:,utex395_scaffold_24_g367.t1,1
4:,utex395_scaffold_24_g398.t1,1
4:,utex395_scaffold_24_g405.t1,1
4:,utex395_scaffold_24_g421.t1,1
4:,utex395_scaffold_24_g466.t1,1
4:,utex395_scaffold_24_g472.t1,1
4:,utex395_scaffold_24_g522.t1,1
4:,utex395_scaffold_24_g545.t1,1
4:,utex395_scaffold_24_g351.t1,1
4:,utex395_scaffold_24_g555.t1,1
4:,utex395_scaffold_24_g568.t1,1
4:,utex395_scaffold_24_g590.t1,1
4:,utex395_scaffold_24_g661.t1,1
4:,utex395_scaffold_24_g684.t1,1
4:,utex395_scaffold_24_g697.t1,1
4:,utex395_scaffold_24_g703.t1,1
4:,utex395_scaffold_24_g353.t1,1
4:,utex395_scaffold_24_g314.t1,1
4:,utex395_scaffold_23_g122.t1,1
4:,utex395_scaffold_23_g430.t1,1
4:,utex395_scaffold_23_g174.t1,1
4:,utex395_scaffold_23_g178.t1,1
4:,utex395_scaffold_23_g224.t1,1
4:,utex395_scaffold_23_g243.t1,1
4:,utex395_scaffold_23_g273.t1,1
4:,utex395_scaffold_23_g312.t1,1
4:,utex395_scaffold_23_g341.t1,1
4:,utex395_scaffold_23_g58.t1,1
4:,utex395_scaffold_24_g293.t1,1
4:,utex395_scaffold_23_g60.t1,1
4:,utex395_scaffold_23_g76.t1,1
4:,utex395_scaffold_24_g118.t1,1
4:,utex395_scaffold_24_g191.t1,1
4:,utex395_scaffold_24_g194.t1,1
4:,utex395_scaffold_24_g243.t1,1
4:,utex395_scaffold_24_g265.t1,1
4:,utex395_scaffold_24_g779.t1,1
4:,utex395_scaffold_24_g837.t1,1
4:,utex395_scaffold_24_g840.t1,1
4:,utex395_scaffold_25_g66.t1,1
4:,utex395_scaffold_25_g476.t1,1
4:,utex395_scaffold_25_g510.t1,1
4:,utex395_scaffold_25_g520.t1,1
4:,utex395_scaffold_25_g592.t1,1
4:,utex395_scaffold_25_g596.t1,1
4:,utex395_scaffold_25_g623.t1,1
4:,utex395_scaffold_25_g657.t1,1
4:,utex395_scaffold_25_g695.t1,1
4:,utex395_scaffold_24_g94.t1,1
4:,utex395_scaffold_25_g720.t1,1
4:,utex395_scaffold_25_g766.t1,1
4:,utex395_scaffold_25_g792.t1,1
4:,utex395_scaffold_25_g805.t1,1
4:,utex395_scaffold_25_g830.t1,1
4:,utex395_scaffold_25_g859.t1,1
4:,utex395_scaffold_25_g887.t1,1
4:,utex395_scaffold_25_g353.t1,1
4:,utex395_scaffold_25_g318.t1,1
4:,utex395_scaffold_25_g282.t1,1
4:,utex395_scaffold_25_g27.t1,1
4:,utex395_scaffold_24_g99.t1,1
4:,utex395_scaffold_25_g1004.t1,1
4:,utex395_scaffold_25_g1127.t1,1
4:,utex395_scaffold_25_g1144.t1,1
4:,utex395_scaffold_25_g1172.t1,1
4:,utex395_scaffold_25_g1190.t1,1
4:,utex395_scaffold_25_g1248.t1,1
4:,utex395_scaffold_25_g1304.t1,1
4:,utex395_scaffold_25_g134.t1,1
4:,utex395_scaffold_25_g1349.t1,1
4:,utex395_scaffold_25_g1388.t1,1
4:,utex395_scaffold_25_g167.t1,1
4:,utex395_scaffold_25_g206.t1,1
4:,utex395_scaffold_25_g208.t1,1
4:,utex395_scaffold_25_g264.t1,1
4:,utex395_scaffold_23_g16.t1,1
4:,utex395_scaffold_22_g346.t1,1
4:,utex395_scaffold_17_g686.t1,1
4:,utex395_scaffold_18_g642.t1,1
4:,utex395_scaffold_18_g489.t1,1
4:,utex395_scaffold_18_g490.t1,1
4:,utex395_scaffold_18_g526.t1,1
4:,utex395_scaffold_18_g543.t1,1
4:,utex395_scaffold_18_g561.t1,1
4:,utex395_scaffold_18_g599.t1,1
4:,utex395_scaffold_18_g638.t1,1
4:,utex395_scaffold_18_g694.t1,1
4:,utex395_scaffold_18_g461.t1,1
4:,utex395_scaffold_18_g70.t1,1
4:,utex395_scaffold_18_g733.t1,1
4:,utex395_scaffold_18_g8.t1,1
4:,utex395_scaffold_18_g82.t1,1
4:,utex395_scaffold_19_g18.t1,1
4:,utex395_scaffold_19_g209.t1,1
4:,utex395_scaffold_1_g102.t1,1
4:,utex395_scaffold_18_g48.t1,1
4:,utex395_scaffold_18_g452.t1,1
4:,utex395_scaffold_22_g332.t1,1
4:,utex395_scaffold_18_g215.t1,1
4:,utex395_scaffold_17_g82.t1,1
4:,utex395_scaffold_18_g102.t1,1
4:,utex395_scaffold_18_g115.t1,1
4:,utex395_scaffold_18_g129.t1,1
4:,utex395_scaffold_18_g148.t1,1
4:,utex395_scaffold_18_g188.t1,1
4:,utex395_scaffold_18_g208.t1,1
4:,utex395_scaffold_18_g246.t1,1
4:,utex395_scaffold_18_g423.t1,1
4:,utex395_scaffold_18_g280.t1,1
4:,utex395_scaffold_18_g308.t1,1
4:,utex395_scaffold_18_g315.t1,1
4:,utex395_scaffold_18_g348.t1,1
4:,utex395_scaffold_18_g368.t1,1
4:,utex395_scaffold_18_g403.t1,1
4:,utex395_scaffold_18_g419.t1,1
4:,utex395_scaffold_1_g104.t1,1
4:,utex395_scaffold_1_g149.t1,1
4:,utex395_scaffold_1_g16.t1,1
4:,utex395_scaffold_20_g570.t1,1
4:,utex395_scaffold_20_g146.t1,1
4:,utex395_scaffold_20_g193.t1,1
4:,utex395_scaffold_20_g265.t1,1
4:,utex395_scaffold_20_g28.t1,1
4:,utex395_scaffold_20_g376.t1,1
4:,utex395_scaffold_20_g538.t1,1
4:,utex395_scaffold_20_g550.t1,1
4:,utex395_scaffold_20_g627.t1,1
4:,utex395_scaffold_1_g18.t1,1
4:,utex395_scaffold_20_g65.t1,1
4:,utex395_scaffold_20_g655.t1,1
4:,utex395_scaffold_20_g696.t1,1
4:,utex395_scaffold_20_g744.t1,1
4:,utex395_scaffold_20_g770.t1,1
4:,utex395_scaffold_20_g779.t1,1
4:,utex395_scaffold_20_g803.t1,1
4:,utex395_scaffold_20_g119.t1,1
4:,utex395_scaffold_20_g106.t1,1
4:,utex395_scaffold_20_g10.t1,1
4:,utex395_scaffold_1_g71.t1,1
4:,utex395_scaffold_1_g181.t1,1
4:,utex395_scaffold_1_g22.t1,1
4:,utex395_scaffold_1_g222.t1,1
4:,utex395_scaffold_1_g228.t1,1
4:,utex395_scaffold_1_g259.t1,1
4:,utex395_scaffold_1_g271.t1,1
4:,utex395_scaffold_1_g314.t1,1
4:,utex395_scaffold_1_g347.t1,1
4:,utex395_scaffold_1_g385.t1,1
4:,utex395_scaffold_1_g387.t1,1
4:,utex395_scaffold_1_g40.t1,1
4:,utex395_scaffold_1_g400.t1,1
4:,utex395_scaffold_1_g434.t1,1
4:,utex395_scaffold_1_g483.t1,1
4:,utex395_scaffold_1_g488.t1,1
6:,utex2526_scaffold_3_g281.t1,1
6:,utex395_scaffold_19_g26.t1,1
6:,utex2526_scaffold_3_g50.t1,1
9:,utex2526_scaffold_12_g211.t1,1
9:,utex2526_scaffold_11_g16.t1,1
9:,utex2526_scaffold_11_g51.t1,1
9:,utex2526_scaffold_11_g68.t1,1
9:,utex2526_scaffold_12_g144.t1,1
9:,utex2526_scaffold_12_g156.t1,1
9:,utex2526_scaffold_12_g179.t1,1
9:,utex2526_scaffold_12_g183.t1,1
9:,utex2526_scaffold_12_g215.t1,1
9:,utex2526_scaffold_10_g673.t1,1
9:,utex2526_scaffold_12_g250.t1,1
9:,utex2526_scaffold_12_g318.t1,1
9:,utex2526_scaffold_12_g344.t1,1
9:,utex2526_scaffold_12_g352.t1,1
9:,utex2526_scaffold_12_g382.t1,1
9:,utex2526_scaffold_12_g459.t1,1
9:,utex2526_scaffold_12_g477.t1,1
9:,utex2526_scaffold_10_g682.t1,1
9:,utex2526_scaffold_10_g629.t1,1
9:,utex2526_scaffold_12_g91.t1,1
9:,utex2526_scaffold_10_g414.t1,1
99:,utexb3016_scaffold_21_g417.t1,1
99:,utexb3016_scaffold_22_g1470.t1,1
99:,utexb3016_scaffold_22_g487.t1,1
9:,utex2526_scaffold_10_g125.t1,1
9:,utex2526_scaffold_10_g164.t1,1
9:,utex2526_scaffold_10_g202.t1,1
9:,utex2526_scaffold_10_g402.t1,1
9:,utex2526_scaffold_10_g479.t1,1
9:,utex2526_scaffold_10_g625.t1,1
9:,utex2526_scaffold_10_g500.t1,1
9:,utex2526_scaffold_10_g514.t1,1
9:,utex2526_scaffold_10_g515.t1,1
9:,utex2526_scaffold_10_g545.t1,1
9:,utex2526_scaffold_10_g585.t1,1
9:,utex2526_scaffold_10_g611.t1,1
9:,utex2526_scaffold_10_g620.t1,1
9:,utex2526_scaffold_12_g533.t1,1
9:,utex2526_scaffold_13_g183.t1,1
99:,utex395_scaffold_20_g369.t1,1
9:,utex2526_scaffold_15_g414.t1,1
9:,utex2526_scaffold_15_g1137.t1,1
9:,utex2526_scaffold_15_g191.t1,1
9:,utex2526_scaffold_15_g192.t1,1
9:,utex2526_scaffold_15_g255.t1,1
9:,utex2526_scaffold_15_g269.t1,1
9:,utex2526_scaffold_15_g299.t1,1
9:,utex2526_scaffold_15_g335.t1,1
9:,utex2526_scaffold_15_g418.t1,1
9:,utex2526_scaffold_15_g1084.t1,1
9:,utex2526_scaffold_15_g502.t1,1
9:,utex2526_scaffold_15_g545.t1,1
9:,utex2526_scaffold_15_g563.t1,1
9:,utex2526_scaffold_15_g592.t1,1
9:,utex2526_scaffold_15_g656.t1,1
9:,utex2526_scaffold_15_g659.t1,1
9:,utex2526_scaffold_15_g745.t1,1
9:,utex2526_scaffold_15_g1087.t1,1
9:,utex2526_scaffold_15_g1063.t1,1
9:,utex2526_scaffold_13_g68.t1,1
9:,utex2526_scaffold_14_g299.t1,1
9:,utex2526_scaffold_14_g137.t1,1
9:,utex2526_scaffold_14_g141.t1,1
9:,utex2526_scaffold_14_g144.t1,1
9:,utex2526_scaffold_14_g172.t1,1
9:,utex2526_scaffold_14_g216.t1,1
9:,utex2526_scaffold_14_g233.t1,1
9:,utex2526_scaffold_14_g292.t1,1
9:,utex2526_scaffold_14_g329.t1,1
9:,utex2526_scaffold_15_g1023.t1,1
9:,utex2526_scaffold_14_g348.t1,1
9:,utex2526_scaffold_14_g400.t1,1
9:,utex2526_scaffold_14_g512.t1,1
9:,utex2526_scaffold_14_g559.t1,1
9:,utex2526_scaffold_14_g56.t1,1
9:,utex2526_scaffold_14_g64.t1,1
9:,utex2526_scaffold_14_g67.t1,1
99:,utexb3016_scaffold_21_g1110.t1,1
98:,utexb3016_scaffold_22_g486.t1,1
9:,utex2526_scaffold_15_g796.t1,1
90:,utex395_scaffold_20_g351.t1,1
8:,utexb3016_scaffold_22_g970.t1,1
8:,utexb3016_scaffold_7_g134.t1,1
8:,utexb3016_scaffold_7_g175.t1,1
8:,utexb3016_scaffold_7_g309.t1,1
8:,utexb3016_scaffold_7_g370.t1,1
8:,utexb3016_scaffold_7_g445.t1,1
90:,utex395_scaffold_17_g349.t1,1
90:,utexb3016_scaffold_21_g1075.t1,1
8:,utexb3016_scaffold_22_g946.t1,1
90:,utexb3016_scaffold_21_g377.t1,1
90:,utexb3016_scaffold_22_g1412.t1,1
90:,utexb3016_scaffold_22_g466.t1,1
90:,utexb3016_scaffold_22_g601.t1,1
91:,utex395_scaffold_17_g355.t1,1
91:,utex395_scaffold_20_g356.t1,1
91:,utexb3016_scaffold_21_g1076.t1,1
8:,utexb3016_scaffold_22_g954.t1,1
8:,utexb3016_scaffold_22_g944.t1,1
91:,utexb3016_scaffold_22_g1416.t1,1
8:,utexb3016_scaffold_22_g670.t1,1
8:,utexb3016_scaffold_22_g341.t1,1
8:,utexb3016_scaffold_22_g436.t1,1
8:,utexb3016_scaffold_22_g456.t1,1
8:,utexb3016_scaffold_22_g588.t1,1
8:,utexb3016_scaffold_22_g613.t1,1
8:,utexb3016_scaffold_22_g644.t1,1
8:,utexb3016_scaffold_22_g648.t1,1
8:,utexb3016_scaffold_22_g672.t1,1
8:,utexb3016_scaffold_22_g927.t1,1
8:,utexb3016_scaffold_22_g754.t1,1
8:,utexb3016_scaffold_22_g782.t1,1
8:,utexb3016_scaffold_22_g818.t1,1
8:,utexb3016_scaffold_22_g85.t1,1
8:,utexb3016_scaffold_22_g871.t1,1
8:,utexb3016_scaffold_22_g872.t1,1
8:,utexb3016_scaffold_22_g880.t1,1
91:,utexb3016_scaffold_21_g382.t1,1
91:,utexb3016_scaffold_22_g467.t1,1
98:,utexb3016_scaffold_22_g1453.t1,1
96:,utexb3016_scaffold_22_g474.t1,1
95:,utexb3016_scaffold_21_g404.t1,1
95:,utexb3016_scaffold_22_g1444.t1,1
95:,utexb3016_scaffold_22_g473.t1,1
96:,utex395_scaffold_20_g366.t1,1
96:,utexb3016_scaffold_21_g1090.t1,1
96:,utexb3016_scaffold_21_g410.t1,1
96:,utexb3016_scaffold_22_g1446.t1,1
97:,utex395_scaffold_20_g367.t1,1
95:,utex395_scaffold_20_g364.t1,1
97:,utexb3016_scaffold_21_g1091.t1,1
97:,utexb3016_scaffold_21_g412.t1,1
97:,utexb3016_scaffold_22_g1449.t1,1
97:,utexb3016_scaffold_22_g485.t1,1
98:,utex395_scaffold_20_g368.t1,1
98:,utexb3016_scaffold_21_g1096.t1,1
98:,utexb3016_scaffold_21_g414.t1,1
95:,utexb3016_scaffold_21_g1086.t1,1
95:,utex395_scaffold_17_g363.t1,1
92:,utex395_scaffold_17_g360.t1,1
93:,utexb3016_scaffold_21_g1083.t1,1
92:,utex395_scaffold_20_g357.t1,1
92:,utexb3016_scaffold_21_g1079.t1,1
92:,utexb3016_scaffold_21_g384.t1,1
92:,utexb3016_scaffold_22_g1430.t1,1
92:,utexb3016_scaffold_22_g468.t1,1
93:,utex395_scaffold_17_g361.t1,1
93:,utex395_scaffold_20_g359.t1,1
93:,utexb3016_scaffold_21_g386.t1,1
94:,utexb3016_scaffold_22_g472.t1,1
93:,utexb3016_scaffold_22_g1439.t1,1
93:,utexb3016_scaffold_22_g469.t1,1
94:,utex395_scaffold_17_g362.t1,1
94:,utex395_scaffold_20_g363.t1,1
94:,utexb3016_scaffold_21_g1084.t1,1
94:,utexb3016_scaffold_21_g393.t1,1
94:,utexb3016_scaffold_22_g1442.t1,1
9:,utex2526_scaffold_15_g746.t1,1
9:,utex2526_scaffold_15_g807.t1,1
8:,utexb3016_scaffold_22_g303.t1,1
9:,utex395_scaffold_25_g539.t1,1
9:,utex395_scaffold_25_g258.t1,1
9:,utex395_scaffold_25_g270.t1,1
9:,utex395_scaffold_25_g299.t1,1
9:,utex395_scaffold_25_g336.t1,1
9:,utex395_scaffold_25_g368.t1,1
9:,utex395_scaffold_25_g485.t1,1
9:,utex395_scaffold_25_g529.t1,1
9:,utex395_scaffold_25_g631.t1,1
9:,utex395_scaffold_25_g1347.t1,1
9:,utex395_scaffold_25_g705.t1,1
9:,utex395_scaffold_25_g790.t1,1
9:,utex395_scaffold_25_g811.t1,1
9:,utex395_scaffold_25_g878.t1,1
9:,utex395_scaffold_2_g138.t1,1
9:,utex395_scaffold_2_g168.t1,1
9:,utex395_scaffold_2_g179.t1,1
9:,utex395_scaffold_25_g186.t1,1
9:,utex395_scaffold_25_g1265.t1,1
9:,utex395_scaffold_2_g237.t1,1
9:,utex395_scaffold_24_g588.t1,1
9:,utex395_scaffold_24_g326.t1,1
9:,utex395_scaffold_24_g408.t1,1
9:,utex395_scaffold_24_g417.t1,1
9:,utex395_scaffold_24_g430.t1,1
9:,utex395_scaffold_24_g484.t1,1
9:,utex395_scaffold_24_g534.t1,1
9:,utex395_scaffold_24_g579.t1,1
9:,utex395_scaffold_24_g676.t1,1
9:,utex395_scaffold_25_g1222.t1,1
9:,utex395_scaffold_24_g699.t1,1
9:,utex395_scaffold_24_g736.t1,1
9:,utex395_scaffold_24_g753.t1,1
9:,utex395_scaffold_24_g820.t1,1
9:,utex395_scaffold_25_g1015.t1,1
9:,utex395_scaffold_25_g1137.t1,1
9:,utex395_scaffold_25_g1205.t1,1
9:,utex395_scaffold_2_g227.t1,1
9:,utex395_scaffold_2_g281.t1,1
9:,utex395_scaffold_24_g208.t1,1
9:,utexb3016_scaffold_12_g284.t1,1
9:,utexb3016_scaffold_10_g706.t1,1
9:,utexb3016_scaffold_10_g732.t1,1
9:,utexb3016_scaffold_10_g803.t1,1
9:,utexb3016_scaffold_12_g177.t1,1
9:,utexb3016_scaffold_12_g185.t1,1
9:,utexb3016_scaffold_12_g218.t1,1
9:,utexb3016_scaffold_12_g264.t1,1
9:,utexb3016_scaffold_12_g316.t1,1
9:,utexb3016_scaffold_10_g51.t1,1
9:,utexb3016_scaffold_12_g35.t1,1
9:,utexb3016_scaffold_12_g429.t1,1
9:,utexb3016_scaffold_12_g500.t1,1
9:,utexb3016_scaffold_12_g531.t1,1
9:,utexb3016_scaffold_12_g607.t1,1
9:,utexb3016_scaffold_12_g760.t1,1
9:,utexb3016_scaffold_13_g100.t1,1
9:,utexb3016_scaffold_10_g670.t1,1
9:,utexb3016_scaffold_10_g494.t1,1
9:,utex395_scaffold_2_g282.t1,1
9:,utex395_scaffold_4_g22.t1,1
9:,utex395_scaffold_2_g303.t1,1
9:,utex395_scaffold_2_g31.t1,1
9:,utex395_scaffold_2_g338.t1,1
9:,utex395_scaffold_2_g364.t1,1
9:,utex395_scaffold_2_g368.t1,1
9:,utex395_scaffold_2_g448.t1,1
9:,utex395_scaffold_2_g49.t1,1
9:,utex395_scaffold_4_g440.t1,1
9:,utexb3016_scaffold_10_g459.t1,1
9:,utex395_scaffold_4_g505.t1,1
9:,utexb3016_scaffold_10_g175.t1,1
9:,utexb3016_scaffold_10_g267.t1,1
9:,utexb3016_scaffold_10_g279.t1,1
9:,utexb3016_scaffold_10_g308.t1,1
9:,utexb3016_scaffold_10_g338.t1,1
9:,utexb3016_scaffold_10_g366.t1,1
9:,utex395_scaffold_24_g271.t1,1
9:,utex395_scaffold_24_g207.t1,1
9:,utex2526_scaffold_15_g840.t1,1
9:,utex395_scaffold_17_g288.t1,1
9:,utex395_scaffold_12_g39.t1,1
9:,utex395_scaffold_13_g25.t1,1
9:,utex395_scaffold_13_g45.t1,1
9:,utex395_scaffold_13_g91.t1,1
9:,utex395_scaffold_15_g123.t1,1
9:,utex395_scaffold_15_g236.t1,1
9:,utex395_scaffold_15_g89.t1,1
9:,utex395_scaffold_17_g306.t1,1
9:,utex2526_scaffold_4_g514.t1,1
9:,utex395_scaffold_17_g333.t1,1
9:,utex395_scaffold_17_g437.t1,1
9:,utex395_scaffold_17_g461.t1,1
9:,utex395_scaffold_17_g473.t1,1
9:,utex395_scaffold_17_g655.t1,1
9:,utex395_scaffold_17_g66.t1,1
9:,utex395_scaffold_18_g112.t1,1
9:,utex395_scaffold_12_g26.t1,1
9:,utex2526_scaffold_3_g53.t1,1
9:,utex395_scaffold_18_g322.t1,1
9:,utex2526_scaffold_1_g13.t1,1
9:,utex2526_scaffold_15_g871.t1,1
9:,utex2526_scaffold_15_g878.t1,1
9:,utex2526_scaffold_15_g895.t1,1
9:,utex2526_scaffold_15_g906.t1,1
9:,utex2526_scaffold_15_g939.t1,1
9:,utex2526_scaffold_15_g946.t1,1
9:,utex2526_scaffold_15_g975.t1,1
9:,utex2526_scaffold_22_g16.t1,1
9:,utex2526_scaffold_3_g328.t1,1
9:,utex2526_scaffold_23_g100.t1,1
9:,utex2526_scaffold_23_g32.t1,1
9:,utex2526_scaffold_23_g87.t1,1
9:,utex2526_scaffold_3_g116.t1,1
9:,utex2526_scaffold_3_g140.t1,1
9:,utex2526_scaffold_3_g296.t1,1
9:,utex2526_scaffold_3_g310.t1,1
9:,utex395_scaffold_18_g241.t1,1
9:,utex395_scaffold_18_g379.t1,1
9:,utex395_scaffold_24_g138.t1,1
9:,utex395_scaffold_23_g211.t1,1
9:,utex395_scaffold_20_g34.t1,1
9:,utex395_scaffold_20_g576.t1,1
9:,utex395_scaffold_20_g577.t1,1
9:,utex395_scaffold_20_g754.t1,1
9:,utex395_scaffold_20_g789.t1,1
9:,utex395_scaffold_20_g830.t1,1
9:,utex395_scaffold_23_g143.t1,1
9:,utex395_scaffold_23_g248.t1,1
9:,utex395_scaffold_20_g199.t1,1
9:,utex395_scaffold_23_g327.t1,1
9:,utex395_scaffold_23_g362.t1,1
9:,utex395_scaffold_23_g64.t1,1
9:,utex395_scaffold_23_g80.t1,1
9:,utex395_scaffold_23_g95.t1,1
9:,utex395_scaffold_24_g107.t1,1
9:,utex395_scaffold_24_g116.t1,1
9:,utex395_scaffold_20_g272.t1,1
9:,utex395_scaffold_20_g17.t1,1
9:,utex395_scaffold_18_g387.t1,1
9:,utex395_scaffold_1_g127.t1,1
9:,utex395_scaffold_18_g432.t1,1
9:,utex395_scaffold_18_g472.t1,1
9:,utex395_scaffold_18_g543.t1,1
9:,utex395_scaffold_18_g612.t1,1
9:,utex395_scaffold_18_g647.t1,1
9:,utex395_scaffold_18_g747.t1,1
9:,utex395_scaffold_18_g79.t1,1
9:,utex395_scaffold_1_g142.t1,1
9:,utex395_scaffold_20_g152.t1,1
9:,utex395_scaffold_1_g23.t1,1
9:,utex395_scaffold_1_g287.t1,1
9:,utex395_scaffold_1_g364.t1,1
9:,utex395_scaffold_1_g447.t1,1
9:,utex395_scaffold_1_g49.t1,1
9:,utex395_scaffold_1_g503.t1,1
9:,utex395_scaffold_1_g84.t1,1
8:,utexb3016_scaffold_22_g310.t1,1
8:,utexb3016_scaffold_22_g256.t1,1
9:,utexb3016_scaffold_13_g205.t1,1
8:,utex395_scaffold_25_g1008.t1,1
8:,utex395_scaffold_24_g577.t1,1
8:,utex395_scaffold_24_g583.t1,1
8:,utex395_scaffold_24_g675.t1,1
8:,utex395_scaffold_24_g689.t1,1
8:,utex395_scaffold_24_g735.t1,1
8:,utex395_scaffold_24_g752.t1,1
8:,utex395_scaffold_24_g802.t1,1
8:,utex395_scaffold_25_g1049.t1,1
8:,utex395_scaffold_24_g480.t1,1
8:,utex395_scaffold_25_g1135.t1,1
8:,utex395_scaffold_25_g1199.t1,1
8:,utex395_scaffold_25_g1221.t1,1
8:,utex395_scaffold_25_g1257.t1,1
8:,utex395_scaffold_25_g1346.t1,1
8:,utex395_scaffold_25_g1364.t1,1
8:,utex395_scaffold_25_g173.t1,1
8:,utex395_scaffold_24_g533.t1,1
8:,utex395_scaffold_24_g427.t1,1
8:,utex395_scaffold_25_g269.t1,1
8:,utex395_scaffold_24_g106.t1,1
8:,utex395_scaffold_23_g203.t1,1
8:,utex395_scaffold_23_g245.t1,1
8:,utex395_scaffold_23_g322.t1,1
8:,utex395_scaffold_23_g349.t1,1
8:,utex395_scaffold_23_g37.t1,1
8:,utex395_scaffold_23_g72.t1,1
8:,utex395_scaffold_23_g92.t1,1
8:,utex395_scaffold_24_g114.t1,1
8:,utex395_scaffold_24_g416.t1,1
8:,utex395_scaffold_24_g129.t1,1
8:,utex395_scaffold_24_g201.t1,1
8:,utex395_scaffold_24_g205.t1,1
8:,utex395_scaffold_24_g247.t1,1
8:,utex395_scaffold_24_g270.t1,1
8:,utex395_scaffold_24_g325.t1,1
8:,utex395_scaffold_24_g388.t1,1
8:,utex395_scaffold_25_g257.t1,1
8:,utex395_scaffold_25_g294.t1,1
8:,utex395_scaffold_20_g823.t1,1
8:,utex395_scaffold_2_g447.t1,1
8:,utex395_scaffold_2_g30.t1,1
8:,utex395_scaffold_2_g302.t1,1
8:,utex395_scaffold_2_g307.t1,1
8:,utex395_scaffold_2_g335.t1,1
8:,utex395_scaffold_2_g348.t1,1
8:,utex395_scaffold_2_g367.t1,1
8:,utex395_scaffold_2_g395.t1,1
8:,utex395_scaffold_2_g48.t1,1
8:,utex395_scaffold_2_g221.t1,1
8:,utex395_scaffold_4_g17.t1,1
8:,utex395_scaffold_4_g240.t1,1
8:,utex395_scaffold_4_g438.t1,1
8:,utex395_scaffold_4_g488.t1,1
8:,utexb3016_scaffold_10_g174.t1,1
8:,utexb3016_scaffold_10_g238.t1,1
8:,utexb3016_scaffold_10_g266.t1,1
8:,utex395_scaffold_2_g231.t1,1
8:,utex395_scaffold_2_g219.t1,1
8:,utex395_scaffold_25_g327.t1,1
8:,utex395_scaffold_25_g704.t1,1
8:,utex395_scaffold_25_g367.t1,1
8:,utex395_scaffold_25_g480.t1,1
8:,utex395_scaffold_25_g528.t1,1
8:,utex395_scaffold_25_g537.t1,1
8:,utex395_scaffold_25_g628.t1,1
8:,utex395_scaffold_25_g631.t1,1
8:,utex395_scaffold_25_g663.t1,1
8:,utex395_scaffold_25_g732.t1,1
8:,utex395_scaffold_2_g176.t1,1
8:,utex395_scaffold_25_g789.t1,1
8:,utex395_scaffold_25_g810.t1,1
8:,utex395_scaffold_25_g843.t1,1
8:,utex395_scaffold_25_g873.t1,1
8:,utex395_scaffold_25_g949.t1,1
8:,utex395_scaffold_2_g137.t1,1
8:,utex395_scaffold_2_g167.t1,1
8:,utex395_scaffold_23_g142.t1,1
8:,utex395_scaffold_20_g788.t1,1
8:,utexb3016_scaffold_10_g307.t1,1
8:,utex395_scaffold_13_g90.t1,1
8:,utex2526_scaffold_3_g52.t1,1
8:,utex2526_scaffold_3_g65.t1,1
8:,utex395_scaffold_12_g25.t1,1
8:,utex395_scaffold_12_g36.t1,1
8:,utex395_scaffold_13_g24.t1,1
8:,utex395_scaffold_13_g38.t1,1
8:,utex395_scaffold_13_g71.t1,1
8:,utex395_scaffold_16_g36.t1,1
8:,utex2526_scaffold_3_g296.t1,1
8:,utex395_scaffold_17_g280.t1,1
8:,utex395_scaffold_17_g286.t1,1
8:,utex395_scaffold_17_g300.t1,1
8:,utex395_scaffold_17_g332.t1,1
8:,utex395_scaffold_17_g436.t1,1
8:,utex395_scaffold_17_g458.t1,1
8:,utex395_scaffold_17_g471.t1,1
8:,utex2526_scaffold_3_g317.t1,1
8:,utex2526_scaffold_3_g289.t1,1
8:,utex395_scaffold_17_g92.t1,1
8:,utex2526_scaffold_15_g973.t1,1
8:,utex2526_scaffold_15_g870.t1,1
8:,utex2526_scaffold_15_g876.t1,1
8:,utex2526_scaffold_15_g894.t1,1
8:,utex2526_scaffold_15_g902.t1,1
8:,utex2526_scaffold_15_g937.t1,1
8:,utex2526_scaffold_15_g941.t1,1
8:,utex2526_scaffold_15_g942.t1,1
8:,utex2526_scaffold_18_g13.t1,1
8:,utex2526_scaffold_3_g168.t1,1
8:,utex2526_scaffold_1_g12.t1,1
8:,utex2526_scaffold_22_g15.t1,1
8:,utex2526_scaffold_23_g113.t1,1
8:,utex2526_scaffold_23_g31.t1,1
8:,utex2526_scaffold_23_g99.t1,1
8:,utex2526_scaffold_3_g106.t1,1
8:,utex2526_scaffold_3_g139.t1,1
8:,utex395_scaffold_17_g57.t1,1
8:,utex395_scaffold_18_g109.t1,1
8:,utex395_scaffold_20_g751.t1,1
8:,utex395_scaffold_20_g150.t1,1
8:,utex395_scaffold_1_g235.t1,1
8:,utex395_scaffold_1_g286.t1,1
8:,utex395_scaffold_1_g354.t1,1
8:,utex395_scaffold_1_g443.t1,1
8:,utex395_scaffold_1_g48.t1,1
8:,utex395_scaffold_1_g499.t1,1
8:,utex395_scaffold_1_g80.t1,1
8:,utex395_scaffold_20_g16.t1,1
8:,utex395_scaffold_1_g205.t1,1
8:,utex395_scaffold_20_g198.t1,1
8:,utex395_scaffold_20_g270.t1,1
8:,utex395_scaffold_20_g33.t1,1
8:,utex395_scaffold_20_g380.t1,1
8:,utex395_scaffold_20_g568.t1,1
8:,utex395_scaffold_20_g576.t1,1
8:,utex395_scaffold_20_g645.t1,1
8:,utex395_scaffold_1_g22.t1,1
8:,utex395_scaffold_1_g136.t1,1
8:,utex395_scaffold_18_g203.t1,1
8:,utex395_scaffold_18_g431.t1,1
8:,utex395_scaffold_18_g238.t1,1
8:,utex395_scaffold_18_g299.t1,1
8:,utex395_scaffold_18_g319.t1,1
8:,utex395_scaffold_18_g361.t1,1
8:,utex395_scaffold_18_g386.t1,1
8:,utex395_scaffold_18_g390.t1,1
8:,utex395_scaffold_18_g407.t1,1
8:,utex395_scaffold_18_g470.t1,1
8:,utex395_scaffold_1_g121.t1,1
8:,utex395_scaffold_18_g477.t1,1
8:,utex395_scaffold_18_g541.t1,1
8:,utex395_scaffold_18_g610.t1,1
8:,utex395_scaffold_18_g646.t1,1
8:,utex395_scaffold_18_g745.t1,1
8:,utex395_scaffold_18_g88.t1,1
8:,utex395_scaffold_19_g218.t1,1
8:,utexb3016_scaffold_10_g268.t1,1
8:,utexb3016_scaffold_10_g335.t1,1
8:,utexb3016_scaffold_22_g252.t1,1
8:,utexb3016_scaffold_20_g519.t1,1
8:,utexb3016_scaffold_18_g826.t1,1
8:,utexb3016_scaffold_18_g884.t1,1
8:,utexb3016_scaffold_19_g1466.t1,1
8:,utexb3016_scaffold_20_g121.t1,1
8:,utexb3016_scaffold_20_g236.t1,1
8:,utexb3016_scaffold_20_g26.t1,1
8:,utexb3016_scaffold_20_g503.t1,1
8:,utexb3016_scaffold_20_g96.t1,1
8:,utexb3016_scaffold_18_g777.t1,1
8:,utexb3016_scaffold_21_g1019.t1,1
8:,utexb3016_scaffold_21_g1050.t1,1
8:,utexb3016_scaffold_21_g1063.t1,1
8:,utexb3016_scaffold_21_g1095.t1,1
8:,utexb3016_scaffold_21_g1181.t1,1
8:,utexb3016_scaffold_21_g1186.t1,1
8:,utexb3016_scaffold_21_g1200.t1,1
8:,utexb3016_scaffold_18_g780.t1,1
8:,utexb3016_scaffold_18_g770.t1,1
8:,utexb3016_scaffold_21_g1283.t1,1
8:,utexb3016_scaffold_18_g238.t1,1
8:,utexb3016_scaffold_17_g720.t1,1
8:,utexb3016_scaffold_17_g750.t1,1
8:,utexb3016_scaffold_17_g847.t1,1
8:,utexb3016_scaffold_17_g868.t1,1
8:,utexb3016_scaffold_17_g900.t1,1
8:,utexb3016_scaffold_17_g926.t1,1
8:,utexb3016_scaffold_18_g141.t1,1
8:,utexb3016_scaffold_18_g272.t1,1
8:,utexb3016_scaffold_18_g735.t1,1
8:,utexb3016_scaffold_18_g325.t1,1
8:,utexb3016_scaffold_18_g408.t1,1
8:,utexb3016_scaffold_18_g477.t1,1
8:,utexb3016_scaffold_18_g546.t1,1
8:,utexb3016_scaffold_18_g60.t1,1
8:,utexb3016_scaffold_18_g632.t1,1
8:,utexb3016_scaffold_18_g679.t1,1
8:,utexb3016_scaffold_21_g1263.t1,1
8:,utexb3016_scaffold_21_g1285.t1,1
8:,utexb3016_scaffold_17_g692.t1,1
8:,utexb3016_scaffold_22_g1139.t1,1
8:,utexb3016_scaffold_21_g975.t1,1
8:,utexb3016_scaffold_22_g1011.t1,1
8:,utexb3016_scaffold_22_g1034.t1,1
8:,utexb3016_scaffold_22_g1064.t1,1
8:,utexb3016_scaffold_22_g1088.t1,1
8:,utexb3016_scaffold_22_g1096.t1,1
8:,utexb3016_scaffold_22_g1114.t1,1
8:,utexb3016_scaffold_22_g1195.t1,1
8:,utexb3016_scaffold_21_g935.t1,1
8:,utexb3016_scaffold_22_g1255.t1,1
8:,utexb3016_scaffold_22_g1258.t1,1
8:,utexb3016_scaffold_22_g1378.t1,1
8:,utexb3016_scaffold_22_g1385.t1,1
8:,utexb3016_scaffold_22_g1501.t1,1
8:,utexb3016_scaffold_22_g22.t1,1
8:,utexb3016_scaffold_22_g245.t1,1
8:,utexb3016_scaffold_21_g972.t1,1
8:,utexb3016_scaffold_21_g876.t1,1
8:,utexb3016_scaffold_21_g1367.t1,1
8:,utexb3016_scaffold_21_g54.t1,1
8:,utexb3016_scaffold_21_g1414.t1,1
8:,utexb3016_scaffold_21_g314.t1,1
8:,utexb3016_scaffold_21_g336.t1,1
8:,utexb3016_scaffold_21_g349.t1,1
8:,utexb3016_scaffold_21_g369.t1,1
8:,utexb3016_scaffold_21_g412.t1,1
8:,utexb3016_scaffold_21_g499.t1,1
8:,utexb3016_scaffold_21_g607.t1,1
8:,utexb3016_scaffold_21_g87.t1,1
8:,utexb3016_scaffold_21_g723.t1,1
8:,utexb3016_scaffold_21_g759.t1,1
8:,utexb3016_scaffold_21_g777.t1,1
8:,utexb3016_scaffold_21_g811.t1,1
8:,utexb3016_scaffold_21_g846.t1,1
8:,utexb3016_scaffold_21_g85.t1,1
8:,utexb3016_scaffold_21_g863.t1,1
8:,utexb3016_scaffold_17_g694.t1,1
8:,utexb3016_scaffold_17_g677.t1,1
8:,utexb3016_scaffold_10_g365.t1,1
8:,utexb3016_scaffold_14_g114.t1,1
8:,utexb3016_scaffold_12_g605.t1,1
8:,utexb3016_scaffold_12_g759.t1,1
8:,utexb3016_scaffold_13_g10.t1,1
8:,utexb3016_scaffold_13_g202.t1,1
8:,utexb3016_scaffold_13_g277.t1,1
8:,utexb3016_scaffold_13_g284.t1,1
8:,utexb3016_scaffold_13_g99.t1,1
8:,utexb3016_scaffold_14_g122.t1,1
8:,utexb3016_scaffold_12_g498.t1,1
8:,utexb3016_scaffold_14_g172.t1,1
8:,utexb3016_scaffold_14_g201.t1,1
8:,utexb3016_scaffold_14_g221.t1,1
8:,utexb3016_scaffold_14_g46.t1,1
8:,utexb3016_scaffold_14_g51.t1,1
8:,utexb3016_scaffold_14_g83.t1,1
8:,utexb3016_scaffold_15_g294.t1,1
8:,utexb3016_scaffold_12_g530.t1,1
8:,utexb3016_scaffold_12_g423.t1,1
8:,utexb3016_scaffold_15_g436.t1,1
8:,utexb3016_scaffold_10_g802.t1,1
8:,utexb3016_scaffold_10_g453.t1,1
8:,utexb3016_scaffold_10_g488.t1,1
8:,utexb3016_scaffold_10_g50.t1,1
8:,utexb3016_scaffold_10_g559.t1,1
8:,utexb3016_scaffold_10_g669.t1,1
8:,utexb3016_scaffold_10_g704.t1,1
8:,utexb3016_scaffold_10_g729.t1,1
8:,utexb3016_scaffold_12_g138.t1,1
8:,utexb3016_scaffold_12_g379.t1,1
8:,utexb3016_scaffold_12_g176.t1,1
8:,utexb3016_scaffold_12_g217.t1,1
8:,utexb3016_scaffold_12_g263.t1,1
8:,utexb3016_scaffold_12_g283.t1,1
8:,utexb3016_scaffold_12_g295.t1,1
8:,utexb3016_scaffold_12_g311.t1,1
8:,utexb3016_scaffold_12_g34.t1,1
8:,utexb3016_scaffold_15_g341.t1,1
8:,utexb3016_scaffold_15_g528.t1,1
8:,utexb3016_scaffold_17_g671.t1,1
8:,utexb3016_scaffold_17_g430.t1,1
8:,utexb3016_scaffold_17_g134.t1,1
8:,utexb3016_scaffold_17_g189.t1,1
8:,utexb3016_scaffold_17_g262.t1,1
8:,utexb3016_scaffold_17_g302.t1,1
8:,utexb3016_scaffold_17_g354.t1,1
8:,utexb3016_scaffold_17_g407.t1,1
8:,utexb3016_scaffold_17_g424.t1,1
8:,utexb3016_scaffold_17_g463.t1,1
8:,utexb3016_scaffold_16_g93.t1,1
8:,utexb3016_scaffold_17_g519.t1,1
8:,utexb3016_scaffold_17_g547.t1,1
8:,utexb3016_scaffold_17_g562.t1,1
8:,utexb3016_scaffold_17_g567.t1,1
8:,utexb3016_scaffold_17_g575.t1,1
8:,utexb3016_scaffold_17_g614.t1,1
8:,utexb3016_scaffold_17_g662.t1,1
8:,utexb3016_scaffold_16_g996.t1,1
8:,utexb3016_scaffold_16_g871.t1,1
8:,utexb3016_scaffold_15_g606.t1,1
8:,utexb3016_scaffold_16_g204.t1,1
8:,utexb3016_scaffold_15_g614.t1,1
8:,utexb3016_scaffold_15_g619.t1,1
8:,utexb3016_scaffold_15_g688.t1,1
8:,utexb3016_scaffold_15_g712.t1,1
8:,utexb3016_scaffold_15_g737.t1,1
8:,utexb3016_scaffold_15_g766.t1,1
8:,utexb3016_scaffold_16_g114.t1,1
8:,utexb3016_scaffold_16_g221.t1,1
8:,utexb3016_scaffold_16_g740.t1,1
8:,utexb3016_scaffold_16_g298.t1,1
8:,utexb3016_scaffold_16_g386.t1,1
8:,utexb3016_scaffold_16_g566.t1,1
8:,utexb3016_scaffold_16_g591.t1,1
8:,utexb3016_scaffold_16_g609.t1,1
8:,utexb3016_scaffold_16_g61.t1,1
8:,utexb3016_scaffold_16_g720.t1,1
9:,utexb3016_scaffold_13_g11.t1,1
9:,utexb3016_scaffold_13_g280.t1,1
6:,utex2526_scaffold_3_g62.t1,1
utexb3016_scaffold_21_g678.t1,utex395_scaffold_25_g930.t1,1
utexb3016_scaffold_21_g665.t1,utex395_scaffold_25_g938.t1,1
utexb3016_scaffold_21_g667.t1,utex395_scaffold_25_g937.t1,1
utexb3016_scaffold_21_g669.t1,utex395_scaffold_25_g936.t1,1
utexb3016_scaffold_21_g673.t1,utex395_scaffold_25_g935.t1,1
utexb3016_scaffold_21_g674.t1,utex395_scaffold_25_g934.t1,1
utexb3016_scaffold_21_g675.t1,utex395_scaffold_25_g933.t1,1
utexb3016_scaffold_21_g676.t1,utex395_scaffold_25_g932.t1,1
utexb3016_scaffold_21_g679.t1,utex395_scaffold_25_g929.t1,1
utexb3016_scaffold_21_g663.t1,utex395_scaffold_25_g940.t1,1
utexb3016_scaffold_21_g681.t1,utex395_scaffold_25_g928.t1,1
utexb3016_scaffold_21_g687.t1,utex395_scaffold_25_g927.t1,1
utexb3016_scaffold_21_g688.t1,utex395_scaffold_25_g926.t1,1
utexb3016_scaffold_21_g689.t1,utex395_scaffold_25_g924.t1,1
utexb3016_scaffold_21_g690.t1,utex395_scaffold_25_g923.t1,1
utexb3016_scaffold_21_g692.t1,utex395_scaffold_25_g922.t1,1
utexb3016_scaffold_21_g694.t1,utex395_scaffold_25_g921.t1,1
utexb3016_scaffold_21_g664.t1,utex395_scaffold_25_g939.t1,1
utexb3016_scaffold_21_g661.t1,utex395_scaffold_25_g942.t1,1
utexb3016_scaffold_21_g700.t1,utex395_scaffold_25_g918.t1,1
utexb3016_scaffold_21_g644.t1,utex395_scaffold_25_g955.t1,1
utexb3016_scaffold_21_g603.t1,utex395_scaffold_25_g974.t1,1
utexb3016_scaffold_21_g610.t1,utex395_scaffold_25_g967.t1,1
utexb3016_scaffold_21_g611.t1,utex395_scaffold_25_g966.t1,1
utexb3016_scaffold_21_g626.t1,utex395_scaffold_25_g964.t1,1
utexb3016_scaffold_21_g631.t1,utex395_scaffold_25_g963.t1,1
utexb3016_scaffold_21_g636.t1,utex395_scaffold_25_g961.t1,1
utexb3016_scaffold_21_g641.t1,utex395_scaffold_25_g958.t1,1
utexb3016_scaffold_21_g645.t1,utex395_scaffold_25_g954.t1,1
utexb3016_scaffold_21_g655.t1,utex395_scaffold_25_g945.t1,1
utexb3016_scaffold_21_g646.t1,utex395_scaffold_25_g953.t1,1
utexb3016_scaffold_21_g647.t1,utex395_scaffold_25_g952.t1,1
utexb3016_scaffold_21_g649.t1,utex395_scaffold_25_g951.t1,1
utexb3016_scaffold_21_g650.t1,utex395_scaffold_25_g950.t1,1
utexb3016_scaffold_21_g651.t1,utex395_scaffold_25_g949.t1,1
utexb3016_scaffold_21_g652.t1,utex395_scaffold_25_g948.t1,1
utexb3016_scaffold_21_g654.t1,utex395_scaffold_25_g946.t1,1
utexb3016_scaffold_21_g698.t1,utex395_scaffold_25_g919.t1,1
utexb3016_scaffold_21_g702.t1,utex395_scaffold_25_g916.t1,1
utexb3016_scaffold_21_g592.t1,utex395_scaffold_25_g982.t1,1
utexb3016_scaffold_22_g1486.t1,utex395_scaffold_24_g36.t1,1
utexb3016_scaffold_21_g757.t1,utex395_scaffold_25_g873.t1,1
utexb3016_scaffold_21_g759.t1,utex395_scaffold_25_g872.t1,1
utexb3016_scaffold_21_g762.t1,utex395_scaffold_25_g865.t1,1
utexb3016_scaffold_22_g1474.t1,utex395_scaffold_24_g48.t1,1
utexb3016_scaffold_22_g1478.t1,utex395_scaffold_24_g45.t1,1
utexb3016_scaffold_22_g1483.t1,utex395_scaffold_24_g39.t1,1
utexb3016_scaffold_22_g1484.t1,utex395_scaffold_24_g37.t1,1
utexb3016_scaffold_22_g1488.t1,utex395_scaffold_24_g33.t1,1
utexb3016_scaffold_21_g752.t1,utex395_scaffold_25_g875.t1,1
utexb3016_scaffold_22_g495.t1,utex395_scaffold_25_g413.t1,1
utexb3016_scaffold_22_g497.t1,utex395_scaffold_25_g414.t1,1
utexb3016_scaffold_22_g499.t1,utex395_scaffold_25_g415.t1,1
utexb3016_scaffold_22_g500.t1,utex395_scaffold_25_g416.t1,1
utexb3016_scaffold_22_g503.t1,utex395_scaffold_25_g420.t1,1
utexb3016_scaffold_22_g504.t1,utex395_scaffold_25_g421.t1,1
utexb3016_scaffold_22_g505.t1,utex395_scaffold_25_g422.t1,1
utexb3016_scaffold_21_g753.t1,utex395_scaffold_25_g874.t1,1
utexb3016_scaffold_21_g751.t1,utex395_scaffold_25_g877.t1,1
utexb3016_scaffold_21_g703.t1,utex395_scaffold_25_g915.t1,1
utexb3016_scaffold_21_g735.t1,utex395_scaffold_25_g891.t1,1
utexb3016_scaffold_21_g704.t1,utex395_scaffold_25_g914.t1,1
utexb3016_scaffold_21_g706.t1,utex395_scaffold_25_g913.t1,1
utexb3016_scaffold_21_g707.t1,utex395_scaffold_25_g912.t1,1
utexb3016_scaffold_21_g715.t1,utex395_scaffold_25_g908.t1,1
utexb3016_scaffold_21_g721.t1,utex395_scaffold_25_g902.t1,1
utexb3016_scaffold_21_g731.t1,utex395_scaffold_25_g894.t1,1
utexb3016_scaffold_21_g733.t1,utex395_scaffold_25_g893.t1,1
utexb3016_scaffold_21_g737.t1,utex395_scaffold_25_g890.t1,1
utexb3016_scaffold_21_g750.t1,utex395_scaffold_25_g878.t1,1
utexb3016_scaffold_21_g738.t1,utex395_scaffold_25_g889.t1,1
utexb3016_scaffold_21_g741.t1,utex395_scaffold_25_g887.t1,1
utexb3016_scaffold_21_g745.t1,utex395_scaffold_25_g884.t1,1
utexb3016_scaffold_21_g746.t1,utex395_scaffold_25_g882.t1,1
utexb3016_scaffold_21_g747.t1,utex395_scaffold_25_g881.t1,1
utexb3016_scaffold_21_g748.t1,utex395_scaffold_25_g880.t1,1
utexb3016_scaffold_21_g749.t1,utex395_scaffold_25_g879.t1,1
utexb3016_scaffold_21_g593.t1,utex395_scaffold_25_g981.t1,1
utexb3016_scaffold_21_g589.t1,utex395_scaffold_25_g989.t1,1
utexb3016_scaffold_22_g507.t1,utex395_scaffold_25_g424.t1,1
utexb3016_scaffold_21_g452.t1,utex395_scaffold_25_g1103.t1,1
utexb3016_scaffold_21_g422.t1,utex395_scaffold_25_g1122.t1,1
utexb3016_scaffold_21_g423.t1,utex395_scaffold_25_g1121.t1,1
utexb3016_scaffold_21_g424.t1,utex395_scaffold_25_g1120.t1,1
utexb3016_scaffold_21_g433.t1,utex395_scaffold_25_g1115.t1,1
utexb3016_scaffold_21_g435.t1,utex395_scaffold_25_g1114.t1,1
utexb3016_scaffold_21_g449.t1,utex395_scaffold_25_g1105.t1,1
utexb3016_scaffold_21_g450.t1,utex395_scaffold_25_g1104.t1,1
utexb3016_scaffold_21_g453.t1,utex395_scaffold_25_g1102.t1,1
utexb3016_scaffold_21_g419.t1,utex395_scaffold_25_g1125.t1,1
utexb3016_scaffold_21_g455.t1,utex395_scaffold_25_g1101.t1,1
utexb3016_scaffold_21_g456.t1,utex395_scaffold_25_g1100.t1,1
utexb3016_scaffold_21_g457.t1,utex395_scaffold_25_g1099.t1,1
utexb3016_scaffold_21_g458.t1,utex395_scaffold_25_g1098.t1,1
utexb3016_scaffold_21_g459.t1,utex395_scaffold_25_g1096.t1,1
utexb3016_scaffold_21_g460.t1,utex395_scaffold_25_g1093.t1,1
utexb3016_scaffold_21_g462.t1,utex395_scaffold_25_g1091.t1,1
utexb3016_scaffold_21_g421.t1,utex395_scaffold_25_g1123.t1,1
utexb3016_scaffold_21_g418.t1,utex395_scaffold_25_g1126.t1,1
utexb3016_scaffold_21_g470.t1,utex395_scaffold_25_g1083.t1,1
utexb3016_scaffold_21_g1407.t1,utex395_scaffold_24_g837.t1,1
utexb3016_scaffold_21_g1375.t1,utex395_scaffold_24_g821.t1,1
utexb3016_scaffold_21_g1386.t1,utex395_scaffold_24_g822.t1,1
utexb3016_scaffold_21_g1400.t1,utex395_scaffold_24_g829.t1,1
utexb3016_scaffold_21_g1401.t1,utex395_scaffold_24_g830.t1,1
utexb3016_scaffold_21_g1402.t1,utex395_scaffold_24_g831.t1,1
utexb3016_scaffold_21_g1405.t1,utex395_scaffold_24_g835.t1,1
utexb3016_scaffold_21_g1406.t1,utex395_scaffold_24_g836.t1,1
utexb3016_scaffold_21_g1410.t1,utex395_scaffold_24_g839.t1,1
utexb3016_scaffold_21_g1433.t1,utex395_scaffold_24_g874.t1,1
utexb3016_scaffold_21_g1412.t1,utex395_scaffold_24_g841.t1,1
utexb3016_scaffold_21_g1414.t1,utex395_scaffold_24_g842.t1,1
utexb3016_scaffold_21_g1417.t1,utex395_scaffold_24_g845.t1,1
utexb3016_scaffold_21_g1419.t1,utex395_scaffold_24_g847.t1,1
utexb3016_scaffold_21_g1423.t1,utex395_scaffold_24_g848.t1,1
utexb3016_scaffold_21_g1428.t1,utex395_scaffold_24_g858.t1,1
utexb3016_scaffold_21_g1432.t1,utex395_scaffold_24_g863.t1,1
utexb3016_scaffold_21_g464.t1,utex395_scaffold_25_g1090.t1,1
utexb3016_scaffold_21_g483.t1,utex395_scaffold_25_g1075.t1,1
utexb3016_scaffold_21_g587.t1,utex395_scaffold_25_g990.t1,1
utexb3016_scaffold_21_g540.t1,utex395_scaffold_25_g1023.t1,1
utexb3016_scaffold_21_g527.t1,utex395_scaffold_25_g1033.t1,1
utexb3016_scaffold_21_g529.t1,utex395_scaffold_25_g1031.t1,1
utexb3016_scaffold_21_g530.t1,utex395_scaffold_25_g1030.t1,1
utexb3016_scaffold_21_g533.t1,utex395_scaffold_25_g1028.t1,1
utexb3016_scaffold_21_g534.t1,utex395_scaffold_25_g1027.t1,1
utexb3016_scaffold_21_g538.t1,utex395_scaffold_25_g1025.t1,1
utexb3016_scaffold_21_g539.t1,utex395_scaffold_25_g1024.t1,1
utexb3016_scaffold_21_g541.t1,utex395_scaffold_25_g1022.t1,1
utexb3016_scaffold_21_g523.t1,utex395_scaffold_25_g1036.t1,1
utexb3016_scaffold_21_g547.t1,utex395_scaffold_25_g1007.t1,1
utexb3016_scaffold_21_g551.t1,utex395_scaffold_25_g1004.t1,1
utexb3016_scaffold_21_g553.t1,utex395_scaffold_25_g1003.t1,1
utexb3016_scaffold_21_g572.t1,utex395_scaffold_25_g996.t1,1
utexb3016_scaffold_21_g580.t1,utex395_scaffold_25_g994.t1,1
utexb3016_scaffold_21_g585.t1,utex395_scaffold_25_g992.t1,1
utexb3016_scaffold_21_g586.t1,utex395_scaffold_25_g991.t1,1
utexb3016_scaffold_21_g526.t1,utex395_scaffold_25_g1034.t1,1
utexb3016_scaffold_21_g521.t1,utex395_scaffold_25_g1039.t1,1
utexb3016_scaffold_21_g484.t1,utex395_scaffold_25_g1073.t1,1
utexb3016_scaffold_21_g504.t1,utex395_scaffold_25_g1053.t1,1
utexb3016_scaffold_21_g486.t1,utex395_scaffold_25_g1072.t1,1
utexb3016_scaffold_21_g490.t1,utex395_scaffold_25_g1069.t1,1
utexb3016_scaffold_21_g493.t1,utex395_scaffold_25_g1063.t1,1
utexb3016_scaffold_21_g498.t1,utex395_scaffold_25_g1058.t1,1
utexb3016_scaffold_21_g500.t1,utex395_scaffold_25_g1057.t1,1
utexb3016_scaffold_21_g502.t1,utex395_scaffold_25_g1055.t1,1
utexb3016_scaffold_21_g503.t1,utex395_scaffold_25_g1054.t1,1
utexb3016_scaffold_21_g505.t1,utex395_scaffold_25_g1052.t1,1
utexb3016_scaffold_21_g519.t1,utex395_scaffold_25_g1040.t1,1
utexb3016_scaffold_21_g506.t1,utex395_scaffold_25_g1051.t1,1
utexb3016_scaffold_21_g508.t1,utex395_scaffold_25_g1049.t1,1
utexb3016_scaffold_21_g509.t1,utex395_scaffold_25_g1048.t1,1
utexb3016_scaffold_21_g511.t1,utex395_scaffold_25_g1047.t1,1
utexb3016_scaffold_21_g512.t1,utex395_scaffold_25_g1046.t1,1
utexb3016_scaffold_21_g516.t1,utex395_scaffold_25_g1043.t1,1
utexb3016_scaffold_21_g518.t1,utex395_scaffold_25_g1041.t1,1
utexb3016_scaffold_22_g506.t1,utex395_scaffold_25_g423.t1,1
utexb3016_scaffold_22_g508.t1,utex395_scaffold_25_g425.t1,1
utexb3016_scaffold_21_g1366.t1,utex395_scaffold_24_g816.t1,1
utexb3016_scaffold_22_g815.t1,utex395_scaffold_25_g657.t1,1
utexb3016_scaffold_22_g803.t1,utex395_scaffold_25_g647.t1,1
utexb3016_scaffold_22_g806.t1,utex395_scaffold_25_g649.t1,1
utexb3016_scaffold_22_g809.t1,utex395_scaffold_25_g650.t1,1
utexb3016_scaffold_22_g811.t1,utex395_scaffold_25_g652.t1,1
utexb3016_scaffold_22_g812.t1,utex395_scaffold_25_g653.t1,1
utexb3016_scaffold_22_g813.t1,utex395_scaffold_25_g654.t1,1
utexb3016_scaffold_22_g814.t1,utex395_scaffold_25_g655.t1,1
utexb3016_scaffold_22_g816.t1,utex395_scaffold_25_g658.t1,1
utexb3016_scaffold_22_g799.t1,utex395_scaffold_25_g644.t1,1
utexb3016_scaffold_22_g817.t1,utex395_scaffold_25_g659.t1,1
utexb3016_scaffold_22_g818.t1,utex395_scaffold_25_g660.t1,1
utexb3016_scaffold_22_g821.t1,utex395_scaffold_25_g661.t1,1
utexb3016_scaffold_22_g822.t1,utex395_scaffold_25_g662.t1,1
utexb3016_scaffold_22_g823.t1,utex395_scaffold_25_g664.t1,1
utexb3016_scaffold_22_g825.t1,utex395_scaffold_25_g666.t1,1
utexb3016_scaffold_22_g827.t1,utex395_scaffold_25_g668.t1,1
utexb3016_scaffold_22_g800.t1,utex395_scaffold_25_g645.t1,1
utexb3016_scaffold_22_g797.t1,utex395_scaffold_25_g643.t1,1
utexb3016_scaffold_22_g829.t1,utex395_scaffold_25_g670.t1,1
utexb3016_scaffold_22_g785.t1,utex395_scaffold_25_g632.t1,1
utexb3016_scaffold_22_g772.t1,utex395_scaffold_25_g621.t1,1
utexb3016_scaffold_22_g773.t1,utex395_scaffold_25_g622.t1,1
utexb3016_scaffold_22_g778.t1,utex395_scaffold_25_g625.t1,1
utexb3016_scaffold_22_g779.t1,utex395_scaffold_25_g626.t1,1
utexb3016_scaffold_22_g780.t1,utex395_scaffold_25_g627.t1,1
utexb3016_scaffold_22_g781.t1,utex395_scaffold_25_g628.t1,1
utexb3016_scaffold_22_g784.t1,utex395_scaffold_25_g631.t1,1
utexb3016_scaffold_22_g786.t1,utex395_scaffold_25_g633.t1,1
utexb3016_scaffold_22_g796.t1,utex395_scaffold_25_g642.t1,1
utexb3016_scaffold_22_g788.t1,utex395_scaffold_25_g634.t1,1
utexb3016_scaffold_22_g789.t1,utex395_scaffold_25_g635.t1,1
utexb3016_scaffold_22_g791.t1,utex395_scaffold_25_g637.t1,1
utexb3016_scaffold_22_g792.t1,utex395_scaffold_25_g638.t1,1
utexb3016_scaffold_22_g793.t1,utex395_scaffold_25_g639.t1,1
utexb3016_scaffold_22_g794.t1,utex395_scaffold_25_g640.t1,1
utexb3016_scaffold_22_g795.t1,utex395_scaffold_25_g641.t1,1
utexb3016_scaffold_22_g828.t1,utex395_scaffold_25_g669.t1,1
utexb3016_scaffold_22_g830.t1,utex395_scaffold_25_g671.t1,1
utexb3016_scaffold_22_g769.t1,utex395_scaffold_25_g618.t1,1
utexb3016_scaffold_22_g896.t1,utex395_scaffold_25_g731.t1,1
utexb3016_scaffold_22_g889.t1,utex395_scaffold_25_g724.t1,1
utexb3016_scaffold_22_g890.t1,utex395_scaffold_25_g725.t1,1
utexb3016_scaffold_22_g891.t1,utex395_scaffold_25_g726.t1,1
utexb3016_scaffold_22_g892.t1,utex395_scaffold_25_g727.t1,1
utexb3016_scaffold_22_g893.t1,utex395_scaffold_25_g728.t1,1
utexb3016_scaffold_22_g894.t1,utex395_scaffold_25_g729.t1,1
utexb3016_scaffold_22_g895.t1,utex395_scaffold_25_g730.t1,1
utexb3016_scaffold_22_g897.t1,utex395_scaffold_25_g732.t1,1
utexb3016_scaffold_22_g882.t1,utex395_scaffold_25_g717.t1,1
utexb3016_scaffold_22_g903.t1,utex395_scaffold_25_g735.t1,1
utexb3016_scaffold_22_g906.t1,utex395_scaffold_25_g737.t1,1
utexb3016_scaffold_22_g908.t1,utex395_scaffold_25_g740.t1,1
utexb3016_scaffold_22_g910.t1,utex395_scaffold_25_g741.t1,1
utexb3016_scaffold_22_g911.t1,utex395_scaffold_25_g742.t1,1
utexb3016_scaffold_22_g912.t1,utex395_scaffold_25_g743.t1,1
utexb3016_scaffold_22_g913.t1,utex395_scaffold_25_g744.t1,1
utexb3016_scaffold_22_g888.t1,utex395_scaffold_25_g723.t1,1
utexb3016_scaffold_22_g869.t1,utex395_scaffold_25_g705.t1,1
utexb3016_scaffold_22_g831.t1,utex395_scaffold_25_g672.t1,1
utexb3016_scaffold_22_g844.t1,utex395_scaffold_25_g683.t1,1
utexb3016_scaffold_22_g833.t1,utex395_scaffold_25_g673.t1,1
utexb3016_scaffold_22_g838.t1,utex395_scaffold_25_g677.t1,1
utexb3016_scaffold_22_g839.t1,utex395_scaffold_25_g678.t1,1
utexb3016_scaffold_22_g840.t1,utex395_scaffold_25_g679.t1,1
utexb3016_scaffold_22_g841.t1,utex395_scaffold_25_g680.t1,1
utexb3016_scaffold_22_g842.t1,utex395_scaffold_25_g681.t1,1
utexb3016_scaffold_22_g843.t1,utex395_scaffold_25_g682.t1,1
utexb3016_scaffold_22_g845.t1,utex395_scaffold_25_g684.t1,1
utexb3016_scaffold_22_g857.t1,utex395_scaffold_25_g694.t1,1
utexb3016_scaffold_22_g846.t1,utex395_scaffold_25_g685.t1,1
utexb3016_scaffold_22_g847.t1,utex395_scaffold_25_g686.t1,1
utexb3016_scaffold_22_g850.t1,utex395_scaffold_25_g688.t1,1
utexb3016_scaffold_22_g851.t1,utex395_scaffold_25_g689.t1,1
utexb3016_scaffold_22_g852.t1,utex395_scaffold_25_g690.t1,1
utexb3016_scaffold_22_g853.t1,utex395_scaffold_25_g691.t1,1
utexb3016_scaffold_22_g856.t1,utex395_scaffold_25_g693.t1,1
utexb3016_scaffold_22_g771.t1,utex395_scaffold_25_g620.t1,1
utexb3016_scaffold_22_g768.t1,utex395_scaffold_25_g617.t1,1
utexb3016_scaffold_22_g510.t1,utex395_scaffold_25_g428.t1,1
utexb3016_scaffold_22_g619.t1,utex395_scaffold_25_g514.t1,1
utexb3016_scaffold_22_g573.t1,utex395_scaffold_25_g482.t1,1
utexb3016_scaffold_22_g574.t1,utex395_scaffold_25_g484.t1,1
utexb3016_scaffold_22_g575.t1,utex395_scaffold_25_g485.t1,1
utexb3016_scaffold_22_g601.t1,utex395_scaffold_25_g497.t1,1
utexb3016_scaffold_22_g616.t1,utex395_scaffold_25_g509.t1,1
utexb3016_scaffold_22_g617.t1,utex395_scaffold_25_g510.t1,1
utexb3016_scaffold_22_g618.t1,utex395_scaffold_25_g512.t1,1
utexb3016_scaffold_22_g620.t1,utex395_scaffold_25_g515.t1,1
utexb3016_scaffold_22_g552.t1,utex395_scaffold_25_g460.t1,1
utexb3016_scaffold_22_g621.t1,utex395_scaffold_25_g516.t1,1
utexb3016_scaffold_22_g622.t1,utex395_scaffold_25_g517.t1,1
utexb3016_scaffold_22_g623.t1,utex395_scaffold_25_g518.t1,1
utexb3016_scaffold_22_g625.t1,utex395_scaffold_25_g520.t1,1
utexb3016_scaffold_22_g626.t1,utex395_scaffold_25_g521.t1,1
utexb3016_scaffold_22_g628.t1,utex395_scaffold_25_g522.t1,1
utexb3016_scaffold_22_g654.t1,utex395_scaffold_25_g533.t1,1
utexb3016_scaffold_22_g571.t1,utex395_scaffold_25_g479.t1,1
utexb3016_scaffold_22_g542.t1,utex395_scaffold_25_g459.t1,1
utexb3016_scaffold_22_g685.t1,utex395_scaffold_25_g555.t1,1
utexb3016_scaffold_22_g524.t1,utex395_scaffold_25_g442.t1,1
utexb3016_scaffold_22_g511.t1,utex395_scaffold_25_g430.t1,1
utexb3016_scaffold_22_g512.t1,utex395_scaffold_25_g432.t1,1
utexb3016_scaffold_22_g513.t1,utex395_scaffold_25_g433.t1,1
utexb3016_scaffold_22_g515.t1,utex395_scaffold_25_g434.t1,1
utexb3016_scaffold_22_g518.t1,utex395_scaffold_25_g436.t1,1
utexb3016_scaffold_22_g519.t1,utex395_scaffold_25_g438.t1,1
utexb3016_scaffold_22_g523.t1,utex395_scaffold_25_g441.t1,1
utexb3016_scaffold_22_g525.t1,utex395_scaffold_25_g443.t1,1
utexb3016_scaffold_22_g540.t1,utex395_scaffold_25_g456.t1,1
utexb3016_scaffold_22_g526.t1,utex395_scaffold_25_g444.t1,1
utexb3016_scaffold_22_g527.t1,utex395_scaffold_25_g445.t1,1
utexb3016_scaffold_22_g529.t1,utex395_scaffold_25_g448.t1,1
utexb3016_scaffold_22_g532.t1,utex395_scaffold_25_g449.t1,1
utexb3016_scaffold_22_g535.t1,utex395_scaffold_25_g453.t1,1
utexb3016_scaffold_22_g536.t1,utex395_scaffold_25_g454.t1,1
utexb3016_scaffold_22_g537.t1,utex395_scaffold_25_g455.t1,1
utexb3016_scaffold_22_g673.t1,utex395_scaffold_25_g543.t1,1
utexb3016_scaffold_22_g686.t1,utex395_scaffold_25_g556.t1,1
utexb3016_scaffold_22_g767.t1,utex395_scaffold_25_g616.t1,1
utexb3016_scaffold_22_g751.t1,utex395_scaffold_25_g604.t1,1
utexb3016_scaffold_22_g728.t1,utex395_scaffold_25_g592.t1,1
utexb3016_scaffold_22_g736.t1,utex395_scaffold_25_g594.t1,1
utexb3016_scaffold_22_g738.t1,utex395_scaffold_25_g596.t1,1
utexb3016_scaffold_22_g740.t1,utex395_scaffold_25_g599.t1,1
utexb3016_scaffold_22_g741.t1,utex395_scaffold_25_g600.t1,1
utexb3016_scaffold_22_g742.t1,utex395_scaffold_25_g601.t1,1
utexb3016_scaffold_22_g749.t1,utex395_scaffold_25_g603.t1,1
utexb3016_scaffold_22_g752.t1,utex395_scaffold_25_g605.t1,1
utexb3016_scaffold_22_g724.t1,utex395_scaffold_25_g589.t1,1
utexb3016_scaffold_22_g753.t1,utex395_scaffold_25_g606.t1,1
utexb3016_scaffold_22_g754.t1,utex395_scaffold_25_g607.t1,1
utexb3016_scaffold_22_g757.t1,utex395_scaffold_25_g608.t1,1
utexb3016_scaffold_22_g759.t1,utex395_scaffold_25_g610.t1,1
utexb3016_scaffold_22_g761.t1,utex395_scaffold_25_g611.t1,1
utexb3016_scaffold_22_g762.t1,utex395_scaffold_25_g612.t1,1
utexb3016_scaffold_22_g763.t1,utex395_scaffold_25_g613.t1,1
utexb3016_scaffold_22_g725.t1,utex395_scaffold_25_g590.t1,1
utexb3016_scaffold_22_g720.t1,utex395_scaffold_25_g586.t1,1
utexb3016_scaffold_22_g687.t1,utex395_scaffold_25_g557.t1,1
utexb3016_scaffold_22_g695.t1,utex395_scaffold_25_g567.t1,1
utexb3016_scaffold_22_g688.t1,utex395_scaffold_25_g558.t1,1
utexb3016_scaffold_22_g689.t1,utex395_scaffold_25_g559.t1,1
utexb3016_scaffold_22_g690.t1,utex395_scaffold_25_g560.t1,1
utexb3016_scaffold_22_g691.t1,utex395_scaffold_25_g561.t1,1
utexb3016_scaffold_22_g692.t1,utex395_scaffold_25_g562.t1,1
utexb3016_scaffold_22_g693.t1,utex395_scaffold_25_g563.t1,1
utexb3016_scaffold_22_g694.t1,utex395_scaffold_25_g564.t1,1
utexb3016_scaffold_22_g698.t1,utex395_scaffold_25_g569.t1,1
utexb3016_scaffold_22_g719.t1,utex395_scaffold_25_g585.t1,1
utexb3016_scaffold_22_g700.t1,utex395_scaffold_25_g570.t1,1
utexb3016_scaffold_22_g701.t1,utex395_scaffold_25_g572.t1,1
utexb3016_scaffold_22_g702.t1,utex395_scaffold_25_g573.t1,1
utexb3016_scaffold_22_g703.t1,utex395_scaffold_25_g575.t1,1
utexb3016_scaffold_22_g704.t1,utex395_scaffold_25_g576.t1,1
utexb3016_scaffold_22_g711.t1,utex395_scaffold_25_g579.t1,1
utexb3016_scaffold_22_g716.t1,utex395_scaffold_25_g583.t1,1
utexb3016_scaffold_21_g1374.t1,utex395_scaffold_24_g820.t1,1
utexb3016_scaffold_21_g1363.t1,utex395_scaffold_24_g815.t1,1
9:,utexb3016_scaffold_14_g122.t1,1
9:,utexb3016_scaffold_22_g676.t1,1
9:,utexb3016_scaffold_22_g342.t1,1
9:,utexb3016_scaffold_22_g438.t1,1
9:,utexb3016_scaffold_22_g466.t1,1
9:,utexb3016_scaffold_22_g589.t1,1
9:,utexb3016_scaffold_22_g650.t1,1
9:,utexb3016_scaffold_22_g669.t1,1
9:,utexb3016_scaffold_22_g672.t1,1
9:,utexb3016_scaffold_22_g784.t1,1
9:,utexb3016_scaffold_22_g304.t1,1
9:,utexb3016_scaffold_22_g823.t1,1
9:,utexb3016_scaffold_22_g86.t1,1
9:,utexb3016_scaffold_22_g872.t1,1
9:,utexb3016_scaffold_22_g874.t1,1
9:,utexb3016_scaffold_22_g881.t1,1
9:,utexb3016_scaffold_22_g929.t1,1
9:,utexb3016_scaffold_22_g947.t1,1
9:,utexb3016_scaffold_22_g312.t1,1
9:,utexb3016_scaffold_22_g258.t1,1
9:,utexb3016_scaffold_7_g142.t1,1
9:,utexb3016_scaffold_22_g1096.t1,1
9:,utexb3016_scaffold_21_g954.t1,1
9:,utexb3016_scaffold_21_g973.t1,1
9:,utexb3016_scaffold_21_g99.t1,1
9:,utexb3016_scaffold_21_g998.t1,1
9:,utexb3016_scaffold_22_g1012.t1,1
9:,utexb3016_scaffold_22_g1036.t1,1
9:,utexb3016_scaffold_22_g1066.t1,1
9:,utexb3016_scaffold_22_g1097.t1,1
9:,utexb3016_scaffold_22_g253.t1,1
9:,utexb3016_scaffold_22_g1117.t1,1
9:,utexb3016_scaffold_22_g1140.t1,1
9:,utexb3016_scaffold_22_g1196.t1,1
9:,utexb3016_scaffold_22_g1386.t1,1
9:,utexb3016_scaffold_22_g1387.t1,1
9:,utexb3016_scaffold_22_g1502.t1,1
9:,utexb3016_scaffold_22_g24.t1,1
9:,utexb3016_scaffold_22_g971.t1,1
9:,utexb3016_scaffold_7_g176.t1,1
9:,utexb3016_scaffold_21_g86.t1,1
utex395_scaffold_20_g425.t1,utexb3016_scaffold_20_g1003.t1,1
utex395_scaffold_20_g409.t1,utexb3016_scaffold_20_g982.t1,1
utex395_scaffold_20_g411.t1,utexb3016_scaffold_20_g985.t1,1
utex395_scaffold_20_g415.t1,utexb3016_scaffold_20_g990.t1,1
utex395_scaffold_20_g416.t1,utexb3016_scaffold_20_g992.t1,1
utex395_scaffold_20_g418.t1,utexb3016_scaffold_20_g994.t1,1
utex395_scaffold_20_g419.t1,utexb3016_scaffold_20_g996.t1,1
utex395_scaffold_20_g420.t1,utexb3016_scaffold_20_g998.t1,1
utex395_scaffold_20_g426.t1,utexb3016_scaffold_20_g1004.t1,1
utex395_scaffold_20_g405.t1,utexb3016_scaffold_20_g974.t1,1
utex395_scaffold_20_g427.t1,utexb3016_scaffold_20_g1006.t1,1
utex395_scaffold_20_g428.t1,utexb3016_scaffold_20_g1007.t1,1
utex395_scaffold_20_g429.t1,utexb3016_scaffold_20_g1008.t1,1
utex395_scaffold_20_g430.t1,utexb3016_scaffold_20_g1009.t1,1
utex395_scaffold_20_g432.t1,utexb3016_scaffold_20_g1011.t1,1
utex395_scaffold_20_g434.t1,utexb3016_scaffold_20_g1013.t1,1
utex395_scaffold_20_g435.t1,utexb3016_scaffold_20_g1014.t1,1
utex395_scaffold_20_g408.t1,utexb3016_scaffold_20_g981.t1,1
utex395_scaffold_20_g404.t1,utexb3016_scaffold_20_g973.t1,1
9:,utexb3016_scaffold_7_g311.t1,1
utex395_scaffold_20_g387.t1,utexb3016_scaffold_20_g957.t1,1
9:,utexb3016_scaffold_7_g380.t1,1
9:,utexb3016_scaffold_7_g451.t1,1
utex395_scaffold_20_g375.t1,utexb3016_scaffold_20_g941.t1,1
utex395_scaffold_20_g381.t1,utexb3016_scaffold_20_g948.t1,1
utex395_scaffold_20_g382.t1,utexb3016_scaffold_20_g949.t1,1
utex395_scaffold_20_g383.t1,utexb3016_scaffold_20_g953.t1,1
utex395_scaffold_20_g386.t1,utexb3016_scaffold_20_g954.t1,1
utex395_scaffold_20_g389.t1,utexb3016_scaffold_20_g958.t1,1
utex395_scaffold_20_g403.t1,utexb3016_scaffold_20_g972.t1,1
utex395_scaffold_20_g392.t1,utexb3016_scaffold_20_g960.t1,1
utex395_scaffold_20_g393.t1,utexb3016_scaffold_20_g961.t1,1
utex395_scaffold_20_g395.t1,utexb3016_scaffold_20_g963.t1,1
utex395_scaffold_20_g396.t1,utexb3016_scaffold_20_g965.t1,1
utex395_scaffold_20_g397.t1,utexb3016_scaffold_20_g966.t1,1
utex395_scaffold_20_g399.t1,utexb3016_scaffold_20_g968.t1,1
utex395_scaffold_20_g400.t1,utexb3016_scaffold_20_g970.t1,1
9:,utexb3016_scaffold_21_g864.t1,1
9:,utexb3016_scaffold_21_g847.t1,1
utex395_scaffold_20_g437.t1,utexb3016_scaffold_20_g1016.t1,1
9:,utexb3016_scaffold_17_g525.t1,1
9:,utexb3016_scaffold_16_g884.t1,1
9:,utexb3016_scaffold_16_g97.t1,1
9:,utexb3016_scaffold_17_g190.t1,1
9:,utexb3016_scaffold_17_g263.t1,1
9:,utexb3016_scaffold_17_g356.t1,1
9:,utexb3016_scaffold_17_g426.t1,1
9:,utexb3016_scaffold_17_g431.t1,1
9:,utexb3016_scaffold_17_g570.t1,1
9:,utexb3016_scaffold_16_g62.t1,1
9:,utexb3016_scaffold_17_g579.t1,1
9:,utexb3016_scaffold_17_g663.t1,1
9:,utexb3016_scaffold_17_g686.t1,1
9:,utexb3016_scaffold_17_g700.t1,1
9:,utexb3016_scaffold_17_g722.t1,1
9:,utexb3016_scaffold_17_g763.t1,1
9:,utexb3016_scaffold_17_g848.t1,1
9:,utexb3016_scaffold_16_g741.t1,1
9:,utexb3016_scaffold_16_g611.t1,1
9:,utexb3016_scaffold_17_g909.t1,1
9:,utexb3016_scaffold_15_g620.t1,1
9:,utexb3016_scaffold_14_g58.t1,1
9:,utexb3016_scaffold_14_g95.t1,1
9:,utexb3016_scaffold_15_g296.t1,1
9:,utexb3016_scaffold_15_g344.t1,1
9:,utexb3016_scaffold_15_g439.t1,1
9:,utexb3016_scaffold_15_g533.t1,1
9:,utexb3016_scaffold_15_g607.t1,1
9:,utexb3016_scaffold_15_g690.t1,1
9:,utexb3016_scaffold_16_g592.t1,1
9:,utexb3016_scaffold_15_g713.t1,1
9:,utexb3016_scaffold_15_g749.t1,1
9:,utexb3016_scaffold_16_g119.t1,1
9:,utexb3016_scaffold_16_g205.t1,1
9:,utexb3016_scaffold_16_g222.t1,1
9:,utexb3016_scaffold_16_g299.t1,1
9:,utexb3016_scaffold_16_g387.t1,1
9:,utexb3016_scaffold_17_g874.t1,1
9:,utexb3016_scaffold_18_g150.t1,1
9:,utexb3016_scaffold_21_g812.t1,1
9:,utexb3016_scaffold_21_g340.t1,1
9:,utexb3016_scaffold_21_g1191.t1,1
9:,utexb3016_scaffold_21_g1226.t1,1
9:,utexb3016_scaffold_21_g1277.t1,1
9:,utexb3016_scaffold_21_g1296.t1,1
9:,utexb3016_scaffold_21_g1303.t1,1
9:,utexb3016_scaffold_21_g1385.t1,1
9:,utexb3016_scaffold_21_g1417.t1,1
9:,utexb3016_scaffold_21_g353.t1,1
9:,utexb3016_scaffold_21_g1067.t1,1
9:,utexb3016_scaffold_21_g384.t1,1
9:,utexb3016_scaffold_21_g419.t1,1
9:,utexb3016_scaffold_21_g501.t1,1
9:,utexb3016_scaffold_21_g613.t1,1
9:,utexb3016_scaffold_21_g62.t1,1
9:,utexb3016_scaffold_21_g777.t1,1
9:,utexb3016_scaffold_21_g778.t1,1
9:,utexb3016_scaffold_21_g1187.t1,1
9:,utexb3016_scaffold_21_g1020.t1,1
9:,utexb3016_scaffold_18_g326.t1,1
9:,utexb3016_scaffold_18_g786.t1,1
9:,utexb3016_scaffold_18_g416.t1,1
9:,utexb3016_scaffold_18_g479.t1,1
9:,utexb3016_scaffold_18_g548.t1,1
9:,utexb3016_scaffold_18_g636.t1,1
9:,utexb3016_scaffold_18_g752.t1,1
9:,utexb3016_scaffold_18_g777.t1,1
9:,utexb3016_scaffold_18_g778.t1,1
9:,utexb3016_scaffold_18_g845.t1,1
9:,utexb3016_scaffold_20_g97.t1,1
9:,utexb3016_scaffold_18_g897.t1,1
9:,utexb3016_scaffold_19_g1474.t1,1
9:,utexb3016_scaffold_20_g123.t1,1
9:,utexb3016_scaffold_20_g241.t1,1
9:,utexb3016_scaffold_20_g27.t1,1
9:,utexb3016_scaffold_20_g461.t1,1
9:,utexb3016_scaffold_20_g520.t1,1
utex395_scaffold_20_g436.t1,utexb3016_scaffold_20_g1015.t1,1
utex395_scaffold_20_g439.t1,utexb3016_scaffold_20_g1019.t1,1
utexb3016_scaffold_21_g1362.t1,utex395_scaffold_24_g814.t1,1
utex395_scaffold_20_g722.t1,utexb3016_scaffold_20_g1378.t1,1
utex395_scaffold_20_g704.t1,utexb3016_scaffold_20_g1357.t1,1
utex395_scaffold_20_g706.t1,utexb3016_scaffold_20_g1360.t1,1
utex395_scaffold_20_g709.t1,utexb3016_scaffold_20_g1362.t1,1
utex395_scaffold_20_g712.t1,utexb3016_scaffold_20_g1366.t1,1
utex395_scaffold_20_g714.t1,utexb3016_scaffold_20_g1368.t1,1
utex395_scaffold_20_g716.t1,utexb3016_scaffold_20_g1373.t1,1
utex395_scaffold_20_g721.t1,utexb3016_scaffold_20_g1377.t1,1
utex395_scaffold_20_g723.t1,utexb3016_scaffold_20_g1381.t1,1
utex395_scaffold_20_g690.t1,utexb3016_scaffold_20_g1343.t1,1
utex395_scaffold_20_g728.t1,utexb3016_scaffold_20_g1386.t1,1
utex395_scaffold_20_g732.t1,utexb3016_scaffold_20_g1391.t1,1
utex395_scaffold_20_g735.t1,utexb3016_scaffold_20_g1395.t1,1
utex395_scaffold_20_g736.t1,utexb3016_scaffold_20_g1399.t1,1
utexb3016_scaffold_20_g401.t1,utexb3016_scaffold_20_g1171.t1,1
utexb3016_scaffold_21_g1112.t1,utex395_scaffold_24_g624.t1,1
utexb3016_scaffold_21_g1113.t1,utex395_scaffold_24_g625.t1,1
utex395_scaffold_20_g698.t1,utexb3016_scaffold_20_g1347.t1,1
utex395_scaffold_20_g689.t1,utexb3016_scaffold_20_g1342.t1,1
utexb3016_scaffold_21_g1124.t1,utex395_scaffold_24_g633.t1,1
utex395_scaffold_20_g668.t1,utexb3016_scaffold_20_g1304.t1,1
utex395_scaffold_20_g646.t1,utexb3016_scaffold_20_g1271.t1,1
utex395_scaffold_20_g647.t1,utexb3016_scaffold_20_g1272.t1,1
utex395_scaffold_20_g648.t1,utexb3016_scaffold_20_g1276.t1,1
utex395_scaffold_20_g656.t1,utexb3016_scaffold_20_g1287.t1,1
utex395_scaffold_20_g663.t1,utexb3016_scaffold_20_g1299.t1,1
utex395_scaffold_20_g664.t1,utexb3016_scaffold_20_g1300.t1,1
utex395_scaffold_20_g666.t1,utexb3016_scaffold_20_g1302.t1,1
utex395_scaffold_20_g669.t1,utexb3016_scaffold_20_g1305.t1,1
utex395_scaffold_20_g687.t1,utexb3016_scaffold_20_g1337.t1,1
utex395_scaffold_20_g671.t1,utexb3016_scaffold_20_g1314.t1,1
utex395_scaffold_20_g673.t1,utexb3016_scaffold_20_g1315.t1,1
utex395_scaffold_20_g674.t1,utexb3016_scaffold_20_g1316.t1,1
utex395_scaffold_20_g677.t1,utexb3016_scaffold_20_g1319.t1,1
utex395_scaffold_20_g678.t1,utexb3016_scaffold_20_g1320.t1,1
utex395_scaffold_20_g681.t1,utexb3016_scaffold_20_g1325.t1,1
utex395_scaffold_20_g684.t1,utexb3016_scaffold_20_g1332.t1,1
utexb3016_scaffold_21_g1119.t1,utex395_scaffold_24_g629.t1,1
utexb3016_scaffold_21_g1129.t1,utex395_scaffold_24_g637.t1,1
utex395_scaffold_20_g644.t1,utexb3016_scaffold_20_g1259.t1,1
utexb3016_scaffold_21_g1326.t1,utex395_scaffold_24_g791.t1,1
utexb3016_scaffold_21_g1292.t1,utex395_scaffold_24_g736.t1,1
utexb3016_scaffold_21_g1299.t1,utex395_scaffold_24_g737.t1,1
utexb3016_scaffold_21_g1300.t1,utex395_scaffold_24_g738.t1,1
utexb3016_scaffold_21_g1302.t1,utex395_scaffold_24_g739.t1,1
utexb3016_scaffold_21_g1318.t1,utex395_scaffold_24_g765.t1,1
utexb3016_scaffold_21_g1322.t1,utex395_scaffold_24_g771.t1,1
utexb3016_scaffold_21_g1324.t1,utex395_scaffold_24_g785.t1,1
utexb3016_scaffold_21_g1328.t1,utex395_scaffold_24_g794.t1,1
utexb3016_scaffold_21_g1253.t1,utex395_scaffold_24_g716.t1,1
utexb3016_scaffold_21_g1329.t1,utex395_scaffold_24_g795.t1,1
utexb3016_scaffold_21_g1345.t1,utex395_scaffold_24_g800.t1,1
utexb3016_scaffold_21_g1349.t1,utex395_scaffold_24_g801.t1,1
utexb3016_scaffold_21_g1350.t1,utex395_scaffold_24_g802.t1,1
utexb3016_scaffold_21_g1357.t1,utex395_scaffold_24_g810.t1,1
utexb3016_scaffold_21_g1358.t1,utex395_scaffold_24_g811.t1,1
utexb3016_scaffold_21_g1359.t1,utex395_scaffold_24_g812.t1,1
utexb3016_scaffold_21_g1266.t1,utex395_scaffold_24_g719.t1,1
utexb3016_scaffold_21_g1250.t1,utex395_scaffold_24_g712.t1,1
utexb3016_scaffold_21_g1135.t1,utex395_scaffold_24_g642.t1,1
utexb3016_scaffold_21_g1191.t1,utex395_scaffold_24_g675.t1,1
utexb3016_scaffold_21_g1136.t1,utex395_scaffold_24_g643.t1,1
utexb3016_scaffold_21_g1142.t1,utex395_scaffold_24_g645.t1,1
utexb3016_scaffold_21_g1151.t1,utex395_scaffold_24_g654.t1,1
utexb3016_scaffold_21_g1160.t1,utex395_scaffold_24_g655.t1,1
utexb3016_scaffold_21_g1167.t1,utex395_scaffold_24_g662.t1,1
utexb3016_scaffold_21_g1173.t1,utex395_scaffold_24_g663.t1,1
utexb3016_scaffold_21_g1183.t1,utex395_scaffold_24_g667.t1,1
utexb3016_scaffold_21_g1193.t1,utex395_scaffold_24_g677.t1,1
utexb3016_scaffold_21_g1249.t1,utex395_scaffold_24_g711.t1,1
utexb3016_scaffold_21_g1198.t1,utex395_scaffold_24_g683.t1,1
utexb3016_scaffold_21_g1205.t1,utex395_scaffold_24_g689.t1,1
utexb3016_scaffold_21_g1210.t1,utex395_scaffold_24_g693.t1,1
utexb3016_scaffold_21_g1219.t1,utex395_scaffold_24_g697.t1,1
utexb3016_scaffold_21_g1231.t1,utex395_scaffold_24_g706.t1,1
utexb3016_scaffold_21_g1233.t1,utex395_scaffold_24_g707.t1,1
utexb3016_scaffold_21_g1248.t1,utex395_scaffold_24_g710.t1,1
utex395_scaffold_20_g645.t1,utexb3016_scaffold_20_g1270.t1,1
utex395_scaffold_20_g643.t1,utexb3016_scaffold_20_g1258.t1,1
utex395_scaffold_20_g440.t1,utexb3016_scaffold_20_g1020.t1,1
utex395_scaffold_20_g504.t1,utexb3016_scaffold_20_g1098.t1,1
utex395_scaffold_20_g488.t1,utexb3016_scaffold_20_g1081.t1,1
utex395_scaffold_20_g490.t1,utexb3016_scaffold_20_g1083.t1,1
utex395_scaffold_20_g491.t1,utexb3016_scaffold_20_g1084.t1,1
utex395_scaffold_20_g492.t1,utexb3016_scaffold_20_g1085.t1,1
utex395_scaffold_20_g493.t1,utexb3016_scaffold_20_g1086.t1,1
utex395_scaffold_20_g498.t1,utexb3016_scaffold_20_g1092.t1,1
utex395_scaffold_20_g502.t1,utexb3016_scaffold_20_g1095.t1,1
utex395_scaffold_20_g505.t1,utexb3016_scaffold_20_g1099.t1,1
utex395_scaffold_20_g486.t1,utexb3016_scaffold_20_g1079.t1,1
utex395_scaffold_20_g506.t1,utexb3016_scaffold_20_g1100.t1,1
utex395_scaffold_20_g507.t1,utexb3016_scaffold_20_g1101.t1,1
utex395_scaffold_20_g508.t1,utexb3016_scaffold_20_g1102.t1,1
utex395_scaffold_20_g509.t1,utexb3016_scaffold_20_g1103.t1,1
utex395_scaffold_20_g511.t1,utexb3016_scaffold_20_g1105.t1,1
utex395_scaffold_20_g512.t1,utexb3016_scaffold_20_g1107.t1,1
utex395_scaffold_20_g515.t1,utexb3016_scaffold_20_g1109.t1,1
utex395_scaffold_20_g487.t1,utexb3016_scaffold_20_g1080.t1,1
utex395_scaffold_20_g485.t1,utexb3016_scaffold_20_g1075.t1,1
utex395_scaffold_20_g517.t1,utexb3016_scaffold_20_g1111.t1,1
utex395_scaffold_20_g462.t1,utexb3016_scaffold_20_g1051.t1,1
utex395_scaffold_20_g442.t1,utexb3016_scaffold_20_g1022.t1,1
utex395_scaffold_20_g444.t1,utexb3016_scaffold_20_g1024.t1,1
utex395_scaffold_20_g445.t1,utexb3016_scaffold_20_g1025.t1,1
utex395_scaffold_20_g447.t1,utexb3016_scaffold_20_g1028.t1,1
utex395_scaffold_20_g449.t1,utexb3016_scaffold_20_g1030.t1,1
utex395_scaffold_20_g451.t1,utexb3016_scaffold_20_g1032.t1,1
utex395_scaffold_20_g456.t1,utexb3016_scaffold_20_g1041.t1,1
utex395_scaffold_20_g466.t1,utexb3016_scaffold_20_g1058.t1,1
utex395_scaffold_20_g482.t1,utexb3016_scaffold_20_g1071.t1,1
utex395_scaffold_20_g470.t1,utexb3016_scaffold_20_g1060.t1,1
utex395_scaffold_20_g474.t1,utexb3016_scaffold_20_g1064.t1,1
utex395_scaffold_20_g475.t1,utexb3016_scaffold_20_g1065.t1,1
utex395_scaffold_20_g477.t1,utexb3016_scaffold_20_g1066.t1,1
utex395_scaffold_20_g478.t1,utexb3016_scaffold_20_g1068.t1,1
utex395_scaffold_20_g479.t1,utexb3016_scaffold_20_g1069.t1,1
utex395_scaffold_20_g481.t1,utexb3016_scaffold_20_g1070.t1,1
utex395_scaffold_20_g516.t1,utexb3016_scaffold_20_g1110.t1,1
utex395_scaffold_20_g518.t1,utexb3016_scaffold_20_g1112.t1,1
utex395_scaffold_20_g636.t1,utexb3016_scaffold_20_g1254.t1,1
utex395_scaffold_20_g613.t1,utexb3016_scaffold_20_g1228.t1,1
utex395_scaffold_20_g593.t1,utexb3016_scaffold_20_g1203.t1,1
utex395_scaffold_20_g600.t1,utexb3016_scaffold_20_g1211.t1,1
utex395_scaffold_20_g604.t1,utexb3016_scaffold_20_g1216.t1,1
utex395_scaffold_20_g608.t1,utexb3016_scaffold_20_g1220.t1,1
utex395_scaffold_20_g610.t1,utexb3016_scaffold_20_g1223.t1,1
utex395_scaffold_20_g611.t1,utexb3016_scaffold_20_g1224.t1,1
utex395_scaffold_20_g612.t1,utexb3016_scaffold_20_g1226.t1,1
utex395_scaffold_20_g615.t1,utexb3016_scaffold_20_g1231.t1,1
utex395_scaffold_20_g587.t1,utexb3016_scaffold_20_g1198.t1,1
utex395_scaffold_20_g618.t1,utexb3016_scaffold_20_g1235.t1,1
utex395_scaffold_20_g623.t1,utexb3016_scaffold_20_g1237.t1,1
utex395_scaffold_20_g624.t1,utexb3016_scaffold_20_g1239.t1,1
utex395_scaffold_20_g625.t1,utexb3016_scaffold_20_g1240.t1,1
utex395_scaffold_20_g626.t1,utexb3016_scaffold_20_g1241.t1,1
utex395_scaffold_20_g632.t1,utexb3016_scaffold_20_g1251.t1,1
utex395_scaffold_20_g633.t1,utexb3016_scaffold_20_g1252.t1,1
utex395_scaffold_20_g589.t1,utexb3016_scaffold_20_g1200.t1,1
utex395_scaffold_20_g584.t1,utexb3016_scaffold_20_g1195.t1,1
utex395_scaffold_20_g523.t1,utexb3016_scaffold_20_g1117.t1,1
utex395_scaffold_20_g557.t1,utexb3016_scaffold_20_g1156.t1,1
utex395_scaffold_20_g526.t1,utexb3016_scaffold_20_g1120.t1,1
utex395_scaffold_20_g527.t1,utexb3016_scaffold_20_g1121.t1,1
utex395_scaffold_20_g533.t1,utexb3016_scaffold_20_g1131.t1,1
utex395_scaffold_20_g539.t1,utexb3016_scaffold_20_g1142.t1,1
utex395_scaffold_20_g541.t1,utexb3016_scaffold_20_g1146.t1,1
utex395_scaffold_20_g545.t1,utexb3016_scaffold_20_g1149.t1,1
utex395_scaffold_20_g556.t1,utexb3016_scaffold_20_g1155.t1,1
utex395_scaffold_20_g558.t1,utexb3016_scaffold_20_g1161.t1,1
utex395_scaffold_20_g582.t1,utexb3016_scaffold_20_g1190.t1,1
utex395_scaffold_20_g559.t1,utexb3016_scaffold_20_g1162.t1,1
utex395_scaffold_20_g560.t1,utexb3016_scaffold_20_g1163.t1,1
utex395_scaffold_20_g561.t1,utexb3016_scaffold_20_g1164.t1,1
utex395_scaffold_20_g564.t1,utexb3016_scaffold_20_g1183.t1,1
utex395_scaffold_20_g566.t1,utexb3016_scaffold_20_g1184.t1,1
utex395_scaffold_20_g580.t1,utexb3016_scaffold_20_g1186.t1,1
utex395_scaffold_20_g581.t1,utexb3016_scaffold_20_g1189.t1,1
8:,utex2526_scaffold_15_g839.t1,1
8:,utex2526_scaffold_15_g806.t1,1
8:,utex2526_scaffold_15_g795.t1,1
6:,utexb3016_scaffold_22_g303.t1,1
6:,utexb3016_scaffold_22_g230.t1,1
6:,utexb3016_scaffold_22_g238.t1,1
6:,utexb3016_scaffold_22_g239.t1,1
6:,utexb3016_scaffold_22_g253.t1,1
6:,utexb3016_scaffold_22_g256.t1,1
6:,utexb3016_scaffold_22_g286.t1,1
6:,utexb3016_scaffold_22_g300.t1,1
6:,utexb3016_scaffold_22_g339.t1,1
6:,utexb3016_scaffold_22_g1377.t1,1
6:,utexb3016_scaffold_22_g420.t1,1
6:,utexb3016_scaffold_22_g434.t1,1
6:,utexb3016_scaffold_22_g499.t1,1
6:,utexb3016_scaffold_22_g580.t1,1
6:,utexb3016_scaffold_22_g639.t1,1
6:,utexb3016_scaffold_22_g642.t1,1
6:,utexb3016_scaffold_22_g645.t1,1
6:,utexb3016_scaffold_22_g1498.t1,1
6:,utexb3016_scaffold_22_g1373.t1,1
6:,utexb3016_scaffold_22_g664.t1,1
6:,utexb3016_scaffold_22_g1062.t1,1
6:,utexb3016_scaffold_21_g953.t1,1
6:,utexb3016_scaffold_21_g956.t1,1
6:,utexb3016_scaffold_21_g96.t1,1
6:,utexb3016_scaffold_21_g969.t1,1
6:,utexb3016_scaffold_21_g998.t1,1
6:,utexb3016_scaffold_22_g1006.t1,1
6:,utexb3016_scaffold_22_g1028.t1,1
6:,utexb3016_scaffold_22_g1080.t1,1
6:,utexb3016_scaffold_22_g1347.t1,1
6:,utexb3016_scaffold_22_g1085.t1,1
6:,utexb3016_scaffold_22_g1108.t1,1
6:,utexb3016_scaffold_22_g1137.t1,1
6:,utexb3016_scaffold_22_g1176.t1,1
6:,utexb3016_scaffold_22_g1234.t1,1
6:,utexb3016_scaffold_22_g1253.t1,1
6:,utexb3016_scaffold_22_g1269.t1,1
6:,utexb3016_scaffold_22_g662.t1,1
6:,utexb3016_scaffold_22_g670.t1,1
6:,utexb3016_scaffold_21_g902.t1,1
70:,utex395_scaffold_20_g317.t1,1
6:,utexb3016_scaffold_7_g306.t1,1
6:,utexb3016_scaffold_7_g318.t1,1
6:,utexb3016_scaffold_7_g358.t1,1
6:,utexb3016_scaffold_7_g424.t1,1
6:,utexb3016_scaffold_7_g444.t1,1
70:,utex395_scaffold_17_g298.t1,1
70:,utex395_scaffold_1_g187.t1,1
70:,utex395_scaffold_25_g448.t1,1
6:,utexb3016_scaffold_7_g275.t1,1
70:,utexb3016_scaffold_20_g437.t1,1
70:,utexb3016_scaffold_21_g1037.t1,1
70:,utexb3016_scaffold_21_g320.t1,1
70:,utexb3016_scaffold_22_g1347.t1,1
70:,utexb3016_scaffold_22_g435.t1,1
70:,utexb3016_scaffold_22_g532.t1,1
71:,utex395_scaffold_17_g299.t1,1
6:,utexb3016_scaffold_7_g298.t1,1
6:,utexb3016_scaffold_7_g241.t1,1
6:,utexb3016_scaffold_22_g728.t1,1
6:,utexb3016_scaffold_22_g878.t1,1
6:,utexb3016_scaffold_22_g73.t1,1
6:,utexb3016_scaffold_22_g740.t1,1
6:,utexb3016_scaffold_22_g780.t1,1
6:,utexb3016_scaffold_22_g800.t1,1
6:,utexb3016_scaffold_22_g816.t1,1
6:,utexb3016_scaffold_22_g868.t1,1
6:,utexb3016_scaffold_22_g870.t1,1
6:,utexb3016_scaffold_22_g907.t1,1
6:,utexb3016_scaffold_7_g184.t1,1
6:,utexb3016_scaffold_22_g924.t1,1
6:,utexb3016_scaffold_22_g934.t1,1
6:,utexb3016_scaffold_22_g939.t1,1
6:,utexb3016_scaffold_22_g964.t1,1
6:,utexb3016_scaffold_22_g975.t1,1
6:,utexb3016_scaffold_7_g132.t1,1
6:,utexb3016_scaffold_7_g173.t1,1
6:,utexb3016_scaffold_21_g922.t1,1
6:,utexb3016_scaffold_21_g867.t1,1
71:,utex395_scaffold_20_g318.t1,1
6:,utexb3016_scaffold_20_g17.t1,1
6:,utexb3016_scaffold_18_g761.t1,1
6:,utexb3016_scaffold_18_g762.t1,1
6:,utexb3016_scaffold_18_g791.t1,1
6:,utexb3016_scaffold_18_g845.t1,1
6:,utexb3016_scaffold_18_g880.t1,1
6:,utexb3016_scaffold_19_g1438.t1,1
6:,utexb3016_scaffold_20_g118.t1,1
6:,utexb3016_scaffold_20_g224.t1,1
6:,utexb3016_scaffold_18_g731.t1,1
6:,utexb3016_scaffold_20_g375.t1,1
6:,utexb3016_scaffold_20_g416.t1,1
6:,utexb3016_scaffold_20_g452.t1,1
6:,utexb3016_scaffold_20_g501.t1,1
6:,utexb3016_scaffold_20_g517.t1,1
6:,utexb3016_scaffold_20_g58.t1,1
6:,utexb3016_scaffold_20_g94.t1,1
6:,utexb3016_scaffold_18_g750.t1,1
6:,utexb3016_scaffold_18_g669.t1,1
6:,utexb3016_scaffold_21_g1045.t1,1
6:,utexb3016_scaffold_18_g217.t1,1
6:,utexb3016_scaffold_17_g861.t1,1
6:,utexb3016_scaffold_17_g874.t1,1
6:,utexb3016_scaffold_17_g897.t1,1
6:,utexb3016_scaffold_17_g899.t1,1
6:,utexb3016_scaffold_18_g128.t1,1
6:,utexb3016_scaffold_18_g19.t1,1
6:,utexb3016_scaffold_18_g209.t1,1
6:,utexb3016_scaffold_18_g235.t1,1
6:,utexb3016_scaffold_18_g631.t1,1
6:,utexb3016_scaffold_18_g237.t1,1
6:,utexb3016_scaffold_18_g264.t1,1
6:,utexb3016_scaffold_18_g322.t1,1
6:,utexb3016_scaffold_18_g401.t1,1
6:,utexb3016_scaffold_18_g466.t1,1
6:,utexb3016_scaffold_18_g531.t1,1
6:,utexb3016_scaffold_18_g611.t1,1
6:,utexb3016_scaffold_21_g1015.t1,1
6:,utexb3016_scaffold_21_g1059.t1,1
6:,utexb3016_scaffold_21_g860.t1,1
6:,utexb3016_scaffold_21_g593.t1,1
6:,utexb3016_scaffold_21_g356.t1,1
6:,utexb3016_scaffold_21_g397.t1,1
6:,utexb3016_scaffold_21_g407.t1,1
6:,utexb3016_scaffold_21_g447.t1,1
6:,utexb3016_scaffold_21_g49.t1,1
6:,utexb3016_scaffold_21_g493.t1,1
6:,utexb3016_scaffold_21_g566.t1,1
6:,utexb3016_scaffold_21_g675.t1,1
6:,utexb3016_scaffold_21_g311.t1,1
6:,utexb3016_scaffold_21_g751.t1,1
6:,utexb3016_scaffold_21_g774.t1,1
6:,utexb3016_scaffold_21_g801.t1,1
6:,utexb3016_scaffold_21_g809.t1,1
6:,utexb3016_scaffold_21_g843.t1,1
6:,utexb3016_scaffold_21_g855.t1,1
6:,utexb3016_scaffold_21_g859.t1,1
6:,utexb3016_scaffold_21_g334.t1,1
6:,utexb3016_scaffold_21_g299.t1,1
6:,utexb3016_scaffold_21_g1066.t1,1
6:,utexb3016_scaffold_21_g1277.t1,1
6:,utexb3016_scaffold_21_g116.t1,1
6:,utexb3016_scaffold_21_g1168.t1,1
6:,utexb3016_scaffold_21_g1179.t1,1
6:,utexb3016_scaffold_21_g1198.t1,1
6:,utexb3016_scaffold_21_g1208.t1,1
6:,utexb3016_scaffold_21_g1261.t1,1
6:,utexb3016_scaffold_21_g1264.t1,1
6:,utexb3016_scaffold_21_g1312.t1,1
6:,utexb3016_scaffold_21_g289.t1,1
6:,utexb3016_scaffold_21_g1358.t1,1
6:,utexb3016_scaffold_21_g1380.t1,1
6:,utexb3016_scaffold_21_g1385.t1,1
6:,utexb3016_scaffold_21_g1410.t1,1
6:,utexb3016_scaffold_21_g170.t1,1
6:,utexb3016_scaffold_21_g226.t1,1
6:,utexb3016_scaffold_21_g259.t1,1
71:,utex395_scaffold_1_g188.t1,1
71:,utex395_scaffold_25_g449.t1,1
6:,utexb3016_scaffold_17_g730.t1,1
7:,utex2526_scaffold_10_g89.t1,1
7:,utex2526_scaffold_10_g583.t1,1
7:,utex2526_scaffold_10_g599.t1,1
7:,utex2526_scaffold_10_g620.t1,1
7:,utex2526_scaffold_10_g623.t1,1
7:,utex2526_scaffold_10_g635.t1,1
7:,utex2526_scaffold_10_g669.t1,1
7:,utex2526_scaffold_10_g678.t1,1
7:,utex2526_scaffold_11_g14.t1,1
7:,utex2526_scaffold_10_g542.t1,1
7:,utex2526_scaffold_11_g47.t1,1
7:,utex2526_scaffold_11_g65.t1,1
7:,utex2526_scaffold_12_g137.t1,1
7:,utex2526_scaffold_12_g149.t1,1
7:,utex2526_scaffold_12_g177.t1,1
7:,utex2526_scaffold_12_g181.t1,1
7:,utex2526_scaffold_12_g205.t1,1
7:,utex2526_scaffold_10_g558.t1,1
7:,utex2526_scaffold_10_g508.t1,1
7:,utex2526_scaffold_12_g247.t1,1
7:,utex2526_scaffold_10_g193.t1,1
79:,utexb3016_scaffold_21_g1058.t1,1
79:,utexb3016_scaffold_21_g349.t1,1
79:,utexb3016_scaffold_22_g1386.t1,1
79:,utexb3016_scaffold_22_g451.t1,1
79:,utexb3016_scaffold_22_g574.t1,1
7:,utex2526_scaffold_10_g119.t1,1
7:,utex2526_scaffold_10_g158.t1,1
7:,utex2526_scaffold_10_g293.t1,1
7:,utex2526_scaffold_10_g499.t1,1
7:,utex2526_scaffold_10_g398.t1,1
7:,utex2526_scaffold_10_g400.t1,1
7:,utex2526_scaffold_10_g421.t1,1
7:,utex2526_scaffold_10_g448.t1,1
7:,utex2526_scaffold_10_g45.t1,1
7:,utex2526_scaffold_10_g467.t1,1
7:,utex2526_scaffold_10_g480.t1,1
7:,utex2526_scaffold_12_g211.t1,1
7:,utex2526_scaffold_12_g278.t1,1
79:,utex395_scaffold_25_g463.t1,1
7:,utex2526_scaffold_14_g173.t1,1
7:,utex2526_scaffold_13_g97.t1,1
7:,utex2526_scaffold_14_g104.t1,1
7:,utex2526_scaffold_14_g132.t1,1
7:,utex2526_scaffold_14_g139.t1,1
7:,utex2526_scaffold_14_g142.t1,1
7:,utex2526_scaffold_14_g166.t1,1
7:,utex2526_scaffold_14_g170.t1,1
7:,utex2526_scaffold_14_g209.t1,1
7:,utex2526_scaffold_13_g40.t1,1
7:,utex2526_scaffold_14_g214.t1,1
7:,utex2526_scaffold_14_g216.t1,1
7:,utex2526_scaffold_14_g247.t1,1
7:,utex2526_scaffold_14_g253.t1,1
7:,utex2526_scaffold_14_g281.t1,1
7:,utex2526_scaffold_14_g284.t1,1
7:,utex2526_scaffold_14_g289.t1,1
7:,utex2526_scaffold_13_g65.t1,1
7:,utex2526_scaffold_13_g178.t1,1
7:,utex2526_scaffold_12_g283.t1,1
7:,utex2526_scaffold_12_g475.t1,1
7:,utex2526_scaffold_12_g316.t1,1
7:,utex2526_scaffold_12_g322.t1,1
7:,utex2526_scaffold_12_g348.t1,1
7:,utex2526_scaffold_12_g375.t1,1
7:,utex2526_scaffold_12_g379.t1,1
7:,utex2526_scaffold_12_g446.t1,1
7:,utex2526_scaffold_12_g456.t1,1
7:,utex2526_scaffold_12_g530.t1,1
7:,utex2526_scaffold_12_g96.t1,1
7:,utex2526_scaffold_12_g534.t1,1
7:,utex2526_scaffold_12_g607.t1,1
7:,utex2526_scaffold_12_g625.t1,1
7:,utex2526_scaffold_12_g635.t1,1
7:,utex2526_scaffold_12_g644.t1,1
7:,utex2526_scaffold_12_g81.t1,1
7:,utex2526_scaffold_12_g83.t1,1
79:,utexb3016_scaffold_20_g466.t1,1
79:,utex395_scaffold_20_g332.t1,1
71:,utexb3016_scaffold_20_g440.t1,1
74:,utex395_scaffold_20_g324.t1,1
73:,utexb3016_scaffold_21_g1043.t1,1
73:,utexb3016_scaffold_21_g329.t1,1
73:,utexb3016_scaffold_22_g1360.t1,1
73:,utexb3016_scaffold_22_g439.t1,1
73:,utexb3016_scaffold_22_g542.t1,1
74:,utex395_scaffold_17_g305.t1,1
74:,utex395_scaffold_1_g212.t1,1
74:,utex395_scaffold_25_g455.t1,1
73:,utex395_scaffold_25_g453.t1,1
74:,utexb3016_scaffold_20_g454.t1,1
74:,utexb3016_scaffold_21_g1047.t1,1
74:,utexb3016_scaffold_21_g331.t1,1
74:,utexb3016_scaffold_22_g1366.t1,1
74:,utexb3016_scaffold_22_g440.t1,1
74:,utexb3016_scaffold_22_g550.t1,1
75:,utex395_scaffold_17_g309.t1,1
73:,utexb3016_scaffold_20_g452.t1,1
73:,utex395_scaffold_20_g323.t1,1
75:,utex395_scaffold_20_g325.t1,1
72:,utex395_scaffold_20_g321.t1,1
71:,utexb3016_scaffold_21_g1038.t1,1
71:,utexb3016_scaffold_21_g321.t1,1
71:,utexb3016_scaffold_22_g1349.t1,1
71:,utexb3016_scaffold_22_g436.t1,1
71:,utexb3016_scaffold_22_g535.t1,1
72:,utex395_scaffold_17_g302.t1,1
72:,utex395_scaffold_1_g190.t1,1
72:,utex395_scaffold_25_g451.t1,1
73:,utex395_scaffold_1_g199.t1,1
72:,utexb3016_scaffold_20_g446.t1,1
72:,utexb3016_scaffold_21_g1039.t1,1
72:,utexb3016_scaffold_21_g328.t1,1
72:,utexb3016_scaffold_22_g1359.t1,1
72:,utexb3016_scaffold_22_g438.t1,1
72:,utexb3016_scaffold_22_g537.t1,1
73:,utex395_scaffold_17_g303.t1,1
75:,utex395_scaffold_1_g221.t1,1
75:,utex395_scaffold_25_g459.t1,1
79:,utex395_scaffold_1_g243.t1,1
78:,utex395_scaffold_20_g330.t1,1
77:,utexb3016_scaffold_21_g1053.t1,1
77:,utexb3016_scaffold_21_g336.t1,1
77:,utexb3016_scaffold_22_g1382.t1,1
77:,utexb3016_scaffold_22_g446.t1,1
77:,utexb3016_scaffold_22_g572.t1,1
78:,utex395_scaffold_17_g318.t1,1
78:,utex395_scaffold_1_g241.t1,1
78:,utex395_scaffold_25_g462.t1,1
77:,utex395_scaffold_25_g461.t1,1
78:,utexb3016_scaffold_20_g465.t1,1
78:,utexb3016_scaffold_21_g1054.t1,1
78:,utexb3016_scaffold_21_g338.t1,1
78:,utexb3016_scaffold_22_g1383.t1,1
78:,utexb3016_scaffold_22_g450.t1,1
78:,utexb3016_scaffold_22_g573.t1,1
79:,utex395_scaffold_17_g320.t1,1
77:,utexb3016_scaffold_20_g462.t1,1
77:,utex395_scaffold_20_g327.t1,1
75:,utexb3016_scaffold_20_g455.t1,1
76:,utex395_scaffold_20_g326.t1,1
75:,utexb3016_scaffold_21_g1048.t1,1
75:,utexb3016_scaffold_21_g333.t1,1
75:,utexb3016_scaffold_22_g1367.t1,1
75:,utexb3016_scaffold_22_g441.t1,1
75:,utexb3016_scaffold_22_g560.t1,1
76:,utex395_scaffold_17_g311.t1,1
76:,utex395_scaffold_1_g222.t1,1
76:,utex395_scaffold_25_g460.t1,1
77:,utex395_scaffold_1_g235.t1,1
76:,utexb3016_scaffold_20_g456.t1,1
76:,utexb3016_scaffold_21_g1050.t1,1
76:,utexb3016_scaffold_21_g334.t1,1
76:,utexb3016_scaffold_22_g1381.t1,1
76:,utexb3016_scaffold_22_g442.t1,1
76:,utexb3016_scaffold_22_g561.t1,1
77:,utex395_scaffold_17_g312.t1,1
6:,utexb3016_scaffold_17_g831.t1,1
6:,utexb3016_scaffold_17_g718.t1,1
8:,utex2526_scaffold_15_g774.t1,1
6:,utex395_scaffold_24_g268.t1,1
6:,utex395_scaffold_23_g83.t1,1
6:,utex395_scaffold_24_g103.t1,1
6:,utex395_scaffold_24_g104.t1,1
6:,utex395_scaffold_24_g123.t1,1
6:,utex395_scaffold_24_g197.t1,1
6:,utex395_scaffold_24_g203.t1,1
6:,utex395_scaffold_24_g245.t1,1
6:,utex395_scaffold_24_g355.t1,1
6:,utex395_scaffold_23_g63.t1,1
6:,utex395_scaffold_24_g377.t1,1
6:,utex395_scaffold_24_g384.t1,1
6:,utex395_scaffold_24_g409.t1,1
6:,utex395_scaffold_24_g412.t1,1
6:,utex395_scaffold_24_g425.t1,1
6:,utex395_scaffold_24_g469.t1,1
6:,utex395_scaffold_24_g476.t1,1
6:,utex395_scaffold_23_g75.t1,1
6:,utex395_scaffold_23_g434.t1,1
6:,utex395_scaffold_24_g548.t1,1
6:,utex395_scaffold_22_g303.t1,1
6:,utex395_scaffold_20_g555.t1,1
6:,utex395_scaffold_20_g560.t1,1
6:,utex395_scaffold_20_g573.t1,1
6:,utex395_scaffold_20_g661.t1,1
6:,utex395_scaffold_20_g746.t1,1
6:,utex395_scaffold_20_g786.t1,1
6:,utex395_scaffold_20_g815.t1,1
6:,utex395_scaffold_23_g134.t1,1
6:,utex395_scaffold_23_g343.t1,1
6:,utex395_scaffold_23_g180.t1,1
6:,utex395_scaffold_23_g193.t1,1
6:,utex395_scaffold_23_g239.t1,1
6:,utex395_scaffold_23_g249.t1,1
6:,utex395_scaffold_23_g25.t1,1
6:,utex395_scaffold_23_g295.t1,1
6:,utex395_scaffold_23_g335.t1,1
6:,utex395_scaffold_24_g529.t1,1
6:,utex395_scaffold_24_g574.t1,1
6:,utex395_scaffold_20_g31.t1,1
6:,utex395_scaffold_25_g478.t1,1
6:,utex395_scaffold_25_g210.t1,1
6:,utex395_scaffold_25_g217.t1,1
6:,utex395_scaffold_25_g267.t1,1
6:,utex395_scaffold_25_g290.t1,1
6:,utex395_scaffold_25_g30.t1,1
6:,utex395_scaffold_25_g321.t1,1
6:,utex395_scaffold_25_g364.t1,1
6:,utex395_scaffold_25_g517.t1,1
6:,utex395_scaffold_25_g1361.t1,1
6:,utex395_scaffold_25_g526.t1,1
6:,utex395_scaffold_25_g599.t1,1
6:,utex395_scaffold_25_g616.t1,1
6:,utex395_scaffold_25_g626.t1,1
6:,utex395_scaffold_25_g659.t1,1
6:,utex395_scaffold_25_g699.t1,1
6:,utex395_scaffold_25_g727.t1,1
6:,utex395_scaffold_25_g169.t1,1
6:,utex395_scaffold_25_g136.t1,1
6:,utex395_scaffold_24_g581.t1,1
6:,utex395_scaffold_24_g843.t1,1
6:,utex395_scaffold_24_g599.t1,1
6:,utex395_scaffold_24_g670.t1,1
6:,utex395_scaffold_24_g686.t1,1
6:,utex395_scaffold_24_g717.t1,1
6:,utex395_scaffold_24_g724.t1,1
6:,utex395_scaffold_24_g792.t1,1
6:,utex395_scaffold_24_g839.t1,1
6:,utex395_scaffold_25_g1006.t1,1
6:,utex395_scaffold_25_g1342.t1,1
6:,utex395_scaffold_25_g1013.t1,1
6:,utex395_scaffold_25_g112.t1,1
6:,utex395_scaffold_25_g1131.t1,1
6:,utex395_scaffold_25_g1152.t1,1
6:,utex395_scaffold_25_g1196.t1,1
6:,utex395_scaffold_25_g1219.t1,1
6:,utex395_scaffold_25_g1251.t1,1
6:,utex395_scaffold_20_g378.t1,1
6:,utex395_scaffold_20_g268.t1,1
6:,utex395_scaffold_25_g797.t1,1
6:,utex395_scaffold_18_g117.t1,1
6:,utex395_scaffold_17_g493.t1,1
6:,utex395_scaffold_17_g509.t1,1
6:,utex395_scaffold_17_g52.t1,1
6:,utex395_scaffold_17_g524.t1,1
6:,utex395_scaffold_17_g634.t1,1
6:,utex395_scaffold_17_g84.t1,1
6:,utex395_scaffold_18_g106.t1,1
6:,utex395_scaffold_18_g132.t1,1
6:,utex395_scaffold_17_g437.t1,1
6:,utex395_scaffold_18_g198.t1,1
6:,utex395_scaffold_18_g222.t1,1
6:,utex395_scaffold_18_g313.t1,1
6:,utex395_scaffold_18_g354.t1,1
6:,utex395_scaffold_18_g377.t1,1
6:,utex395_scaffold_18_g380.t1,1
6:,utex395_scaffold_18_g386.t1,1
6:,utex395_scaffold_17_g465.t1,1
6:,utex395_scaffold_17_g434.t1,1
6:,utex395_scaffold_18_g421.t1,1
6:,utex395_scaffold_15_g159.t1,1
6:,utex2526_scaffold_3_g8.t1,1
6:,utex2526_scaffold_3_g92.t1,1
6:,utex395_scaffold_12_g17.t1,1
6:,utex395_scaffold_12_g22.t1,1
6:,utex395_scaffold_13_g22.t1,1
6:,utex395_scaffold_13_g29.t1,1
6:,utex395_scaffold_13_g82.t1,1
6:,utex395_scaffold_15_g236.t1,1
6:,utex395_scaffold_17_g42.t1,1
6:,utex395_scaffold_15_g453.t1,1
6:,utex395_scaffold_17_g223.t1,1
6:,utex395_scaffold_17_g261.t1,1
6:,utex395_scaffold_17_g267.t1,1
6:,utex395_scaffold_17_g268.t1,1
6:,utex395_scaffold_17_g330.t1,1
6:,utex395_scaffold_17_g410.t1,1
6:,utex395_scaffold_18_g405.t1,1
6:,utex395_scaffold_18_g428.t1,1
6:,utex395_scaffold_20_g211.t1,1
6:,utex395_scaffold_1_g407.t1,1
6:,utex395_scaffold_1_g186.t1,1
6:,utex395_scaffold_1_g275.t1,1
6:,utex395_scaffold_1_g280.t1,1
6:,utex395_scaffold_1_g31.t1,1
6:,utex395_scaffold_1_g316.t1,1
6:,utex395_scaffold_1_g351.t1,1
6:,utex395_scaffold_1_g401.t1,1
6:,utex395_scaffold_1_g437.t1,1
6:,utex395_scaffold_1_g155.t1,1
6:,utex395_scaffold_1_g488.t1,1
6:,utex395_scaffold_1_g49.t1,1
6:,utex395_scaffold_1_g499.t1,1
6:,utex395_scaffold_1_g74.t1,1
6:,utex395_scaffold_20_g14.t1,1
6:,utex395_scaffold_20_g148.t1,1
6:,utex395_scaffold_20_g195.t1,1
6:,utex395_scaffold_1_g18.t1,1
6:,utex395_scaffold_1_g118.t1,1
6:,utex395_scaffold_18_g437.t1,1
6:,utex395_scaffold_18_g605.t1,1
6:,utex395_scaffold_18_g461.t1,1
6:,utex395_scaffold_18_g465.t1,1
6:,utex395_scaffold_18_g501.t1,1
6:,utex395_scaffold_18_g51.t1,1
6:,utex395_scaffold_18_g535.t1,1
6:,utex395_scaffold_18_g546.t1,1
6:,utex395_scaffold_18_g564.t1,1
6:,utex395_scaffold_18_g63.t1,1
6:,utex395_scaffold_1_g111.t1,1
6:,utex395_scaffold_18_g644.t1,1
6:,utex395_scaffold_18_g698.t1,1
6:,utex395_scaffold_18_g743.t1,1
6:,utex395_scaffold_18_g83.t1,1
6:,utex395_scaffold_18_g93.t1,1
6:,utex395_scaffold_19_g213.t1,1
3:,utex395_scaffold_25_g1344.t1,1
6:,utex395_scaffold_25_g775.t1,1
6:,utex395_scaffold_25_g807.t1,1
6:,utexb3016_scaffold_17_g690.t1,1
6:,utexb3016_scaffold_16_g219.t1,1
6:,utexb3016_scaffold_15_g707.t1,1
6:,utexb3016_scaffold_15_g725.t1,1
6:,utexb3016_scaffold_15_g741.t1,1
6:,utexb3016_scaffold_16_g112.t1,1
6:,utexb3016_scaffold_16_g141.t1,1
6:,utexb3016_scaffold_16_g178.t1,1
6:,utexb3016_scaffold_16_g202.t1,1
6:,utexb3016_scaffold_16_g29.t1,1
6:,utexb3016_scaffold_15_g676.t1,1
6:,utexb3016_scaffold_16_g296.t1,1
6:,utexb3016_scaffold_16_g364.t1,1
6:,utexb3016_scaffold_16_g384.t1,1
6:,utexb3016_scaffold_16_g473.t1,1
6:,utexb3016_scaffold_16_g53.t1,1
6:,utexb3016_scaffold_16_g564.t1,1
6:,utexb3016_scaffold_16_g585.t1,1
6:,utexb3016_scaffold_15_g690.t1,1
6:,utexb3016_scaffold_15_g614.t1,1
6:,utexb3016_scaffold_16_g645.t1,1
6:,utexb3016_scaffold_15_g272.t1,1
6:,utexb3016_scaffold_14_g221.t1,1
6:,utexb3016_scaffold_14_g25.t1,1
6:,utexb3016_scaffold_14_g47.t1,1
6:,utexb3016_scaffold_14_g76.t1,1
6:,utexb3016_scaffold_14_g88.t1,1
6:,utexb3016_scaffold_15_g107.t1,1
6:,utexb3016_scaffold_15_g116.t1,1
6:,utexb3016_scaffold_15_g292.t1,1
6:,utexb3016_scaffold_15_g603.t1,1
6:,utexb3016_scaffold_15_g331.t1,1
6:,utexb3016_scaffold_15_g334.t1,1
6:,utexb3016_scaffold_15_g35.t1,1
6:,utexb3016_scaffold_15_g421.t1,1
6:,utexb3016_scaffold_15_g428.t1,1
6:,utexb3016_scaffold_15_g523.t1,1
6:,utexb3016_scaffold_15_g598.t1,1
6:,utexb3016_scaffold_16_g607.t1,1
6:,utexb3016_scaffold_16_g693.t1,1
6:,utexb3016_scaffold_14_g146.t1,1
6:,utexb3016_scaffold_17_g561.t1,1
6:,utexb3016_scaffold_17_g395.t1,1
6:,utexb3016_scaffold_17_g421.t1,1
6:,utexb3016_scaffold_17_g428.t1,1
6:,utexb3016_scaffold_17_g512.t1,1
6:,utexb3016_scaffold_17_g526.t1,1
6:,utexb3016_scaffold_17_g534.t1,1
6:,utexb3016_scaffold_17_g548.t1,1
6:,utexb3016_scaffold_17_g584.t1,1
6:,utexb3016_scaffold_17_g350.t1,1
6:,utexb3016_scaffold_17_g588.t1,1
6:,utexb3016_scaffold_17_g630.t1,1
6:,utexb3016_scaffold_17_g632.t1,1
6:,utexb3016_scaffold_17_g659.t1,1
6:,utexb3016_scaffold_17_g661.t1,1
6:,utexb3016_scaffold_17_g673.t1,1
6:,utexb3016_scaffold_17_g674.t1,1
6:,utexb3016_scaffold_17_g382.t1,1
6:,utexb3016_scaffold_17_g314.t1,1
6:,utexb3016_scaffold_16_g702.t1,1
6:,utexb3016_scaffold_17_g15.t1,1
6:,utexb3016_scaffold_16_g724.t1,1
6:,utexb3016_scaffold_16_g79.t1,1
6:,utexb3016_scaffold_16_g797.t1,1
6:,utexb3016_scaffold_16_g815.t1,1
6:,utexb3016_scaffold_16_g865.t1,1
6:,utexb3016_scaffold_16_g993.t1,1
6:,utexb3016_scaffold_17_g131.t1,1
6:,utexb3016_scaffold_17_g184.t1,1
6:,utexb3016_scaffold_17_g298.t1,1
6:,utexb3016_scaffold_17_g205.t1,1
6:,utexb3016_scaffold_17_g238.t1,1
6:,utexb3016_scaffold_17_g239.t1,1
6:,utexb3016_scaffold_17_g26.t1,1
6:,utexb3016_scaffold_17_g260.t1,1
6:,utexb3016_scaffold_17_g273.t1,1
6:,utexb3016_scaffold_17_g286.t1,1
6:,utexb3016_scaffold_14_g164.t1,1
6:,utexb3016_scaffold_14_g109.t1,1
6:,utex395_scaffold_25_g837.t1,1
6:,utex395_scaffold_4_g232.t1,1
6:,utex395_scaffold_2_g391.t1,1
6:,utex395_scaffold_2_g394.t1,1
6:,utex395_scaffold_2_g443.t1,1
6:,utex395_scaffold_2_g508.t1,1
6:,utex395_scaffold_3_g117.t1,1
6:,utex395_scaffold_3_g165.t1,1
6:,utex395_scaffold_4_g11.t1,1
6:,utex395_scaffold_4_g415.t1,1
6:,utex395_scaffold_2_g346.t1,1
6:,utex395_scaffold_4_g476.t1,1
6:,utex395_scaffold_4_g546.t1,1
6:,utexb3016_scaffold_10_g13.t1,1
6:,utexb3016_scaffold_10_g168.t1,1
6:,utexb3016_scaffold_10_g232.t1,1
6:,utexb3016_scaffold_10_g241.t1,1
6:,utexb3016_scaffold_10_g258.t1,1
6:,utex395_scaffold_2_g363.t1,1
6:,utex395_scaffold_2_g333.t1,1
6:,utexb3016_scaffold_10_g293.t1,1
6:,utex395_scaffold_2_g171.t1,1
6:,utex395_scaffold_25_g861.t1,1
6:,utex395_scaffold_25_g906.t1,1
6:,utex395_scaffold_25_g910.t1,1
6:,utex395_scaffold_25_g945.t1,1
6:,utex395_scaffold_2_g116.t1,1
6:,utex395_scaffold_2_g135.t1,1
6:,utex395_scaffold_2_g155.t1,1
6:,utex395_scaffold_2_g205.t1,1
6:,utex395_scaffold_2_g33.t1,1
6:,utex395_scaffold_2_g21.t1,1
6:,utex395_scaffold_2_g219.t1,1
6:,utex395_scaffold_2_g225.t1,1
6:,utex395_scaffold_2_g24.t1,1
6:,utex395_scaffold_2_g297.t1,1
6:,utex395_scaffold_2_g305.t1,1
6:,utex395_scaffold_2_g327.t1,1
6:,utexb3016_scaffold_10_g262.t1,1
6:,utexb3016_scaffold_10_g298.t1,1
6:,utexb3016_scaffold_13_g94.t1,1
6:,utexb3016_scaffold_12_g596.t1,1
6:,utexb3016_scaffold_12_g301.t1,1
6:,utexb3016_scaffold_12_g339.t1,1
6:,utexb3016_scaffold_12_g401.t1,1
6:,utexb3016_scaffold_12_g417.t1,1
6:,utexb3016_scaffold_12_g493.t1,1
6:,utexb3016_scaffold_12_g521.t1,1
6:,utexb3016_scaffold_12_g565.t1,1
6:,utexb3016_scaffold_12_g757.t1,1
6:,utexb3016_scaffold_12_g281.t1,1
6:,utexb3016_scaffold_13_g192.t1,1
6:,utexb3016_scaffold_13_g200.t1,1
6:,utexb3016_scaffold_13_g267.t1,1
6:,utexb3016_scaffold_13_g271.t1,1
6:,utexb3016_scaffold_13_g49.t1,1
6:,utexb3016_scaffold_13_g8.t1,1
6:,utexb3016_scaffold_13_g86.t1,1
6:,utexb3016_scaffold_12_g30.t1,1
6:,utexb3016_scaffold_12_g258.t1,1
6:,utexb3016_scaffold_10_g333.t1,1
6:,utexb3016_scaffold_10_g665.t1,1
6:,utexb3016_scaffold_10_g351.t1,1
6:,utexb3016_scaffold_10_g450.t1,1
6:,utexb3016_scaffold_10_g477.t1,1
6:,utexb3016_scaffold_10_g48.t1,1
6:,utexb3016_scaffold_10_g534.t1,1
6:,utexb3016_scaffold_10_g606.t1,1
6:,utexb3016_scaffold_10_g65.t1,1
6:,utexb3016_scaffold_10_g701.t1,1
6:,utexb3016_scaffold_12_g215.t1,1
6:,utexb3016_scaffold_10_g724.t1,1
6:,utexb3016_scaffold_10_g755.t1,1
6:,utexb3016_scaffold_12_g130.t1,1
6:,utexb3016_scaffold_12_g152.t1,1
6:,utexb3016_scaffold_12_g157.t1,1
6:,utexb3016_scaffold_12_g172.t1,1
6:,utexb3016_scaffold_12_g185.t1,1
7:,utex2526_scaffold_14_g325.t1,1
7:,utex2526_scaffold_14_g328.t1,1
7:,utex2526_scaffold_14_g393.t1,1
7:,utexb3016_scaffold_22_g612.t1,1
7:,utexb3016_scaffold_22_g289.t1,1
7:,utexb3016_scaffold_22_g302.t1,1
7:,utexb3016_scaffold_22_g304.t1,1
7:,utexb3016_scaffold_22_g340.t1,1
7:,utexb3016_scaffold_22_g430.t1,1
7:,utexb3016_scaffold_22_g435.t1,1
7:,utexb3016_scaffold_22_g581.t1,1
7:,utexb3016_scaffold_22_g643.t1,1
7:,utexb3016_scaffold_22_g254.t1,1
7:,utexb3016_scaffold_22_g646.t1,1
7:,utexb3016_scaffold_22_g669.t1,1
7:,utexb3016_scaffold_22_g671.t1,1
7:,utexb3016_scaffold_22_g733.t1,1
7:,utexb3016_scaffold_22_g743.t1,1
7:,utexb3016_scaffold_22_g781.t1,1
7:,utexb3016_scaffold_22_g79.t1,1
7:,utexb3016_scaffold_22_g265.t1,1
7:,utexb3016_scaffold_22_g242.t1,1
7:,utexb3016_scaffold_22_g870.t1,1
7:,utexb3016_scaffold_22_g1138.t1,1
7:,utexb3016_scaffold_21_g971.t1,1
7:,utexb3016_scaffold_22_g1007.t1,1
7:,utexb3016_scaffold_22_g1033.t1,1
7:,utexb3016_scaffold_22_g1063.t1,1
7:,utexb3016_scaffold_22_g1085.t1,1
7:,utexb3016_scaffold_22_g1095.t1,1
7:,utexb3016_scaffold_22_g1113.t1,1
7:,utexb3016_scaffold_22_g1177.t1,1
7:,utexb3016_scaffold_22_g239.t1,1
7:,utexb3016_scaffold_22_g1240.t1,1
7:,utexb3016_scaffold_22_g1254.t1,1
7:,utexb3016_scaffold_22_g1281.t1,1
7:,utexb3016_scaffold_22_g1349.t1,1
7:,utexb3016_scaffold_22_g1374.t1,1
7:,utexb3016_scaffold_22_g1378.t1,1
7:,utexb3016_scaffold_22_g1500.t1,1
7:,utexb3016_scaffold_22_g817.t1,1
7:,utexb3016_scaffold_22_g871.t1,1
7:,utexb3016_scaffold_21_g954.t1,1
81:,utex395_scaffold_20_g334.t1,1
80:,utexb3016_scaffold_21_g1059.t1,1
80:,utexb3016_scaffold_21_g352.t1,1
80:,utexb3016_scaffold_22_g1388.t1,1
80:,utexb3016_scaffold_22_g452.t1,1
80:,utexb3016_scaffold_22_g575.t1,1
81:,utex395_scaffold_17_g322.t1,1
81:,utex395_scaffold_1_g245.t1,1
81:,utex395_scaffold_25_g467.t1,1
80:,utex395_scaffold_25_g464.t1,1
81:,utexb3016_scaffold_20_g473.t1,1
81:,utexb3016_scaffold_21_g1060.t1,1
81:,utexb3016_scaffold_21_g353.t1,1
81:,utexb3016_scaffold_22_g1389.t1,1
81:,utexb3016_scaffold_22_g454.t1,1
81:,utexb3016_scaffold_22_g576.t1,1
82:,utex395_scaffold_17_g337.t1,1
80:,utexb3016_scaffold_20_g467.t1,1
80:,utex395_scaffold_20_g333.t1,1
7:,utexb3016_scaffold_22_g879.t1,1
7:,utexb3016_scaffold_7_g174.t1,1
7:,utexb3016_scaffold_22_g920.t1,1
7:,utexb3016_scaffold_22_g926.t1,1
7:,utexb3016_scaffold_22_g936.t1,1
7:,utexb3016_scaffold_22_g945.t1,1
7:,utexb3016_scaffold_22_g966.t1,1
7:,utexb3016_scaffold_22_g994.t1,1
7:,utexb3016_scaffold_7_g133.t1,1
7:,utexb3016_scaffold_7_g205.t1,1
80:,utex395_scaffold_1_g244.t1,1
7:,utexb3016_scaffold_7_g252.t1,1
7:,utexb3016_scaffold_7_g307.t1,1
7:,utexb3016_scaffold_7_g330.t1,1
7:,utexb3016_scaffold_7_g359.t1,1
7:,utexb3016_scaffold_7_g434.t1,1
7:,utexb3016_scaffold_7_g445.t1,1
80:,utex395_scaffold_17_g321.t1,1
7:,utexb3016_scaffold_21_g969.t1,1
7:,utexb3016_scaffold_21_g929.t1,1
82:,utex395_scaffold_20_g335.t1,1
7:,utexb3016_scaffold_18_g733.t1,1
7:,utexb3016_scaffold_18_g317.t1,1
7:,utexb3016_scaffold_18_g324.t1,1
7:,utexb3016_scaffold_18_g406.t1,1
7:,utexb3016_scaffold_18_g475.t1,1
7:,utexb3016_scaffold_18_g613.t1,1
7:,utexb3016_scaffold_18_g634.t1,1
7:,utexb3016_scaffold_18_g673.t1,1
7:,utexb3016_scaffold_18_g800.t1,1
7:,utexb3016_scaffold_18_g137.t1,1
7:,utexb3016_scaffold_18_g864.t1,1
7:,utexb3016_scaffold_18_g882.t1,1
7:,utexb3016_scaffold_19_g1450.t1,1
7:,utexb3016_scaffold_20_g119.t1,1
7:,utexb3016_scaffold_20_g152.t1,1
7:,utexb3016_scaffold_20_g228.t1,1
7:,utexb3016_scaffold_20_g24.t1,1
7:,utexb3016_scaffold_18_g237.t1,1
7:,utexb3016_scaffold_17_g905.t1,1
7:,utexb3016_scaffold_20_g454.t1,1
7:,utexb3016_scaffold_17_g661.t1,1
7:,utexb3016_scaffold_17_g462.t1,1
7:,utexb3016_scaffold_17_g518.t1,1
7:,utexb3016_scaffold_17_g547.t1,1
7:,utexb3016_scaffold_17_g551.t1,1
7:,utexb3016_scaffold_17_g562.t1,1
7:,utexb3016_scaffold_17_g613.t1,1
7:,utexb3016_scaffold_17_g653.t1,1
7:,utexb3016_scaffold_17_g674.t1,1
7:,utexb3016_scaffold_17_g900.t1,1
7:,utexb3016_scaffold_17_g675.t1,1
7:,utexb3016_scaffold_17_g691.t1,1
7:,utexb3016_scaffold_17_g719.t1,1
7:,utexb3016_scaffold_17_g744.t1,1
7:,utexb3016_scaffold_17_g840.t1,1
7:,utexb3016_scaffold_17_g862.t1,1
7:,utexb3016_scaffold_17_g897.t1,1
7:,utexb3016_scaffold_20_g424.t1,1
7:,utexb3016_scaffold_20_g502.t1,1
7:,utexb3016_scaffold_21_g875.t1,1
7:,utexb3016_scaffold_21_g698.t1,1
7:,utexb3016_scaffold_21_g368.t1,1
7:,utexb3016_scaffold_21_g409.t1,1
7:,utexb3016_scaffold_21_g449.t1,1
7:,utexb3016_scaffold_21_g498.t1,1
7:,utexb3016_scaffold_21_g53.t1,1
7:,utexb3016_scaffold_21_g568.t1,1
7:,utexb3016_scaffold_21_g595.t1,1
7:,utexb3016_scaffold_21_g757.t1,1
7:,utexb3016_scaffold_21_g312.t1,1
7:,utexb3016_scaffold_21_g775.t1,1
7:,utexb3016_scaffold_21_g80.t1,1
7:,utexb3016_scaffold_21_g810.t1,1
7:,utexb3016_scaffold_21_g82.t1,1
7:,utexb3016_scaffold_21_g821.t1,1
7:,utexb3016_scaffold_21_g844.t1,1
7:,utexb3016_scaffold_21_g861.t1,1
7:,utexb3016_scaffold_21_g337.t1,1
7:,utexb3016_scaffold_21_g307.t1,1
7:,utexb3016_scaffold_20_g518.t1,1
7:,utexb3016_scaffold_21_g1179.t1,1
7:,utexb3016_scaffold_20_g60.t1,1
7:,utexb3016_scaffold_20_g95.t1,1
7:,utexb3016_scaffold_21_g1018.t1,1
7:,utexb3016_scaffold_21_g1021.t1,1
7:,utexb3016_scaffold_21_g1046.t1,1
7:,utexb3016_scaffold_21_g1062.t1,1
7:,utexb3016_scaffold_21_g1071.t1,1
7:,utexb3016_scaffold_21_g118.t1,1
7:,utexb3016_scaffold_21_g1419.t1,1
7:,utexb3016_scaffold_21_g1180.t1,1
7:,utexb3016_scaffold_21_g1199.t1,1
7:,utexb3016_scaffold_21_g1262.t1,1
7:,utexb3016_scaffold_21_g1266.t1,1
7:,utexb3016_scaffold_21_g1281.t1,1
7:,utexb3016_scaffold_21_g1362.t1,1
7:,utexb3016_scaffold_21_g1397.t1,1
82:,utex395_scaffold_1_g248.t1,1
82:,utex395_scaffold_25_g468.t1,1
7:,utex2526_scaffold_14_g410.t1,1
8:,utex2526_scaffold_14_g140.t1,1
8:,utex2526_scaffold_12_g476.t1,1
8:,utex2526_scaffold_12_g532.t1,1
8:,utex2526_scaffold_12_g644.t1,1
8:,utex2526_scaffold_12_g85.t1,1
8:,utex2526_scaffold_12_g98.t1,1
8:,utex2526_scaffold_13_g181.t1,1
8:,utex2526_scaffold_13_g67.t1,1
8:,utex2526_scaffold_14_g143.t1,1
8:,utex2526_scaffold_12_g447.t1,1
8:,utex2526_scaffold_14_g171.t1,1
8:,utex2526_scaffold_14_g180.t1,1
8:,utex2526_scaffold_14_g212.t1,1
8:,utex2526_scaffold_14_g215.t1,1
8:,utex2526_scaffold_14_g218.t1,1
8:,utex2526_scaffold_14_g254.t1,1
8:,utex2526_scaffold_14_g285.t1,1
8:,utex2526_scaffold_12_g457.t1,1
8:,utex2526_scaffold_12_g381.t1,1
8:,utex2526_scaffold_14_g294.t1,1
8:,utex2526_scaffold_12_g178.t1,1
8:,utex2526_scaffold_10_g670.t1,1
8:,utex2526_scaffold_10_g680.t1,1
8:,utex2526_scaffold_11_g15.t1,1
8:,utex2526_scaffold_11_g50.t1,1
8:,utex2526_scaffold_11_g66.t1,1
8:,utex2526_scaffold_12_g141.t1,1
8:,utex2526_scaffold_12_g153.t1,1
8:,utex2526_scaffold_12_g182.t1,1
8:,utex2526_scaffold_12_g377.t1,1
8:,utex2526_scaffold_12_g210.t1,1
8:,utex2526_scaffold_12_g213.t1,1
8:,utex2526_scaffold_12_g248.t1,1
8:,utex2526_scaffold_12_g284.t1,1
8:,utex2526_scaffold_12_g317.t1,1
8:,utex2526_scaffold_12_g327.t1,1
8:,utex2526_scaffold_12_g349.t1,1
8:,utex2526_scaffold_14_g290.t1,1
8:,utex2526_scaffold_14_g333.t1,1
8:,utex2526_scaffold_10_g624.t1,1
8:,utex2526_scaffold_15_g544.t1,1
8:,utex2526_scaffold_15_g334.t1,1
8:,utex2526_scaffold_15_g337.t1,1
8:,utex2526_scaffold_15_g413.t1,1
8:,utex2526_scaffold_15_g417.t1,1
8:,utex2526_scaffold_15_g489.t1,1
8:,utex2526_scaffold_15_g501.t1,1
8:,utex2526_scaffold_15_g520.t1,1
8:,utex2526_scaffold_15_g553.t1,1
8:,utex2526_scaffold_15_g304.t1,1
8:,utex2526_scaffold_15_g561.t1,1
8:,utex2526_scaffold_15_g587.t1,1
8:,utex2526_scaffold_15_g654.t1,1
8:,utex2526_scaffold_15_g658.t1,1
8:,utex2526_scaffold_15_g742.t1,1
8:,utex2526_scaffold_15_g743.t1,1
8:,utex2526_scaffold_15_g744.t1,1
8:,utex2526_scaffold_15_g319.t1,1
8:,utex2526_scaffold_15_g295.t1,1
8:,utex2526_scaffold_14_g396.t1,1
8:,utex2526_scaffold_15_g1056.t1,1
8:,utex2526_scaffold_14_g419.t1,1
8:,utex2526_scaffold_14_g469.t1,1
8:,utex2526_scaffold_14_g52.t1,1
8:,utex2526_scaffold_14_g525.t1,1
8:,utex2526_scaffold_14_g58.t1,1
8:,utex2526_scaffold_14_g63.t1,1
8:,utex2526_scaffold_15_g1016.t1,1
8:,utex2526_scaffold_15_g1083.t1,1
8:,utex2526_scaffold_15_g267.t1,1
8:,utex2526_scaffold_15_g1085.t1,1
8:,utex2526_scaffold_15_g1133.t1,1
8:,utex2526_scaffold_15_g1161.t1,1
8:,utex2526_scaffold_15_g190.t1,1
8:,utex2526_scaffold_15_g191.t1,1
8:,utex2526_scaffold_15_g198.t1,1
8:,utex2526_scaffold_15_g242.t1,1
8:,utex2526_scaffold_10_g636.t1,1
8:,utex2526_scaffold_10_g621.t1,1
82:,utexb3016_scaffold_21_g1061.t1,1
85:,utexb3016_scaffold_21_g364.t1,1
84:,utexb3016_scaffold_22_g458.t1,1
84:,utexb3016_scaffold_22_g579.t1,1
85:,utex395_scaffold_17_g343.t1,1
85:,utex395_scaffold_1_g255.t1,1
85:,utex395_scaffold_20_g340.t1,1
85:,utex395_scaffold_25_g503.t1,1
85:,utexb3016_scaffold_21_g1067.t1,1
85:,utexb3016_scaffold_22_g1400.t1,1
84:,utexb3016_scaffold_21_g363.t1,1
85:,utexb3016_scaffold_22_g460.t1,1
85:,utexb3016_scaffold_22_g580.t1,1
86:,utex395_scaffold_17_g344.t1,1
86:,utex395_scaffold_1_g261.t1,1
86:,utex395_scaffold_20_g341.t1,1
86:,utex395_scaffold_25_g515.t1,1
86:,utexb3016_scaffold_21_g1068.t1,1
84:,utexb3016_scaffold_22_g1397.t1,1
84:,utexb3016_scaffold_21_g1063.t1,1
86:,utexb3016_scaffold_22_g1403.t1,1
83:,utex395_scaffold_25_g482.t1,1
82:,utexb3016_scaffold_21_g361.t1,1
82:,utexb3016_scaffold_22_g1393.t1,1
82:,utexb3016_scaffold_22_g455.t1,1
82:,utexb3016_scaffold_22_g577.t1,1
83:,utex395_scaffold_17_g338.t1,1
83:,utex395_scaffold_1_g253.t1,1
83:,utex395_scaffold_20_g337.t1,1
83:,utexb3016_scaffold_21_g1062.t1,1
84:,utex395_scaffold_25_g484.t1,1
83:,utexb3016_scaffold_21_g362.t1,1
83:,utexb3016_scaffold_22_g1395.t1,1
83:,utexb3016_scaffold_22_g456.t1,1
83:,utexb3016_scaffold_22_g578.t1,1
84:,utex395_scaffold_17_g342.t1,1
84:,utex395_scaffold_1_g254.t1,1
84:,utex395_scaffold_20_g338.t1,1
86:,utexb3016_scaffold_21_g366.t1,1
86:,utexb3016_scaffold_22_g461.t1,1
8:,utex2526_scaffold_10_g605.t1,1
8:,utex2526_scaffold_10_g455.t1,1
89:,utexb3016_scaffold_22_g588.t1,1
8:,utex2526_scaffold_10_g123.t1,1
8:,utex2526_scaffold_10_g159.t1,1
8:,utex2526_scaffold_10_g201.t1,1
8:,utex2526_scaffold_10_g294.t1,1
8:,utex2526_scaffold_10_g401.t1,1
8:,utex2526_scaffold_10_g405.t1,1
8:,utex2526_scaffold_10_g468.t1,1
89:,utexb3016_scaffold_22_g1408.t1,1
8:,utex2526_scaffold_10_g47.t1,1
8:,utex2526_scaffold_10_g481.t1,1
8:,utex2526_scaffold_10_g507.t1,1
8:,utex2526_scaffold_10_g513.t1,1
8:,utex2526_scaffold_10_g543.t1,1
8:,utex2526_scaffold_10_g559.t1,1
8:,utex2526_scaffold_10_g584.t1,1
89:,utexb3016_scaffold_22_g465.t1,1
89:,utexb3016_scaffold_21_g376.t1,1
86:,utexb3016_scaffold_22_g581.t1,1
88:,utex395_scaffold_17_g347.t1,1
87:,utex395_scaffold_17_g345.t1,1
87:,utex395_scaffold_20_g346.t1,1
87:,utexb3016_scaffold_21_g1070.t1,1
87:,utexb3016_scaffold_21_g371.t1,1
87:,utexb3016_scaffold_22_g1406.t1,1
87:,utexb3016_scaffold_22_g462.t1,1
87:,utexb3016_scaffold_22_g584.t1,1
88:,utex395_scaffold_20_g348.t1,1
89:,utexb3016_scaffold_21_g1073.t1,1
88:,utexb3016_scaffold_21_g1071.t1,1
88:,utexb3016_scaffold_21_g375.t1,1
88:,utexb3016_scaffold_22_g1407.t1,1
88:,utexb3016_scaffold_22_g464.t1,1
88:,utexb3016_scaffold_22_g587.t1,1
89:,utex395_scaffold_17_g348.t1,1
89:,utex395_scaffold_20_g349.t1,1
7:,utexb3016_scaffold_17_g429.t1,1
7:,utexb3016_scaffold_17_g422.t1,1
7:,utexb3016_scaffold_17_g404.t1,1
7:,utex395_scaffold_18_g389.t1,1
7:,utex395_scaffold_18_g144.t1,1
7:,utex395_scaffold_18_g199.t1,1
7:,utex395_scaffold_18_g223.t1,1
7:,utex395_scaffold_18_g297.t1,1
7:,utex395_scaffold_18_g316.t1,1
7:,utex395_scaffold_18_g359.t1,1
7:,utex395_scaffold_18_g384.t1,1
7:,utex395_scaffold_18_g406.t1,1
7:,utex395_scaffold_17_g90.t1,1
7:,utex395_scaffold_18_g429.t1,1
7:,utex395_scaffold_18_g467.t1,1
7:,utex395_scaffold_18_g468.t1,1
7:,utex395_scaffold_18_g536.t1,1
7:,utex395_scaffold_18_g565.t1,1
7:,utex395_scaffold_18_g609.t1,1
7:,utex395_scaffold_18_g64.t1,1
7:,utex395_scaffold_18_g107.t1,1
7:,utex395_scaffold_17_g713.t1,1
7:,utex395_scaffold_18_g699.t1,1
7:,utex395_scaffold_17_g275.t1,1
7:,utex395_scaffold_13_g31.t1,1
7:,utex395_scaffold_13_g70.t1,1
7:,utex395_scaffold_13_g89.t1,1
7:,utex395_scaffold_15_g114.t1,1
7:,utex395_scaffold_15_g418.t1,1
7:,utex395_scaffold_17_g238.t1,1
7:,utex395_scaffold_17_g272.t1,1
7:,utex395_scaffold_17_g283.t1,1
7:,utex395_scaffold_17_g55.t1,1
7:,utex395_scaffold_17_g331.t1,1
7:,utex395_scaffold_17_g411.t1,1
7:,utex395_scaffold_17_g435.t1,1
7:,utex395_scaffold_17_g450.t1,1
7:,utex395_scaffold_17_g46.t1,1
7:,utex395_scaffold_17_g467.t1,1
7:,utex395_scaffold_17_g521.t1,1
7:,utex395_scaffold_18_g645.t1,1
7:,utex395_scaffold_18_g715.t1,1
7:,utex395_scaffold_12_g29.t1,1
7:,utex395_scaffold_20_g819.t1,1
7:,utex395_scaffold_20_g32.t1,1
7:,utex395_scaffold_20_g379.t1,1
7:,utex395_scaffold_20_g565.t1,1
7:,utex395_scaffold_20_g574.t1,1
7:,utex395_scaffold_20_g662.t1,1
7:,utex395_scaffold_20_g750.t1,1
7:,utex395_scaffold_20_g787.t1,1
7:,utex395_scaffold_22_g348.t1,1
7:,utex395_scaffold_20_g196.t1,1
7:,utex395_scaffold_23_g137.t1,1
7:,utex395_scaffold_23_g196.t1,1
7:,utex395_scaffold_23_g244.t1,1
7:,utex395_scaffold_23_g250.t1,1
7:,utex395_scaffold_23_g27.t1,1
7:,utex395_scaffold_23_g318.t1,1
7:,utex395_scaffold_23_g342.t1,1
7:,utex395_scaffold_20_g269.t1,1
7:,utex395_scaffold_20_g15.t1,1
7:,utex395_scaffold_18_g744.t1,1
7:,utex395_scaffold_1_g238.t1,1
7:,utex395_scaffold_18_g84.t1,1
7:,utex395_scaffold_19_g214.t1,1
7:,utex395_scaffold_1_g118.t1,1
7:,utex395_scaffold_1_g127.t1,1
7:,utex395_scaffold_1_g188.t1,1
7:,utex395_scaffold_1_g20.t1,1
7:,utex395_scaffold_1_g234.t1,1
7:,utex395_scaffold_1_g283.t1,1
7:,utex395_scaffold_20_g149.t1,1
7:,utex395_scaffold_1_g352.t1,1
7:,utex395_scaffold_1_g403.t1,1
7:,utex395_scaffold_1_g41.t1,1
7:,utex395_scaffold_1_g413.t1,1
7:,utex395_scaffold_1_g438.t1,1
7:,utex395_scaffold_1_g489.t1,1
7:,utex395_scaffold_1_g75.t1,1
7:,utex395_scaffold_13_g23.t1,1
7:,utex395_scaffold_12_g22.t1,1
7:,utexb3016_scaffold_17_g351.t1,1
7:,utex2526_scaffold_15_g333.t1,1
7:,utex2526_scaffold_15_g190.t1,1
7:,utex2526_scaffold_15_g237.t1,1
7:,utex2526_scaffold_15_g250.t1,1
7:,utex2526_scaffold_15_g265.t1,1
7:,utex2526_scaffold_15_g290.t1,1
7:,utex2526_scaffold_15_g303.t1,1
7:,utex2526_scaffold_15_g318.t1,1
7:,utex2526_scaffold_15_g336.t1,1
7:,utex2526_scaffold_15_g1191.t1,1
7:,utex2526_scaffold_15_g412.t1,1
7:,utex2526_scaffold_15_g416.t1,1
7:,utex2526_scaffold_15_g482.t1,1
7:,utex2526_scaffold_15_g488.t1,1
7:,utex2526_scaffold_15_g489.t1,1
7:,utex2526_scaffold_15_g500.t1,1
7:,utex2526_scaffold_15_g518.t1,1
7:,utex2526_scaffold_15_g1192.t1,1
7:,utex2526_scaffold_15_g1160.t1,1
7:,utex2526_scaffold_15_g547.t1,1
7:,utex2526_scaffold_14_g546.t1,1
7:,utex2526_scaffold_14_g425.t1,1
7:,utex2526_scaffold_14_g466.t1,1
7:,utex2526_scaffold_14_g496.t1,1
7:,utex2526_scaffold_14_g501.t1,1
7:,utex2526_scaffold_14_g51.t1,1
7:,utex2526_scaffold_14_g52.t1,1
7:,utex2526_scaffold_14_g524.t1,1
7:,utex2526_scaffold_14_g56.t1,1
7:,utex2526_scaffold_15_g1132.t1,1
7:,utex2526_scaffold_14_g62.t1,1
7:,utex2526_scaffold_14_g75.t1,1
7:,utex2526_scaffold_15_g1015.t1,1
7:,utex2526_scaffold_15_g1031.t1,1
7:,utex2526_scaffold_15_g1053.t1,1
7:,utex2526_scaffold_15_g1081.t1,1
7:,utex2526_scaffold_15_g1082.t1,1
7:,utex2526_scaffold_15_g543.t1,1
7:,utex2526_scaffold_15_g559.t1,1
7:,utex2526_scaffold_3_g94.t1,1
7:,utex2526_scaffold_23_g102.t1,1
7:,utex2526_scaffold_15_g940.t1,1
7:,utex2526_scaffold_15_g953.t1,1
7:,utex2526_scaffold_15_g970.t1,1
7:,utex2526_scaffold_18_g12.t1,1
7:,utex2526_scaffold_19_g17.t1,1
7:,utex2526_scaffold_1_g10.t1,1
7:,utex2526_scaffold_22_g14.t1,1
7:,utex2526_scaffold_23_g30.t1,1
7:,utex2526_scaffold_15_g936.t1,1
7:,utex2526_scaffold_23_g98.t1,1
7:,utex2526_scaffold_25_g76.t1,1
7:,utex2526_scaffold_3_g132.t1,1
7:,utex2526_scaffold_3_g167.t1,1
7:,utex2526_scaffold_3_g310.t1,1
7:,utex2526_scaffold_3_g51.t1,1
7:,utex2526_scaffold_3_g64.t1,1
7:,utex2526_scaffold_15_g937.t1,1
7:,utex2526_scaffold_15_g900.t1,1
7:,utex2526_scaffold_15_g586.t1,1
7:,utex2526_scaffold_15_g793.t1,1
7:,utex2526_scaffold_15_g651.t1,1
7:,utex2526_scaffold_15_g656.t1,1
7:,utex2526_scaffold_15_g729.t1,1
7:,utex2526_scaffold_15_g741.t1,1
7:,utex2526_scaffold_15_g742.t1,1
7:,utex2526_scaffold_15_g766.t1,1
7:,utex2526_scaffold_15_g773.t1,1
7:,utex2526_scaffold_15_g805.t1,1
7:,utex2526_scaffold_15_g90.t1,1
7:,utex2526_scaffold_15_g838.t1,1
7:,utex2526_scaffold_15_g840.t1,1
7:,utex2526_scaffold_15_g851.t1,1
7:,utex2526_scaffold_15_g868.t1,1
7:,utex2526_scaffold_15_g871.t1,1
7:,utex2526_scaffold_15_g89.t1,1
7:,utex2526_scaffold_15_g893.t1,1
7:,utex395_scaffold_23_g437.t1,1
7:,utex395_scaffold_23_g65.t1,1
7:,utex395_scaffold_23_g89.t1,1
7:,utexb3016_scaffold_13_g193.t1,1
7:,utexb3016_scaffold_12_g363.t1,1
7:,utexb3016_scaffold_12_g402.t1,1
7:,utexb3016_scaffold_12_g418.t1,1
7:,utexb3016_scaffold_12_g497.t1,1
7:,utexb3016_scaffold_12_g522.t1,1
7:,utexb3016_scaffold_12_g599.t1,1
7:,utexb3016_scaffold_12_g758.t1,1
7:,utexb3016_scaffold_13_g201.t1,1
7:,utexb3016_scaffold_12_g306.t1,1
7:,utexb3016_scaffold_13_g272.t1,1
7:,utexb3016_scaffold_13_g274.t1,1
7:,utexb3016_scaffold_13_g87.t1,1
7:,utexb3016_scaffold_13_g9.t1,1
7:,utexb3016_scaffold_13_g95.t1,1
7:,utexb3016_scaffold_14_g113.t1,1
7:,utexb3016_scaffold_14_g175.t1,1
7:,utexb3016_scaffold_12_g31.t1,1
7:,utexb3016_scaffold_12_g282.t1,1
7:,utexb3016_scaffold_14_g56.t1,1
7:,utexb3016_scaffold_10_g614.t1,1
7:,utexb3016_scaffold_10_g302.t1,1
7:,utexb3016_scaffold_10_g334.t1,1
7:,utexb3016_scaffold_10_g355.t1,1
7:,utexb3016_scaffold_10_g452.t1,1
7:,utexb3016_scaffold_10_g482.t1,1
7:,utexb3016_scaffold_10_g49.t1,1
7:,utexb3016_scaffold_10_g536.t1,1
7:,utexb3016_scaffold_10_g667.t1,1
7:,utexb3016_scaffold_12_g259.t1,1
7:,utexb3016_scaffold_10_g702.t1,1
7:,utexb3016_scaffold_10_g728.t1,1
7:,utexb3016_scaffold_10_g761.t1,1
7:,utexb3016_scaffold_12_g135.t1,1
7:,utexb3016_scaffold_12_g173.t1,1
7:,utexb3016_scaffold_12_g189.t1,1
7:,utexb3016_scaffold_12_g216.t1,1
7:,utexb3016_scaffold_14_g48.t1,1
7:,utexb3016_scaffold_14_g80.t1,1
7:,utex395_scaffold_24_g105.t1,1
7:,utexb3016_scaffold_16_g90.t1,1
7:,utexb3016_scaffold_16_g590.t1,1
7:,utexb3016_scaffold_16_g608.t1,1
7:,utexb3016_scaffold_16_g694.t1,1
7:,utexb3016_scaffold_16_g726.t1,1
7:,utexb3016_scaffold_16_g798.t1,1
7:,utexb3016_scaffold_16_g816.t1,1
7:,utexb3016_scaffold_16_g869.t1,1
7:,utexb3016_scaffold_16_g995.t1,1
7:,utexb3016_scaffold_16_g565.t1,1
7:,utexb3016_scaffold_17_g133.t1,1
7:,utexb3016_scaffold_17_g188.t1,1
7:,utexb3016_scaffold_17_g246.t1,1
7:,utexb3016_scaffold_17_g261.t1,1
7:,utexb3016_scaffold_17_g281.t1,1
7:,utexb3016_scaffold_17_g299.t1,1
7:,utexb3016_scaffold_17_g318.t1,1
7:,utexb3016_scaffold_16_g59.t1,1
7:,utexb3016_scaffold_16_g385.t1,1
7:,utexb3016_scaffold_15_g293.t1,1
7:,utexb3016_scaffold_15_g687.t1,1
7:,utexb3016_scaffold_15_g338.t1,1
7:,utexb3016_scaffold_15_g374.t1,1
7:,utexb3016_scaffold_15_g435.t1,1
7:,utexb3016_scaffold_15_g524.t1,1
7:,utexb3016_scaffold_15_g605.t1,1
7:,utexb3016_scaffold_15_g608.t1,1
7:,utexb3016_scaffold_15_g618.t1,1
7:,utexb3016_scaffold_15_g729.t1,1
7:,utexb3016_scaffold_16_g365.t1,1
7:,utexb3016_scaffold_15_g750.t1,1
7:,utexb3016_scaffold_16_g113.t1,1
7:,utexb3016_scaffold_16_g179.t1,1
7:,utexb3016_scaffold_16_g203.t1,1
7:,utexb3016_scaffold_16_g220.t1,1
7:,utexb3016_scaffold_16_g297.t1,1
7:,utexb3016_scaffold_16_g30.t1,1
7:,utexb3016_scaffold_10_g267.t1,1
7:,utexb3016_scaffold_10_g262.t1,1
7:,utexb3016_scaffold_10_g235.t1,1
7:,utex395_scaffold_25_g1220.t1,1
7:,utex395_scaffold_24_g801.t1,1
7:,utex395_scaffold_24_g847.t1,1
7:,utex395_scaffold_25_g1007.t1,1
7:,utex395_scaffold_25_g1032.t1,1
7:,utex395_scaffold_25_g1132.t1,1
7:,utex395_scaffold_25_g1176.t1,1
7:,utex395_scaffold_25_g1197.t1,1
7:,utex395_scaffold_25_g1254.t1,1
7:,utex395_scaffold_24_g729.t1,1
7:,utex395_scaffold_25_g1343.t1,1
7:,utex395_scaffold_25_g1362.t1,1
7:,utex395_scaffold_25_g171.t1,1
7:,utex395_scaffold_25_g235.t1,1
7:,utex395_scaffold_25_g268.t1,1
7:,utex395_scaffold_25_g292.t1,1
7:,utex395_scaffold_25_g322.t1,1
7:,utex395_scaffold_24_g730.t1,1
7:,utex395_scaffold_24_g688.t1,1
7:,utexb3016_scaffold_10_g171.t1,1
7:,utex395_scaffold_24_g331.t1,1
7:,utex395_scaffold_24_g113.t1,1
7:,utex395_scaffold_24_g128.t1,1
7:,utex395_scaffold_24_g199.t1,1
7:,utex395_scaffold_24_g204.t1,1
7:,utex395_scaffold_24_g246.t1,1
7:,utex395_scaffold_24_g269.t1,1
7:,utex395_scaffold_24_g323.t1,1
7:,utex395_scaffold_24_g385.t1,1
7:,utex395_scaffold_24_g673.t1,1
7:,utex395_scaffold_24_g413.t1,1
7:,utex395_scaffold_24_g426.t1,1
7:,utex395_scaffold_24_g479.t1,1
7:,utex395_scaffold_24_g530.t1,1
7:,utex395_scaffold_24_g554.t1,1
7:,utex395_scaffold_24_g575.t1,1
7:,utex395_scaffold_24_g582.t1,1
7:,utex395_scaffold_25_g365.t1,1
7:,utex395_scaffold_25_g479.t1,1
7:,utex395_scaffold_25_g527.t1,1
7:,utex395_scaffold_2_g43.t1,1
7:,utex395_scaffold_2_g300.t1,1
7:,utex395_scaffold_2_g306.t1,1
7:,utex395_scaffold_2_g328.t1,1
7:,utex395_scaffold_2_g334.t1,1
7:,utex395_scaffold_2_g347.t1,1
7:,utex395_scaffold_2_g365.t1,1
7:,utex395_scaffold_2_g393.t1,1
7:,utex395_scaffold_2_g445.t1,1
7:,utex395_scaffold_25_g536.t1,1
7:,utex395_scaffold_2_g509.t1,1
7:,utex395_scaffold_4_g14.t1,1
7:,utex395_scaffold_4_g233.t1,1
7:,utex395_scaffold_4_g432.t1,1
7:,utex395_scaffold_4_g480.t1,1
7:,utex395_scaffold_4_g554.t1,1
7:,utexb3016_scaffold_10_g14.t1,1
7:,utex395_scaffold_2_g29.t1,1
7:,utex395_scaffold_2_g230.t1,1
7:,utex395_scaffold_2_g220.t1,1
7:,utex395_scaffold_2_g215.t1,1
7:,utex395_scaffold_25_g607.t1,1
7:,utex395_scaffold_25_g619.t1,1
7:,utex395_scaffold_25_g627.t1,1
7:,utex395_scaffold_25_g660.t1,1
7:,utex395_scaffold_25_g702.t1,1
7:,utex395_scaffold_25_g731.t1,1
7:,utex395_scaffold_25_g783.t1,1
7:,utex395_scaffold_25_g799.t1,1
7:,utex395_scaffold_25_g808.t1,1
7:,utex395_scaffold_25_g838.t1,1
7:,utex395_scaffold_25_g872.t1,1
7:,utex395_scaffold_25_g948.t1,1
7:,utex395_scaffold_2_g136.t1,1
7:,utex395_scaffold_2_g158.t1,1
7:,utex395_scaffold_2_g172.t1,1
3:,utex395_scaffold_25_g1383.t1,1
3:,utex395_scaffold_1_g70.t1,1
3:,utex395_scaffold_25_g132.t1,1
14:,utexb3016_scaffold_17_g870.t1,1
14:,utexb3016_scaffold_16_g401.t1,1
14:,utexb3016_scaffold_16_g623.t1,1
14:,utexb3016_scaffold_16_g763.t1,1
14:,utexb3016_scaffold_16_g908.t1,1
14:,utexb3016_scaffold_17_g202.t1,1
14:,utexb3016_scaffold_17_g280.t1,1
14:,utexb3016_scaffold_17_g735.t1,1
14:,utexb3016_scaffold_17_g920.t1,1
14:,utexb3016_scaffold_16_g242.t1,1
14:,utexb3016_scaffold_17_g942.t1,1
14:,utexb3016_scaffold_18_g164.t1,1
14:,utexb3016_scaffold_18_g338.t1,1
14:,utexb3016_scaffold_18_g773.t1,1
14:,utexb3016_scaffold_18_g901.t1,1
14:,utexb3016_scaffold_20_g138.t1,1
14:,utexb3016_scaffold_20_g268.t1,1
14:,utexb3016_scaffold_16_g320.t1,1
14:,utexb3016_scaffold_15_g774.t1,1
14:,utexb3016_scaffold_21_g1090.t1,1
14:,utexb3016_scaffold_12_g626.t1,1
14:,utexb3016_scaffold_10_g280.t1,1
14:,utexb3016_scaffold_10_g352.t1,1
14:,utexb3016_scaffold_10_g516.t1,1
14:,utexb3016_scaffold_10_g713.t1,1
14:,utexb3016_scaffold_10_g79.t1,1
14:,utexb3016_scaffold_12_g326.t1,1
14:,utexb3016_scaffold_12_g440.t1,1
14:,utexb3016_scaffold_13_g113.t1,1
14:,utexb3016_scaffold_15_g644.t1,1
14:,utexb3016_scaffold_13_g20.t1,1
14:,utexb3016_scaffold_14_g136.t1,1
14:,utexb3016_scaffold_14_g73.t1,1
14:,utexb3016_scaffold_15_g308.t1,1
14:,utexb3016_scaffold_15_g360.t1,1
14:,utexb3016_scaffold_15_g447.t1,1
14:,utexb3016_scaffold_15_g565.t1,1
14:,utexb3016_scaffold_20_g528.t1,1
14:,utexb3016_scaffold_21_g113.t1,1
14:,utex395_scaffold_2_g66.t1,1
15:,utex2526_scaffold_10_g629.t1,1
14:,utexb3016_scaffold_22_g905.t1,1
14:,utexb3016_scaffold_22_g934.t1,1
14:,utexb3016_scaffold_22_g979.t1,1
14:,utexb3016_scaffold_7_g157.t1,1
14:,utexb3016_scaffold_7_g340.t1,1
14:,utexb3016_scaffold_7_g424.t1,1
15:,utex2526_scaffold_10_g154.t1,1
15:,utex2526_scaffold_10_g635.t1,1
14:,utexb3016_scaffold_22_g687.t1,1
15:,utex2526_scaffold_10_g653.t1,1
15:,utex2526_scaffold_10_g688.t1,1
15:,utex2526_scaffold_11_g23.t1,1
15:,utex2526_scaffold_11_g60.t1,1
15:,utex2526_scaffold_12_g153.t1,1
15:,utex2526_scaffold_12_g222.t1,1
15:,utex2526_scaffold_12_g395.t1,1
14:,utexb3016_scaffold_22_g792.t1,1
14:,utexb3016_scaffold_22_g351.t1,1
14:,utexb3016_scaffold_21_g1219.t1,1
14:,utexb3016_scaffold_21_g88.t1,1
14:,utexb3016_scaffold_21_g1252.t1,1
14:,utexb3016_scaffold_21_g1357.t1,1
14:,utexb3016_scaffold_21_g440.t1,1
14:,utexb3016_scaffold_21_g506.t1,1
14:,utexb3016_scaffold_21_g787.t1,1
14:,utexb3016_scaffold_21_g791.t1,1
14:,utexb3016_scaffold_21_g871.t1,1
14:,utexb3016_scaffold_21_g988.t1,1
14:,utexb3016_scaffold_22_g326.t1,1
14:,utexb3016_scaffold_22_g106.t1,1
14:,utexb3016_scaffold_22_g1102.t1,1
14:,utexb3016_scaffold_22_g1133.t1,1
14:,utexb3016_scaffold_22_g1157.t1,1
14:,utexb3016_scaffold_22_g1279.t1,1
14:,utexb3016_scaffold_22_g269.t1,1
14:,utexb3016_scaffold_22_g30.t1,1
14:,utexb3016_scaffold_10_g181.t1,1
14:,utex395_scaffold_2_g54.t1,1
14:,utex2526_scaffold_12_g150.t1,1
14:,utex2526_scaffold_15_g763.t1,1
14:,utex2526_scaffold_15_g281.t1,1
14:,utex2526_scaffold_15_g351.t1,1
14:,utex2526_scaffold_15_g510.t1,1
14:,utex2526_scaffold_15_g553.t1,1
14:,utex2526_scaffold_15_g581.t1,1
14:,utex2526_scaffold_15_g605.t1,1
14:,utex2526_scaffold_15_g662.t1,1
14:,utex2526_scaffold_15_g805.t1,1
14:,utex2526_scaffold_15_g198.t1,1
14:,utex2526_scaffold_15_g813.t1,1
14:,utex2526_scaffold_15_g881.t1,1
14:,utex2526_scaffold_15_g908.t1,1
14:,utex2526_scaffold_15_g994.t1,1
14:,utex2526_scaffold_1_g18.t1,1
14:,utex2526_scaffold_22_g26.t1,1
14:,utex2526_scaffold_23_g106.t1,1
14:,utex2526_scaffold_15_g262.t1,1
14:,utex2526_scaffold_15_g197.t1,1
14:,utex395_scaffold_13_g60.t1,1
14:,utex2526_scaffold_13_g192.t1,1
14:,utex2526_scaffold_12_g221.t1,1
14:,utex2526_scaffold_12_g226.t1,1
14:,utex2526_scaffold_12_g331.t1,1
14:,utex2526_scaffold_12_g393.t1,1
14:,utex2526_scaffold_12_g409.t1,1
14:,utex2526_scaffold_12_g468.t1,1
14:,utex2526_scaffold_12_g506.t1,1
14:,utex2526_scaffold_13_g86.t1,1
14:,utex2526_scaffold_15_g1103.t1,1
14:,utex2526_scaffold_14_g223.t1,1
14:,utex2526_scaffold_14_g300.t1,1
14:,utex2526_scaffold_14_g317.t1,1
14:,utex2526_scaffold_14_g405.t1,1
14:,utex2526_scaffold_14_g68.t1,1
14:,utex2526_scaffold_14_g81.t1,1
14:,utex2526_scaffold_15_g1096.t1,1
14:,utex2526_scaffold_23_g54.t1,1
14:,utex395_scaffold_17_g542.t1,1
14:,utex395_scaffold_2_g501.t1,1
14:,utex395_scaffold_25_g385.t1,1
14:,utex395_scaffold_24_g497.t1,1
14:,utex395_scaffold_24_g604.t1,1
14:,utex395_scaffold_24_g719.t1,1
14:,utex395_scaffold_24_g841.t1,1
14:,utex395_scaffold_25_g1023.t1,1
14:,utex395_scaffold_25_g1170.t1,1
14:,utex395_scaffold_25_g309.t1,1
14:,utex395_scaffold_25_g554.t1,1
14:,utex395_scaffold_24_g435.t1,1
14:,utex395_scaffold_25_g638.t1,1
14:,utex395_scaffold_25_g716.t1,1
14:,utex395_scaffold_2_g149.t1,1
14:,utex395_scaffold_2_g185.t1,1
14:,utex395_scaffold_2_g193.t1,1
14:,utex395_scaffold_2_g244.t1,1
14:,utex395_scaffold_2_g334.t1,1
14:,utex395_scaffold_24_g453.t1,1
14:,utex395_scaffold_24_g336.t1,1
14:,utex395_scaffold_17_g86.t1,1
14:,utex395_scaffold_1_g301.t1,1
14:,utex395_scaffold_18_g121.t1,1
14:,utex395_scaffold_18_g256.t1,1
14:,utex395_scaffold_18_g489.t1,1
14:,utex395_scaffold_18_g554.t1,1
14:,utex395_scaffold_18_g626.t1,1
14:,utex395_scaffold_18_g662.t1,1
14:,utex395_scaffold_1_g169.t1,1
14:,utex395_scaffold_1_g47.t1,1
14:,utex395_scaffold_24_g277.t1,1
14:,utex395_scaffold_20_g158.t1,1
14:,utex395_scaffold_20_g204.t1,1
14:,utex395_scaffold_20_g279.t1,1
14:,utex395_scaffold_20_g39.t1,1
14:,utex395_scaffold_20_g848.t1,1
14:,utex395_scaffold_23_g371.t1,1
14:,utex395_scaffold_23_g417.t1,1
15:,utex2526_scaffold_12_g410.t1,1
15:,utex2526_scaffold_12_g470.t1,1
15:,utex2526_scaffold_12_g507.t1,1
15:,utexb3016_scaffold_21_g443.t1,1
15:,utexb3016_scaffold_20_g270.t1,1
15:,utexb3016_scaffold_20_g529.t1,1
15:,utexb3016_scaffold_21_g1091.t1,1
15:,utexb3016_scaffold_21_g119.t1,1
15:,utexb3016_scaffold_21_g1227.t1,1
15:,utexb3016_scaffold_21_g1259.t1,1
15:,utexb3016_scaffold_21_g1374.t1,1
15:,utexb3016_scaffold_21_g508.t1,1
15:,utexb3016_scaffold_18_g774.t1,1
15:,utexb3016_scaffold_21_g790.t1,1
15:,utexb3016_scaffold_21_g792.t1,1
15:,utexb3016_scaffold_21_g872.t1,1
15:,utexb3016_scaffold_21_g89.t1,1
15:,utexb3016_scaffold_21_g989.t1,1
15:,utexb3016_scaffold_22_g107.t1,1
15:,utexb3016_scaffold_22_g1103.t1,1
15:,utexb3016_scaffold_20_g141.t1,1
15:,utexb3016_scaffold_18_g340.t1,1
15:,utexb3016_scaffold_22_g1160.t1,1
15:,utexb3016_scaffold_16_g628.t1,1
15:,utexb3016_scaffold_15_g452.t1,1
15:,utexb3016_scaffold_15_g572.t1,1
15:,utexb3016_scaffold_15_g645.t1,1
15:,utexb3016_scaffold_15_g775.t1,1
15:,utexb3016_scaffold_16_g245.t1,1
15:,utexb3016_scaffold_16_g325.t1,1
15:,utexb3016_scaffold_16_g402.t1,1
15:,utexb3016_scaffold_16_g767.t1,1
15:,utexb3016_scaffold_18_g165.t1,1
15:,utexb3016_scaffold_16_g911.t1,1
15:,utexb3016_scaffold_17_g203.t1,1
15:,utexb3016_scaffold_17_g286.t1,1
15:,utexb3016_scaffold_17_g385.t1,1
15:,utexb3016_scaffold_17_g743.t1,1
15:,utexb3016_scaffold_17_g872.t1,1
15:,utexb3016_scaffold_17_g926.t1,1
15:,utexb3016_scaffold_22_g1136.t1,1
15:,utexb3016_scaffold_22_g1287.t1,1
15:,utex2526_scaffold_13_g123.t1,1
16:,utex2526_scaffold_15_g1103.t1,1
16:,utex2526_scaffold_14_g308.t1,1
16:,utex2526_scaffold_14_g319.t1,1
16:,utex2526_scaffold_14_g414.t1,1
16:,utex2526_scaffold_14_g79.t1,1
16:,utex2526_scaffold_14_g85.t1,1
16:,utex2526_scaffold_15_g100.t1,1
16:,utex2526_scaffold_15_g1000.t1,1
16:,utex2526_scaffold_15_g199.t1,1
16:,utex2526_scaffold_12_g509.t1,1
16:,utex2526_scaffold_15_g200.t1,1
16:,utex2526_scaffold_15_g265.t1,1
16:,utex2526_scaffold_15_g283.t1,1
16:,utex2526_scaffold_15_g353.t1,1
16:,utex2526_scaffold_15_g429.t1,1
16:,utex2526_scaffold_15_g430.t1,1
16:,utex2526_scaffold_15_g517.t1,1
16:,utex2526_scaffold_13_g92.t1,1
16:,utex2526_scaffold_12_g476.t1,1
15:,utexb3016_scaffold_22_g31.t1,1
15:,utexb3016_scaffold_7_g344.t1,1
15:,utexb3016_scaffold_22_g327.t1,1
15:,utexb3016_scaffold_22_g352.t1,1
15:,utexb3016_scaffold_22_g688.t1,1
15:,utexb3016_scaffold_22_g908.t1,1
15:,utexb3016_scaffold_22_g937.t1,1
15:,utexb3016_scaffold_22_g980.t1,1
15:,utexb3016_scaffold_7_g167.t1,1
15:,utexb3016_scaffold_7_g435.t1,1
16:,utex2526_scaffold_12_g412.t1,1
16:,utex2526_scaffold_10_g160.t1,1
16:,utex2526_scaffold_10_g636.t1,1
16:,utex2526_scaffold_10_g655.t1,1
16:,utex2526_scaffold_10_g689.t1,1
16:,utex2526_scaffold_11_g25.t1,1
16:,utex2526_scaffold_11_g61.t1,1
16:,utex2526_scaffold_12_g401.t1,1
15:,utexb3016_scaffold_15_g311.t1,1
15:,utexb3016_scaffold_15_g212.t1,1
15:,utexb3016_scaffold_14_g75.t1,1
15:,utex395_scaffold_17_g96.t1,1
15:,utex2526_scaffold_15_g886.t1,1
15:,utex2526_scaffold_15_g911.t1,1
15:,utex2526_scaffold_15_g997.t1,1
15:,utex2526_scaffold_1_g20.t1,1
15:,utex2526_scaffold_22_g27.t1,1
15:,utex2526_scaffold_23_g107.t1,1
15:,utex2526_scaffold_23_g55.t1,1
15:,utex395_scaffold_18_g123.t1,1
15:,utex2526_scaffold_15_g806.t1,1
15:,utex395_scaffold_18_g258.t1,1
15:,utex395_scaffold_18_g494.t1,1
15:,utex395_scaffold_18_g555.t1,1
15:,utex395_scaffold_18_g627.t1,1
15:,utex395_scaffold_18_g666.t1,1
15:,utex395_scaffold_1_g170.t1,1
15:,utex395_scaffold_1_g302.t1,1
15:,utex2526_scaffold_15_g814.t1,1
15:,utex2526_scaffold_15_g663.t1,1
15:,utexb3016_scaffold_14_g137.t1,1
15:,utex2526_scaffold_15_g1036.t1,1
15:,utex2526_scaffold_13_g91.t1,1
15:,utex2526_scaffold_14_g226.t1,1
15:,utex2526_scaffold_14_g303.t1,1
15:,utex2526_scaffold_14_g318.t1,1
15:,utex2526_scaffold_14_g407.t1,1
15:,utex2526_scaffold_14_g72.t1,1
15:,utex2526_scaffold_14_g84.t1,1
15:,utex2526_scaffold_15_g1102.t1,1
15:,utex2526_scaffold_15_g613.t1,1
15:,utex2526_scaffold_15_g198.t1,1
15:,utex2526_scaffold_15_g199.t1,1
15:,utex2526_scaffold_15_g264.t1,1
15:,utex2526_scaffold_15_g282.t1,1
15:,utex2526_scaffold_15_g352.t1,1
15:,utex2526_scaffold_15_g515.t1,1
15:,utex2526_scaffold_15_g590.t1,1
15:,utex395_scaffold_1_g54.t1,1
15:,utex395_scaffold_20_g159.t1,1
15:,utex395_scaffold_20_g206.t1,1
15:,utexb3016_scaffold_10_g241.t1,1
15:,utex395_scaffold_2_g207.t1,1
15:,utex395_scaffold_2_g246.t1,1
15:,utex395_scaffold_2_g335.t1,1
15:,utex395_scaffold_2_g506.t1,1
15:,utex395_scaffold_2_g55.t1,1
15:,utex395_scaffold_2_g73.t1,1
15:,utexb3016_scaffold_10_g186.t1,1
15:,utexb3016_scaffold_10_g353.t1,1
15:,utex395_scaffold_20_g280.t1,1
15:,utexb3016_scaffold_10_g517.t1,1
15:,utexb3016_scaffold_10_g82.t1,1
15:,utexb3016_scaffold_12_g327.t1,1
15:,utexb3016_scaffold_12_g441.t1,1
15:,utexb3016_scaffold_12_g627.t1,1
15:,utexb3016_scaffold_13_g121.t1,1
15:,utexb3016_scaffold_13_g25.t1,1
15:,utex395_scaffold_2_g190.t1,1
15:,utex395_scaffold_2_g153.t1,1
15:,utex395_scaffold_25_g717.t1,1
15:,utex395_scaffold_25_g556.t1,1
15:,utex395_scaffold_20_g42.t1,1
15:,utex395_scaffold_20_g849.t1,1
15:,utex395_scaffold_23_g376.t1,1
15:,utex395_scaffold_23_g418.t1,1
15:,utex395_scaffold_24_g278.t1,1
15:,utex395_scaffold_24_g337.t1,1
15:,utex395_scaffold_24_g436.t1,1
15:,utex395_scaffold_24_g506.t1,1
15:,utex395_scaffold_24_g611.t1,1
15:,utex395_scaffold_24_g722.t1,1
15:,utex395_scaffold_24_g848.t1,1
15:,utex395_scaffold_25_g1025.t1,1
15:,utex395_scaffold_25_g1171.t1,1
15:,utex395_scaffold_25_g311.t1,1
15:,utex395_scaffold_25_g397.t1,1
14:,utex2526_scaffold_12_g186.t1,1
14:,utex2526_scaffold_11_g59.t1,1
3:,utex395_scaffold_25_g1303.t1,1
12:,utexb3016_scaffold_21_g787.t1,1
12:,utexb3016_scaffold_21_g1331.t1,1
12:,utexb3016_scaffold_21_g1333.t1,1
12:,utexb3016_scaffold_21_g384.t1,1
12:,utexb3016_scaffold_21_g437.t1,1
12:,utexb3016_scaffold_21_g504.t1,1
12:,utexb3016_scaffold_21_g71.t1,1
12:,utexb3016_scaffold_21_g783.t1,1
12:,utexb3016_scaffold_21_g819.t1,1
12:,utexb3016_scaffold_21_g1230.t1,1
12:,utexb3016_scaffold_21_g869.t1,1
12:,utexb3016_scaffold_21_g983.t1,1
12:,utexb3016_scaffold_22_g100.t1,1
12:,utexb3016_scaffold_22_g1040.t1,1
12:,utexb3016_scaffold_22_g1100.t1,1
12:,utexb3016_scaffold_22_g1101.t1,1
12:,utexb3016_scaffold_22_g1128.t1,1
12:,utexb3016_scaffold_21_g1302.t1,1
12:,utexb3016_scaffold_21_g1214.t1,1
12:,utexb3016_scaffold_22_g1276.t1,1
12:,utexb3016_scaffold_17_g925.t1,1
12:,utexb3016_scaffold_17_g364.t1,1
12:,utexb3016_scaffold_17_g431.t1,1
12:,utexb3016_scaffold_17_g52.t1,1
12:,utexb3016_scaffold_17_g731.t1,1
12:,utexb3016_scaffold_17_g799.t1,1
12:,utexb3016_scaffold_17_g864.t1,1
12:,utexb3016_scaffold_17_g909.t1,1
12:,utexb3016_scaffold_18_g162.t1,1
12:,utexb3016_scaffold_21_g1084.t1,1
12:,utexb3016_scaffold_18_g332.t1,1
12:,utexb3016_scaffold_18_g756.t1,1
12:,utexb3016_scaffold_18_g884.t1,1
12:,utexb3016_scaffold_20_g135.t1,1
12:,utexb3016_scaffold_20_g255.t1,1
12:,utexb3016_scaffold_20_g524.t1,1
12:,utexb3016_scaffold_21_g108.t1,1
12:,utexb3016_scaffold_22_g1150.t1,1
12:,utexb3016_scaffold_22_g263.t1,1
12:,utexb3016_scaffold_17_g195.t1,1
13:,utex2526_scaffold_12_g218.t1,1
13:,utex2526_scaffold_10_g632.t1,1
13:,utex2526_scaffold_10_g649.t1,1
13:,utex2526_scaffold_10_g681.t1,1
13:,utex2526_scaffold_11_g20.t1,1
13:,utex2526_scaffold_11_g57.t1,1
13:,utex2526_scaffold_12_g149.t1,1
13:,utex2526_scaffold_12_g185.t1,1
13:,utex2526_scaffold_12_g223.t1,1
13:,utex2526_scaffold_10_g531.t1,1
13:,utex2526_scaffold_12_g324.t1,1
13:,utex2526_scaffold_12_g388.t1,1
13:,utex2526_scaffold_12_g404.t1,1
13:,utex2526_scaffold_12_g466.t1,1
13:,utex2526_scaffold_12_g505.t1,1
13:,utex2526_scaffold_13_g190.t1,1
13:,utex2526_scaffold_13_g81.t1,1
13:,utex2526_scaffold_10_g624.t1,1
13:,utex2526_scaffold_10_g426.t1,1
12:,utexb3016_scaffold_22_g28.t1,1
12:,utexb3016_scaffold_22_g878.t1,1
12:,utexb3016_scaffold_22_g321.t1,1
12:,utexb3016_scaffold_22_g340.t1,1
12:,utexb3016_scaffold_22_g349.t1,1
12:,utexb3016_scaffold_22_g594.t1,1
12:,utexb3016_scaffold_22_g644.t1,1
12:,utexb3016_scaffold_22_g675.t1,1
12:,utexb3016_scaffold_22_g789.t1,1
12:,utexb3016_scaffold_22_g891.t1,1
13:,utex2526_scaffold_10_g140.t1,1
12:,utexb3016_scaffold_22_g896.t1,1
12:,utexb3016_scaffold_22_g932.t1,1
12:,utexb3016_scaffold_22_g951.t1,1
12:,utexb3016_scaffold_22_g975.t1,1
12:,utexb3016_scaffold_7_g147.t1,1
12:,utexb3016_scaffold_7_g337.t1,1
12:,utexb3016_scaffold_7_g401.t1,1
12:,utexb3016_scaffold_17_g272.t1,1
12:,utexb3016_scaffold_16_g898.t1,1
14:,utex2526_scaffold_11_g21.t1,1
12:,utex395_scaffold_25_g1251.t1,1
12:,utex395_scaffold_24_g594.t1,1
12:,utex395_scaffold_24_g693.t1,1
12:,utex395_scaffold_24_g706.t1,1
12:,utex395_scaffold_24_g829.t1,1
12:,utex395_scaffold_25_g1019.t1,1
12:,utex395_scaffold_25_g1153.t1,1
12:,utex395_scaffold_25_g1215.t1,1
12:,utex395_scaffold_25_g1276.t1,1
12:,utex395_scaffold_24_g442.t1,1
12:,utex395_scaffold_25_g304.t1,1
12:,utex395_scaffold_25_g305.t1,1
12:,utex395_scaffold_25_g357.t1,1
12:,utex395_scaffold_25_g393.t1,1
12:,utex395_scaffold_25_g533.t1,1
12:,utex395_scaffold_25_g551.t1,1
12:,utex395_scaffold_25_g635.t1,1
12:,utex395_scaffold_24_g493.t1,1
12:,utex395_scaffold_24_g433.t1,1
12:,utex395_scaffold_25_g800.t1,1
12:,utex395_scaffold_20_g156.t1,1
12:,utex395_scaffold_18_g619.t1,1
12:,utex395_scaffold_18_g656.t1,1
12:,utex395_scaffold_1_g143.t1,1
12:,utex395_scaffold_1_g295.t1,1
12:,utex395_scaffold_1_g44.t1,1
12:,utex395_scaffold_1_g468.t1,1
12:,utex395_scaffold_1_g517.t1,1
12:,utex395_scaffold_20_g202.t1,1
12:,utex395_scaffold_24_g331.t1,1
12:,utex395_scaffold_20_g22.t1,1
12:,utex395_scaffold_20_g276.t1,1
12:,utex395_scaffold_20_g37.t1,1
12:,utex395_scaffold_20_g846.t1,1
12:,utex395_scaffold_23_g356.t1,1
12:,utex395_scaffold_23_g387.t1,1
12:,utex395_scaffold_24_g275.t1,1
12:,utex395_scaffold_25_g710.t1,1
12:,utex395_scaffold_25_g821.t1,1
12:,utexb3016_scaffold_16_g760.t1,1
12:,utexb3016_scaffold_15_g542.t1,1
12:,utexb3016_scaffold_13_g14.t1,1
12:,utexb3016_scaffold_13_g288.t1,1
12:,utexb3016_scaffold_14_g128.t1,1
12:,utexb3016_scaffold_14_g66.t1,1
12:,utexb3016_scaffold_15_g302.t1,1
12:,utexb3016_scaffold_15_g356.t1,1
12:,utexb3016_scaffold_15_g445.t1,1
12:,utexb3016_scaffold_15_g613.t1,1
12:,utexb3016_scaffold_12_g611.t1,1
12:,utexb3016_scaffold_15_g626.t1,1
12:,utexb3016_scaffold_15_g712.t1,1
12:,utexb3016_scaffold_15_g772.t1,1
12:,utexb3016_scaffold_16_g236.t1,1
12:,utexb3016_scaffold_16_g317.t1,1
12:,utexb3016_scaffold_16_g394.t1,1
12:,utexb3016_scaffold_16_g620.t1,1
12:,utexb3016_scaffold_13_g109.t1,1
12:,utexb3016_scaffold_12_g438.t1,1
12:,utex395_scaffold_25_g908.t1,1
12:,utex395_scaffold_2_g57.t1,1
12:,utex395_scaffold_2_g143.t1,1
12:,utex395_scaffold_2_g180.t1,1
12:,utex395_scaffold_2_g182.t1,1
12:,utex395_scaffold_2_g240.t1,1
12:,utex395_scaffold_2_g324.t1,1
12:,utex395_scaffold_2_g464.t1,1
12:,utex395_scaffold_2_g52.t1,1
12:,utex395_scaffold_4_g447.t1,1
12:,utexb3016_scaffold_12_g323.t1,1
12:,utexb3016_scaffold_10_g179.t1,1
12:,utexb3016_scaffold_10_g219.t1,1
12:,utexb3016_scaffold_10_g272.t1,1
12:,utexb3016_scaffold_10_g348.t1,1
12:,utexb3016_scaffold_10_g509.t1,1
12:,utexb3016_scaffold_10_g65.t1,1
12:,utexb3016_scaffold_10_g710.t1,1
13:,utex2526_scaffold_14_g180.t1,1
13:,utex2526_scaffold_14_g221.t1,1
13:,utex2526_scaffold_14_g298.t1,1
13:,utexb3016_scaffold_17_g934.t1,1
13:,utexb3016_scaffold_17_g273.t1,1
13:,utexb3016_scaffold_17_g338.t1,1
13:,utexb3016_scaffold_17_g369.t1,1
13:,utexb3016_scaffold_17_g56.t1,1
13:,utexb3016_scaffold_17_g734.t1,1
13:,utexb3016_scaffold_17_g868.t1,1
13:,utexb3016_scaffold_17_g913.t1,1
13:,utexb3016_scaffold_18_g163.t1,1
13:,utexb3016_scaffold_16_g903.t1,1
13:,utexb3016_scaffold_18_g335.t1,1
13:,utexb3016_scaffold_18_g772.t1,1
13:,utexb3016_scaffold_18_g893.t1,1
13:,utexb3016_scaffold_20_g137.t1,1
13:,utexb3016_scaffold_20_g260.t1,1
13:,utexb3016_scaffold_20_g526.t1,1
13:,utexb3016_scaffold_21_g1086.t1,1
13:,utexb3016_scaffold_17_g196.t1,1
13:,utexb3016_scaffold_16_g761.t1,1
13:,utexb3016_scaffold_21_g1215.t1,1
13:,utexb3016_scaffold_15_g307.t1,1
13:,utexb3016_scaffold_12_g325.t1,1
13:,utexb3016_scaffold_12_g439.t1,1
13:,utexb3016_scaffold_12_g625.t1,1
13:,utexb3016_scaffold_13_g111.t1,1
13:,utexb3016_scaffold_13_g18.t1,1
13:,utexb3016_scaffold_14_g135.t1,1
13:,utexb3016_scaffold_14_g72.t1,1
13:,utexb3016_scaffold_15_g359.t1,1
13:,utexb3016_scaffold_16_g622.t1,1
13:,utexb3016_scaffold_15_g446.t1,1
13:,utexb3016_scaffold_15_g558.t1,1
13:,utexb3016_scaffold_15_g637.t1,1
13:,utexb3016_scaffold_15_g773.t1,1
13:,utexb3016_scaffold_16_g239.t1,1
13:,utexb3016_scaffold_16_g318.t1,1
13:,utexb3016_scaffold_16_g400.t1,1
13:,utexb3016_scaffold_21_g111.t1,1
13:,utexb3016_scaffold_21_g1238.t1,1
13:,utex2526_scaffold_14_g315.t1,1
13:,utexb3016_scaffold_7_g149.t1,1
13:,utexb3016_scaffold_22_g686.t1,1
13:,utexb3016_scaffold_22_g791.t1,1
13:,utexb3016_scaffold_22_g897.t1,1
13:,utexb3016_scaffold_22_g903.t1,1
13:,utexb3016_scaffold_22_g933.t1,1
13:,utexb3016_scaffold_22_g952.t1,1
13:,utexb3016_scaffold_22_g977.t1,1
13:,utexb3016_scaffold_7_g338.t1,1
13:,utexb3016_scaffold_22_g680.t1,1
13:,utexb3016_scaffold_7_g406.t1,1
14:,utex2526_scaffold_10_g141.t1,1
14:,utex2526_scaffold_10_g532.t1,1
14:,utex2526_scaffold_10_g625.t1,1
14:,utex2526_scaffold_10_g633.t1,1
14:,utex2526_scaffold_10_g651.t1,1
14:,utex2526_scaffold_10_g687.t1,1
13:,utexb3016_scaffold_22_g681.t1,1
13:,utexb3016_scaffold_22_g665.t1,1
13:,utexb3016_scaffold_21_g1334.t1,1
13:,utexb3016_scaffold_21_g985.t1,1
13:,utexb3016_scaffold_21_g438.t1,1
13:,utexb3016_scaffold_21_g505.t1,1
13:,utexb3016_scaffold_21_g785.t1,1
13:,utexb3016_scaffold_21_g789.t1,1
13:,utexb3016_scaffold_21_g826.t1,1
13:,utexb3016_scaffold_21_g87.t1,1
13:,utexb3016_scaffold_21_g870.t1,1
13:,utexb3016_scaffold_22_g103.t1,1
13:,utexb3016_scaffold_22_g350.t1,1
13:,utexb3016_scaffold_22_g1101.t1,1
13:,utexb3016_scaffold_22_g1129.t1,1
13:,utexb3016_scaffold_22_g1151.t1,1
13:,utexb3016_scaffold_22_g1278.t1,1
13:,utexb3016_scaffold_22_g267.t1,1
13:,utexb3016_scaffold_22_g29.t1,1
13:,utexb3016_scaffold_22_g324.t1,1
13:,utexb3016_scaffold_10_g74.t1,1
13:,utexb3016_scaffold_10_g712.t1,1
13:,utexb3016_scaffold_10_g71.t1,1
13:,utex2526_scaffold_23_g50.t1,1
13:,utex2526_scaffold_15_g879.t1,1
13:,utex2526_scaffold_15_g902.t1,1
13:,utex2526_scaffold_15_g953.t1,1
13:,utex2526_scaffold_15_g990.t1,1
13:,utex2526_scaffold_1_g17.t1,1
13:,utex2526_scaffold_22_g23.t1,1
13:,utex2526_scaffold_23_g104.t1,1
13:,utex395_scaffold_13_g59.t1,1
13:,utex2526_scaffold_15_g802.t1,1
13:,utex395_scaffold_17_g461.t1,1
13:,utex395_scaffold_18_g117.t1,1
13:,utex395_scaffold_18_g255.t1,1
13:,utex395_scaffold_18_g487.t1,1
13:,utex395_scaffold_18_g552.t1,1
13:,utex395_scaffold_18_g622.t1,1
13:,utex395_scaffold_18_g658.t1,1
13:,utex2526_scaffold_15_g812.t1,1
13:,utex2526_scaffold_15_g762.t1,1
13:,utexb3016_scaffold_10_g512.t1,1
13:,utex2526_scaffold_15_g197.t1,1
13:,utex2526_scaffold_14_g404.t1,1
13:,utex2526_scaffold_14_g543.t1,1
13:,utex2526_scaffold_14_g67.t1,1
13:,utex2526_scaffold_14_g80.t1,1
13:,utex2526_scaffold_15_g1091.t1,1
13:,utex2526_scaffold_15_g1102.t1,1
13:,utex2526_scaffold_15_g195.t1,1
13:,utex2526_scaffold_15_g261.t1,1
13:,utex2526_scaffold_15_g755.t1,1
13:,utex2526_scaffold_15_g276.t1,1
13:,utex2526_scaffold_15_g350.t1,1
13:,utex2526_scaffold_15_g509.t1,1
13:,utex2526_scaffold_15_g552.t1,1
13:,utex2526_scaffold_15_g580.t1,1
13:,utex2526_scaffold_15_g600.t1,1
13:,utex2526_scaffold_15_g661.t1,1
13:,utex395_scaffold_1_g167.t1,1
13:,utex395_scaffold_1_g300.t1,1
13:,utex395_scaffold_1_g46.t1,1
13:,utex395_scaffold_2_g243.t1,1
13:,utex395_scaffold_25_g360.t1,1
13:,utex395_scaffold_25_g553.t1,1
13:,utex395_scaffold_25_g637.t1,1
13:,utex395_scaffold_25_g714.t1,1
13:,utex395_scaffold_2_g144.t1,1
13:,utex395_scaffold_2_g181.t1,1
13:,utex395_scaffold_2_g192.t1,1
13:,utex395_scaffold_2_g332.t1,1
13:,utex395_scaffold_20_g157.t1,1
13:,utex395_scaffold_2_g476.t1,1
13:,utex395_scaffold_2_g53.t1,1
13:,utex395_scaffold_2_g62.t1,1
13:,utex395_scaffold_4_g455.t1,1
13:,utexb3016_scaffold_10_g180.t1,1
13:,utexb3016_scaffold_10_g273.t1,1
13:,utexb3016_scaffold_10_g351.t1,1
13:,utex395_scaffold_25_g305.t1,1
13:,utex395_scaffold_25_g1282.t1,1
13:,utex395_scaffold_25_g1155.t1,1
13:,utex395_scaffold_25_g1021.t1,1
13:,utex395_scaffold_20_g203.t1,1
13:,utex395_scaffold_20_g278.t1,1
13:,utex395_scaffold_20_g38.t1,1
13:,utex395_scaffold_20_g847.t1,1
13:,utex395_scaffold_23_g358.t1,1
13:,utex395_scaffold_23_g401.t1,1
13:,utex395_scaffold_24_g276.t1,1
13:,utex395_scaffold_24_g335.t1,1
13:,utex395_scaffold_24_g434.t1,1
13:,utex395_scaffold_24_g444.t1,1
13:,utex395_scaffold_24_g494.t1,1
13:,utex395_scaffold_24_g596.t1,1
13:,utex395_scaffold_24_g695.t1,1
13:,utex395_scaffold_24_g709.t1,1
13:,utex395_scaffold_24_g833.t1,1
16:,utex2526_scaffold_15_g591.t1,1
16:,utex2526_scaffold_15_g618.t1,1
16:,utex2526_scaffold_15_g664.t1,1
1:,utex2526_scaffold_10_g542.t1,1
1:,utex2526_scaffold_10_g463.t1,1
1:,utex2526_scaffold_10_g497.t1,1
1:,utex2526_scaffold_10_g500.t1,1
1:,utex2526_scaffold_10_g52.t1,1
1:,utex2526_scaffold_10_g525.t1,1
1:,utex2526_scaffold_10_g530.t1,1
1:,utex2526_scaffold_10_g54.t1,1
1:,utex2526_scaffold_10_g545.t1,1
1:,utex2526_scaffold_10_g442.t1,1
1:,utex2526_scaffold_10_g565.t1,1
1:,utex2526_scaffold_10_g568.t1,1
1:,utex2526_scaffold_10_g591.t1,1
1:,utex2526_scaffold_10_g611.t1,1
1:,utex2526_scaffold_10_g612.t1,1
1:,utex2526_scaffold_10_g625.t1,1
1:,utex2526_scaffold_10_g644.t1,1
1:,utex2526_scaffold_10_g454.t1,1
1:,utex2526_scaffold_10_g433.t1,1
1:,utex2526_scaffold_10_g659.t1,1
19:,utexb3016_scaffold_22_g987.t1,1
19:,utexb3016_scaffold_21_g880.t1,1
19:,utexb3016_scaffold_22_g1140.t1,1
19:,utexb3016_scaffold_22_g124.t1,1
19:,utexb3016_scaffold_22_g332.t1,1
19:,utexb3016_scaffold_22_g364.t1,1
19:,utexb3016_scaffold_22_g693.t1,1
19:,utexb3016_scaffold_22_g913.t1,1
19:,utexb3016_scaffold_7_g199.t1,1
1:,utex2526_scaffold_10_g396.t1,1
1:,utex2526_scaffold_10_g100.t1,1
1:,utex2526_scaffold_10_g142.t1,1
1:,utex2526_scaffold_10_g177.t1,1
1:,utex2526_scaffold_10_g271.t1,1
1:,utex2526_scaffold_10_g29.t1,1
1:,utex2526_scaffold_10_g375.t1,1
1:,utex2526_scaffold_10_g384.t1,1
1:,utex2526_scaffold_10_g658.t1,1
1:,utex2526_scaffold_10_g697.t1,1
19:,utexb3016_scaffold_21_g515.t1,1
1:,utex2526_scaffold_12_g507.t1,1
1:,utex2526_scaffold_12_g354.t1,1
1:,utex2526_scaffold_12_g363.t1,1
1:,utex2526_scaffold_12_g381.t1,1
1:,utex2526_scaffold_12_g434.t1,1
1:,utex2526_scaffold_12_g435.t1,1
1:,utex2526_scaffold_12_g462.t1,1
1:,utex2526_scaffold_12_g47.t1,1
1:,utex2526_scaffold_12_g520.t1,1
1:,utex2526_scaffold_12_g336.t1,1
1:,utex2526_scaffold_12_g522.t1,1
1:,utex2526_scaffold_12_g547.t1,1
1:,utex2526_scaffold_12_g565.t1,1
1:,utex2526_scaffold_12_g599.t1,1
1:,utex2526_scaffold_12_g602.t1,1
1:,utex2526_scaffold_12_g610.t1,1
1:,utex2526_scaffold_12_g612.t1,1
1:,utex2526_scaffold_12_g347.t1,1
1:,utex2526_scaffold_12_g334.t1,1
1:,utex2526_scaffold_10_g86.t1,1
1:,utex2526_scaffold_12_g171.t1,1
1:,utex2526_scaffold_11_g40.t1,1
1:,utex2526_scaffold_11_g56.t1,1
1:,utex2526_scaffold_11_g6.t1,1
1:,utex2526_scaffold_12_g117.t1,1
1:,utex2526_scaffold_12_g137.t1,1
1:,utex2526_scaffold_12_g14.t1,1
1:,utex2526_scaffold_12_g170.t1,1
1:,utex2526_scaffold_12_g175.t1,1
1:,utex2526_scaffold_12_g315.t1,1
1:,utex2526_scaffold_12_g191.t1,1
1:,utex2526_scaffold_12_g192.t1,1
1:,utex2526_scaffold_12_g230.t1,1
1:,utex2526_scaffold_12_g239.t1,1
1:,utex2526_scaffold_12_g291.t1,1
1:,utex2526_scaffold_12_g297.t1,1
1:,utex2526_scaffold_12_g300.t1,1
19:,utexb3016_scaffold_21_g805.t1,1
19:,utexb3016_scaffold_21_g1413.t1,1
16:,utex2526_scaffold_15_g807.t1,1
19:,utex395_scaffold_1_g308.t1,1
19:,utex2526_scaffold_1_g25.t1,1
19:,utex2526_scaffold_23_g112.t1,1
19:,utex395_scaffold_17_g128.t1,1
19:,utex395_scaffold_18_g136.t1,1
19:,utex395_scaffold_18_g264.t1,1
19:,utex395_scaffold_18_g518.t1,1
19:,utex395_scaffold_1_g197.t1,1
19:,utex395_scaffold_1_g63.t1,1
19:,utex2526_scaffold_15_g813.t1,1
19:,utex395_scaffold_20_g164.t1,1
19:,utex395_scaffold_20_g214.t1,1
19:,utex395_scaffold_20_g47.t1,1
19:,utex395_scaffold_20_g860.t1,1
19:,utex395_scaffold_23_g402.t1,1
19:,utex395_scaffold_24_g289.t1,1
19:,utex395_scaffold_24_g548.t1,1
19:,utex2526_scaffold_15_g818.t1,1
19:,utex2526_scaffold_15_g627.t1,1
19:,utex395_scaffold_24_g731.t1,1
19:,utex2526_scaffold_14_g394.t1,1
19:,utex2526_scaffold_12_g404.t1,1
19:,utex2526_scaffold_12_g429.t1,1
19:,utex2526_scaffold_12_g492.t1,1
19:,utex2526_scaffold_13_g101.t1,1
19:,utex2526_scaffold_14_g233.t1,1
19:,utex2526_scaffold_14_g316.t1,1
19:,utex2526_scaffold_14_g329.t1,1
19:,utex2526_scaffold_14_g417.t1,1
19:,utex2526_scaffold_15_g595.t1,1
19:,utex2526_scaffold_14_g83.t1,1
19:,utex2526_scaffold_14_g99.t1,1
19:,utex2526_scaffold_15_g202.t1,1
19:,utex2526_scaffold_15_g204.t1,1
19:,utex2526_scaffold_15_g269.t1,1
19:,utex2526_scaffold_15_g288.t1,1
19:,utex2526_scaffold_15_g362.t1,1
19:,utex395_scaffold_24_g616.t1,1
19:,utex395_scaffold_24_g865.t1,1
19:,utexb3016_scaffold_21_g1290.t1,1
19:,utexb3016_scaffold_17_g882.t1,1
19:,utexb3016_scaffold_16_g336.t1,1
19:,utexb3016_scaffold_16_g408.t1,1
19:,utexb3016_scaffold_16_g636.t1,1
19:,utexb3016_scaffold_16_g822.t1,1
19:,utexb3016_scaffold_16_g930.t1,1
19:,utexb3016_scaffold_17_g215.t1,1
19:,utexb3016_scaffold_17_g753.t1,1
19:,utexb3016_scaffold_17_g945.t1,1
19:,utexb3016_scaffold_15_g590.t1,1
19:,utexb3016_scaffold_18_g183.t1,1
19:,utexb3016_scaffold_18_g790.t1,1
19:,utexb3016_scaffold_20_g159.t1,1
19:,utexb3016_scaffold_20_g274.t1,1
19:,utexb3016_scaffold_21_g1119.t1,1
19:,utexb3016_scaffold_21_g118.t1,1
19:,utexb3016_scaffold_21_g125.t1,1
19:,utexb3016_scaffold_16_g251.t1,1
19:,utexb3016_scaffold_15_g477.t1,1
19:,utex395_scaffold_25_g1040.t1,1
19:,utexb3016_scaffold_10_g195.t1,1
19:,utex395_scaffold_25_g317.t1,1
19:,utex395_scaffold_25_g561.t1,1
19:,utex395_scaffold_25_g736.t1,1
19:,utex395_scaffold_2_g198.t1,1
19:,utex395_scaffold_2_g265.t1,1
19:,utex395_scaffold_2_g343.t1,1
19:,utex395_scaffold_2_g65.t1,1
19:,utexb3016_scaffold_10_g291.t1,1
19:,utexb3016_scaffold_15_g316.t1,1
19:,utexb3016_scaffold_10_g361.t1,1
19:,utexb3016_scaffold_10_g523.t1,1
19:,utexb3016_scaffold_10_g95.t1,1
19:,utexb3016_scaffold_12_g337.t1,1
19:,utexb3016_scaffold_12_g449.t1,1
19:,utexb3016_scaffold_12_g639.t1,1
19:,utexb3016_scaffold_13_g164.t1,1
1:,utex2526_scaffold_12_g643.t1,1
1:,utex2526_scaffold_12_g650.t1,1
1:,utex2526_scaffold_12_g68.t1,1
1:,utex2526_scaffold_4_g5.t1,1
1:,utex2526_scaffold_3_g241.t1,1
1:,utex2526_scaffold_3_g243.t1,1
1:,utex2526_scaffold_3_g266.t1,1
1:,utex2526_scaffold_3_g36.t1,1
1:,utex2526_scaffold_3_g57.t1,1
1:,utex2526_scaffold_3_g68.t1,1
1:,utex2526_scaffold_3_g86.t1,1
1:,utex2526_scaffold_7_g67.t1,1
1:,utex2526_scaffold_3_g175.t1,1
1:,utex2526_scaffold_7_g68.t1,1
1:,utex395_scaffold_12_g12.t1,1
1:,utex395_scaffold_12_g15.t1,1
1:,utex395_scaffold_12_g7.t1,1
1:,utex395_scaffold_13_g19.t1,1
1:,utex395_scaffold_13_g55.t1,1
1:,utex395_scaffold_13_g71.t1,1
1:,utex2526_scaffold_3_g2.t1,1
1:,utex2526_scaffold_3_g170.t1,1
1:,utex395_scaffold_16_g268.t1,1
1:,utex2526_scaffold_22_g17.t1,1
1:,utex2526_scaffold_15_g932.t1,1
1:,utex2526_scaffold_15_g959.t1,1
1:,utex2526_scaffold_15_g988.t1,1
1:,utex2526_scaffold_18_g3.t1,1
1:,utex2526_scaffold_19_g3.t1,1
1:,utex2526_scaffold_1_g14.t1,1
1:,utex2526_scaffold_1_g2.t1,1
1:,utex2526_scaffold_23_g10.t1,1
1:,utex2526_scaffold_3_g152.t1,1
1:,utex2526_scaffold_23_g108.t1,1
1:,utex2526_scaffold_23_g80.t1,1
1:,utex2526_scaffold_25_g45.t1,1
1:,utex2526_scaffold_27_g539.t1,1
1:,utex2526_scaffold_27_g600.t1,1
1:,utex2526_scaffold_3_g12.t1,1
1:,utex2526_scaffold_3_g122.t1,1
1:,utex395_scaffold_15_g107.t1,1
1:,utex395_scaffold_16_g84.t1,1
1:,utex2526_scaffold_12_g712.t1,1
1:,utex395_scaffold_18_g205.t1,1
1:,utex395_scaffold_17_g713.t1,1
1:,utex395_scaffold_17_g72.t1,1
1:,utex395_scaffold_18_g110.t1,1
1:,utex395_scaffold_18_g126.t1,1
1:,utex395_scaffold_18_g145.t1,1
1:,utex395_scaffold_18_g180.t1,1
1:,utex395_scaffold_18_g193.t1,1
1:,utex395_scaffold_18_g243.t1,1
1:,utex395_scaffold_17_g576.t1,1
1:,utex395_scaffold_18_g275.t1,1
1:,utex395_scaffold_18_g284.t1,1
1:,utex395_scaffold_18_g290.t1,1
1:,utex395_scaffold_18_g298.t1,1
1:,utex395_scaffold_18_g33.t1,1
1:,utex395_scaffold_18_g338.t1,1
1:,utex395_scaffold_18_g364.t1,1
1:,utex395_scaffold_17_g7.t1,1
1:,utex395_scaffold_17_g535.t1,1
1:,utex395_scaffold_17_g2.t1,1
1:,utex395_scaffold_17_g394.t1,1
1:,utex395_scaffold_17_g205.t1,1
1:,utex395_scaffold_17_g227.t1,1
1:,utex395_scaffold_17_g232.t1,1
1:,utex395_scaffold_17_g252.t1,1
1:,utex395_scaffold_17_g324.t1,1
1:,utex395_scaffold_17_g371.t1,1
1:,utex395_scaffold_17_g378.t1,1
1:,utex395_scaffold_17_g402.t1,1
1:,utex395_scaffold_17_g513.t1,1
1:,utex395_scaffold_17_g407.t1,1
1:,utex395_scaffold_17_g413.t1,1
1:,utex395_scaffold_17_g428.t1,1
1:,utex395_scaffold_17_g454.t1,1
1:,utex395_scaffold_17_g482.t1,1
1:,utex395_scaffold_17_g495.t1,1
1:,utex395_scaffold_17_g499.t1,1
1:,utex2526_scaffold_15_g921.t1,1
1:,utex2526_scaffold_15_g920.t1,1
1:,utex2526_scaffold_15_g890.t1,1
1:,utex2526_scaffold_14_g411.t1,1
1:,utex2526_scaffold_14_g301.t1,1
1:,utex2526_scaffold_14_g34.t1,1
1:,utex2526_scaffold_14_g358.t1,1
1:,utex2526_scaffold_14_g362.t1,1
1:,utex2526_scaffold_14_g376.t1,1
1:,utex2526_scaffold_14_g394.t1,1
1:,utex2526_scaffold_14_g402.t1,1
1:,utex2526_scaffold_14_g461.t1,1
1:,utex2526_scaffold_14_g272.t1,1
1:,utex2526_scaffold_14_g477.t1,1
1:,utex2526_scaffold_14_g495.t1,1
1:,utex2526_scaffold_14_g513.t1,1
1:,utex2526_scaffold_14_g522.t1,1
1:,utex2526_scaffold_15_g1008.t1,1
1:,utex2526_scaffold_15_g1010.t1,1
1:,utex2526_scaffold_15_g1023.t1,1
1:,utex2526_scaffold_14_g290.t1,1
1:,utex2526_scaffold_14_g267.t1,1
1:,utex2526_scaffold_15_g883.t1,1
1:,utex2526_scaffold_13_g81.t1,1
1:,utex2526_scaffold_12_g714.t1,1
1:,utex2526_scaffold_12_g719.t1,1
1:,utex2526_scaffold_13_g155.t1,1
1:,utex2526_scaffold_13_g18.t1,1
1:,utex2526_scaffold_13_g221.t1,1
1:,utex2526_scaffold_13_g252.t1,1
1:,utex2526_scaffold_13_g53.t1,1
1:,utex2526_scaffold_14_g117.t1,1
1:,utex2526_scaffold_14_g259.t1,1
1:,utex2526_scaffold_14_g125.t1,1
1:,utex2526_scaffold_14_g136.t1,1
1:,utex2526_scaffold_14_g156.t1,1
1:,utex2526_scaffold_14_g180.t1,1
1:,utex2526_scaffold_14_g186.t1,1
1:,utex2526_scaffold_14_g22.t1,1
1:,utex2526_scaffold_14_g25.t1,1
1:,utex2526_scaffold_15_g1036.t1,1
1:,utex2526_scaffold_15_g1037.t1,1
1:,utex2526_scaffold_15_g1069.t1,1
1:,utex2526_scaffold_15_g706.t1,1
1:,utex2526_scaffold_15_g493.t1,1
1:,utex2526_scaffold_15_g534.t1,1
1:,utex2526_scaffold_15_g536.t1,1
1:,utex2526_scaffold_15_g538.t1,1
1:,utex2526_scaffold_15_g563.t1,1
1:,utex2526_scaffold_15_g579.t1,1
1:,utex2526_scaffold_15_g683.t1,1
1:,utex2526_scaffold_15_g719.t1,1
1:,utex2526_scaffold_15_g1070.t1,1
1:,utex2526_scaffold_15_g788.t1,1
1:,utex2526_scaffold_15_g826.t1,1
1:,utex2526_scaffold_15_g828.t1,1
1:,utex2526_scaffold_15_g841.t1,1
1:,utex2526_scaffold_15_g842.t1,1
1:,utex2526_scaffold_15_g855.t1,1
1:,utex2526_scaffold_15_g861.t1,1
1:,utex2526_scaffold_15_g469.t1,1
1:,utex2526_scaffold_15_g442.t1,1
1:,utex2526_scaffold_15_g405.t1,1
1:,utex2526_scaffold_15_g396.t1,1
1:,utex2526_scaffold_15_g110.t1,1
1:,utex2526_scaffold_15_g1118.t1,1
1:,utex2526_scaffold_15_g1124.t1,1
1:,utex2526_scaffold_15_g1147.t1,1
1:,utex2526_scaffold_15_g1195.t1,1
1:,utex2526_scaffold_15_g163.t1,1
1:,utex2526_scaffold_15_g215.t1,1
1:,utex2526_scaffold_15_g227.t1,1
1:,utex2526_scaffold_15_g256.t1,1
1:,utex2526_scaffold_15_g268.t1,1
1:,utex2526_scaffold_15_g282.t1,1
1:,utex2526_scaffold_15_g294.t1,1
1:,utex2526_scaffold_15_g307.t1,1
1:,utex2526_scaffold_15_g313.t1,1
1:,utex2526_scaffold_15_g325.t1,1
19:,utex2526_scaffold_11_g66.t1,1
19:,utex2526_scaffold_11_g28.t1,1
19:,utex2526_scaffold_10_g696.t1,1
17:,utex2526_scaffold_14_g314.t1,1
17:,utex2526_scaffold_11_g26.t1,1
17:,utex2526_scaffold_11_g62.t1,1
17:,utex2526_scaffold_12_g402.t1,1
17:,utex2526_scaffold_12_g416.t1,1
17:,utex2526_scaffold_12_g477.t1,1
17:,utex2526_scaffold_12_g510.t1,1
17:,utex2526_scaffold_13_g93.t1,1
17:,utex2526_scaffold_14_g320.t1,1
17:,utex2526_scaffold_10_g637.t1,1
17:,utex2526_scaffold_14_g382.t1,1
17:,utex2526_scaffold_14_g415.t1,1
17:,utex2526_scaffold_14_g80.t1,1
17:,utex2526_scaffold_14_g88.t1,1
17:,utex2526_scaffold_15_g200.t1,1
17:,utex2526_scaffold_15_g201.t1,1
17:,utex2526_scaffold_15_g266.t1,1
17:,utex2526_scaffold_10_g690.t1,1
17:,utex2526_scaffold_10_g214.t1,1
17:,utex2526_scaffold_15_g360.t1,1
16:,utexb3016_scaffold_22_g328.t1,1
16:,utexb3016_scaffold_21_g794.t1,1
16:,utexb3016_scaffold_21_g876.t1,1
16:,utexb3016_scaffold_21_g92.t1,1
16:,utexb3016_scaffold_22_g1104.t1,1
16:,utexb3016_scaffold_22_g1137.t1,1
16:,utexb3016_scaffold_22_g115.t1,1
16:,utexb3016_scaffold_22_g1161.t1,1
16:,utexb3016_scaffold_22_g34.t1,1
17:,utex2526_scaffold_10_g166.t1,1
16:,utexb3016_scaffold_22_g359.t1,1
16:,utexb3016_scaffold_22_g690.t1,1
16:,utexb3016_scaffold_22_g910.t1,1
16:,utexb3016_scaffold_22_g939.t1,1
16:,utexb3016_scaffold_22_g981.t1,1
16:,utexb3016_scaffold_7_g185.t1,1
16:,utexb3016_scaffold_7_g346.t1,1
17:,utex2526_scaffold_15_g286.t1,1
17:,utex2526_scaffold_15_g430.t1,1
17:,utex395_scaffold_2_g59.t1,1
17:,utex395_scaffold_24_g863.t1,1
17:,utex395_scaffold_20_g45.t1,1
17:,utex395_scaffold_20_g857.t1,1
17:,utex395_scaffold_23_g390.t1,1
17:,utex395_scaffold_24_g286.t1,1
17:,utex395_scaffold_24_g516.t1,1
17:,utex395_scaffold_24_g613.t1,1
17:,utex395_scaffold_24_g727.t1,1
17:,utex395_scaffold_25_g1036.t1,1
17:,utex395_scaffold_20_g209.t1,1
17:,utex395_scaffold_25_g314.t1,1
17:,utex395_scaffold_25_g408.t1,1
17:,utex395_scaffold_25_g558.t1,1
17:,utex395_scaffold_25_g726.t1,1
17:,utex395_scaffold_2_g158.t1,1
17:,utex395_scaffold_2_g192.t1,1
17:,utex395_scaffold_2_g253.t1,1
17:,utex395_scaffold_20_g282.t1,1
17:,utex395_scaffold_20_g161.t1,1
17:,utex2526_scaffold_15_g433.t1,1
17:,utex2526_scaffold_23_g110.t1,1
17:,utex2526_scaffold_15_g518.t1,1
17:,utex2526_scaffold_15_g592.t1,1
17:,utex2526_scaffold_15_g625.t1,1
17:,utex2526_scaffold_15_g809.t1,1
17:,utex2526_scaffold_15_g816.t1,1
17:,utex2526_scaffold_1_g22.t1,1
17:,utex2526_scaffold_22_g35.t1,1
17:,utex395_scaffold_17_g114.t1,1
17:,utex395_scaffold_1_g58.t1,1
17:,utex395_scaffold_18_g134.t1,1
17:,utex395_scaffold_18_g260.t1,1
17:,utex395_scaffold_18_g505.t1,1
17:,utex395_scaffold_18_g561.t1,1
17:,utex395_scaffold_18_g669.t1,1
17:,utex395_scaffold_1_g172.t1,1
17:,utex395_scaffold_1_g306.t1,1
16:,utexb3016_scaffold_21_g793.t1,1
16:,utexb3016_scaffold_21_g509.t1,1
16:,utexb3016_scaffold_21_g1383.t1,1
16:,utex395_scaffold_25_g1031.t1,1
16:,utex395_scaffold_20_g852.t1,1
16:,utex395_scaffold_23_g377.t1,1
16:,utex395_scaffold_24_g281.t1,1
16:,utex395_scaffold_24_g515.t1,1
16:,utex395_scaffold_24_g612.t1,1
16:,utex395_scaffold_24_g726.t1,1
16:,utex395_scaffold_24_g849.t1,1
16:,utex395_scaffold_25_g1172.t1,1
16:,utex395_scaffold_20_g281.t1,1
16:,utex395_scaffold_25_g312.t1,1
16:,utex395_scaffold_25_g400.t1,1
16:,utex395_scaffold_25_g557.t1,1
16:,utex395_scaffold_25_g725.t1,1
16:,utex395_scaffold_2_g156.t1,1
16:,utex395_scaffold_2_g191.t1,1
16:,utex395_scaffold_2_g225.t1,1
16:,utex395_scaffold_20_g44.t1,1
16:,utex395_scaffold_20_g207.t1,1
16:,utexb3016_scaffold_21_g1262.t1,1
16:,utex395_scaffold_18_g131.t1,1
16:,utex2526_scaffold_15_g815.t1,1
16:,utex2526_scaffold_15_g99.t1,1
16:,utex2526_scaffold_1_g21.t1,1
16:,utex2526_scaffold_22_g34.t1,1
16:,utex2526_scaffold_23_g109.t1,1
16:,utex395_scaffold_15_g476.t1,1
16:,utex395_scaffold_17_g102.t1,1
16:,utex395_scaffold_18_g224.t1,1
16:,utex395_scaffold_20_g160.t1,1
16:,utex395_scaffold_18_g259.t1,1
16:,utex395_scaffold_18_g503.t1,1
16:,utex395_scaffold_18_g556.t1,1
16:,utex395_scaffold_18_g667.t1,1
16:,utex395_scaffold_1_g171.t1,1
16:,utex395_scaffold_1_g303.t1,1
16:,utex395_scaffold_1_g55.t1,1
16:,utex395_scaffold_2_g247.t1,1
16:,utex395_scaffold_2_g339.t1,1
16:,utex395_scaffold_2_g522.t1,1
16:,utexb3016_scaffold_17_g932.t1,1
16:,utexb3016_scaffold_16_g405.t1,1
16:,utexb3016_scaffold_16_g629.t1,1
16:,utexb3016_scaffold_16_g783.t1,1
16:,utexb3016_scaffold_16_g916.t1,1
16:,utexb3016_scaffold_17_g204.t1,1
16:,utexb3016_scaffold_17_g744.t1,1
16:,utexb3016_scaffold_17_g874.t1,1
16:,utexb3016_scaffold_18_g348.t1,1
16:,utex395_scaffold_2_g57.t1,1
16:,utexb3016_scaffold_18_g781.t1,1
16:,utexb3016_scaffold_20_g142.t1,1
16:,utexb3016_scaffold_20_g271.t1,1
16:,utexb3016_scaffold_20_g530.t1,1
16:,utexb3016_scaffold_21_g1096.t1,1
16:,utexb3016_scaffold_21_g120.t1,1
16:,utexb3016_scaffold_21_g1230.t1,1
16:,utexb3016_scaffold_16_g328.t1,1
16:,utexb3016_scaffold_16_g246.t1,1
16:,utexb3016_scaffold_15_g777.t1,1
16:,utexb3016_scaffold_15_g584.t1,1
16:,utex395_scaffold_2_g74.t1,1
16:,utexb3016_scaffold_10_g187.t1,1
16:,utexb3016_scaffold_10_g354.t1,1
16:,utexb3016_scaffold_10_g520.t1,1
16:,utexb3016_scaffold_10_g83.t1,1
16:,utexb3016_scaffold_12_g332.t1,1
16:,utexb3016_scaffold_12_g446.t1,1
16:,utexb3016_scaffold_12_g628.t1,1
16:,utexb3016_scaffold_13_g134.t1,1
16:,utexb3016_scaffold_13_g26.t1,1
16:,utexb3016_scaffold_14_g138.t1,1
16:,utexb3016_scaffold_14_g80.t1,1
16:,utexb3016_scaffold_15_g312.t1,1
16:,utexb3016_scaffold_15_g366.t1,1
16:,utexb3016_scaffold_15_g459.t1,1
17:,utex395_scaffold_2_g340.t1,1
17:,utex395_scaffold_2_g75.t1,1
19:,utex2526_scaffold_10_g640.t1,1
18:,utexb3016_scaffold_10_g194.t1,1
18:,utex395_scaffold_25_g735.t1,1
18:,utex395_scaffold_2_g159.t1,1
18:,utex395_scaffold_2_g193.t1,1
18:,utex395_scaffold_2_g255.t1,1
18:,utex395_scaffold_2_g341.t1,1
18:,utex395_scaffold_2_g62.t1,1
18:,utex395_scaffold_2_g76.t1,1
18:,utexb3016_scaffold_10_g360.t1,1
18:,utex395_scaffold_25_g316.t1,1
18:,utexb3016_scaffold_10_g522.t1,1
18:,utexb3016_scaffold_10_g91.t1,1
18:,utexb3016_scaffold_12_g335.t1,1
18:,utexb3016_scaffold_12_g448.t1,1
18:,utexb3016_scaffold_12_g636.t1,1
18:,utexb3016_scaffold_13_g138.t1,1
18:,utexb3016_scaffold_14_g153.t1,1
18:,utex395_scaffold_25_g560.t1,1
18:,utex395_scaffold_25_g1039.t1,1
18:,utexb3016_scaffold_15_g315.t1,1
18:,utex395_scaffold_20_g213.t1,1
18:,utex395_scaffold_18_g263.t1,1
18:,utex395_scaffold_18_g512.t1,1
18:,utex395_scaffold_18_g670.t1,1
18:,utex395_scaffold_1_g176.t1,1
18:,utex395_scaffold_1_g307.t1,1
18:,utex395_scaffold_1_g59.t1,1
18:,utex395_scaffold_20_g162.t1,1
18:,utex395_scaffold_20_g295.t1,1
18:,utex395_scaffold_24_g864.t1,1
18:,utex395_scaffold_20_g46.t1,1
18:,utex395_scaffold_20_g859.t1,1
18:,utex395_scaffold_23_g399.t1,1
18:,utex395_scaffold_24_g288.t1,1
18:,utex395_scaffold_24_g535.t1,1
18:,utex395_scaffold_24_g615.t1,1
18:,utex395_scaffold_24_g728.t1,1
18:,utexb3016_scaffold_14_g83.t1,1
18:,utexb3016_scaffold_15_g368.t1,1
17:,utexb3016_scaffold_10_g193.t1,1
18:,utexb3016_scaffold_22_g121.t1,1
18:,utexb3016_scaffold_21_g1402.t1,1
18:,utexb3016_scaffold_21_g512.t1,1
18:,utexb3016_scaffold_21_g801.t1,1
18:,utexb3016_scaffold_21_g804.t1,1
18:,utexb3016_scaffold_21_g879.t1,1
18:,utexb3016_scaffold_22_g1139.t1,1
18:,utexb3016_scaffold_22_g1171.t1,1
18:,utexb3016_scaffold_22_g330.t1,1
18:,utexb3016_scaffold_21_g124.t1,1
18:,utexb3016_scaffold_22_g36.t1,1
18:,utexb3016_scaffold_22_g363.t1,1
18:,utexb3016_scaffold_22_g692.t1,1
18:,utexb3016_scaffold_22_g912.t1,1
18:,utexb3016_scaffold_22_g984.t1,1
18:,utexb3016_scaffold_7_g194.t1,1
19:,utex2526_scaffold_10_g175.t1,1
18:,utexb3016_scaffold_21_g1282.t1,1
18:,utexb3016_scaffold_21_g116.t1,1
18:,utexb3016_scaffold_15_g476.t1,1
18:,utexb3016_scaffold_17_g214.t1,1
18:,utexb3016_scaffold_15_g586.t1,1
18:,utexb3016_scaffold_16_g248.t1,1
18:,utexb3016_scaffold_16_g331.t1,1
18:,utexb3016_scaffold_16_g407.t1,1
18:,utexb3016_scaffold_16_g631.t1,1
18:,utexb3016_scaffold_16_g800.t1,1
18:,utexb3016_scaffold_16_g923.t1,1
18:,utexb3016_scaffold_17_g752.t1,1
18:,utexb3016_scaffold_21_g1111.t1,1
18:,utexb3016_scaffold_17_g881.t1,1
18:,utexb3016_scaffold_17_g935.t1,1
18:,utexb3016_scaffold_18_g181.t1,1
18:,utexb3016_scaffold_18_g783.t1,1
18:,utexb3016_scaffold_20_g151.t1,1
18:,utexb3016_scaffold_20_g273.t1,1
18:,utexb3016_scaffold_20_g534.t1,1
18:,utex395_scaffold_18_g135.t1,1
18:,utex395_scaffold_17_g115.t1,1
18:,utex2526_scaffold_23_g111.t1,1
17:,utexb3016_scaffold_20_g533.t1,1
17:,utexb3016_scaffold_17_g750.t1,1
17:,utexb3016_scaffold_17_g875.t1,1
17:,utexb3016_scaffold_17_g933.t1,1
17:,utexb3016_scaffold_18_g177.t1,1
17:,utexb3016_scaffold_18_g782.t1,1
17:,utexb3016_scaffold_20_g147.t1,1
17:,utexb3016_scaffold_20_g272.t1,1
17:,utexb3016_scaffold_21_g1110.t1,1
17:,utexb3016_scaffold_16_g922.t1,1
17:,utexb3016_scaffold_21_g113.t1,1
17:,utexb3016_scaffold_21_g121.t1,1
17:,utexb3016_scaffold_21_g1263.t1,1
17:,utexb3016_scaffold_21_g1385.t1,1
17:,utexb3016_scaffold_21_g511.t1,1
17:,utexb3016_scaffold_21_g794.t1,1
17:,utexb3016_scaffold_21_g795.t1,1
17:,utexb3016_scaffold_17_g207.t1,1
17:,utexb3016_scaffold_16_g789.t1,1
18:,utex2526_scaffold_1_g23.t1,1
17:,utexb3016_scaffold_14_g82.t1,1
17:,utexb3016_scaffold_10_g286.t1,1
17:,utexb3016_scaffold_10_g355.t1,1
17:,utexb3016_scaffold_10_g521.t1,1
17:,utexb3016_scaffold_12_g334.t1,1
17:,utexb3016_scaffold_12_g447.t1,1
17:,utexb3016_scaffold_12_g633.t1,1
17:,utexb3016_scaffold_13_g137.t1,1
17:,utexb3016_scaffold_15_g314.t1,1
17:,utexb3016_scaffold_16_g630.t1,1
17:,utexb3016_scaffold_15_g367.t1,1
17:,utexb3016_scaffold_15_g473.t1,1
17:,utexb3016_scaffold_15_g585.t1,1
17:,utexb3016_scaffold_15_g779.t1,1
17:,utexb3016_scaffold_16_g247.t1,1
17:,utexb3016_scaffold_16_g330.t1,1
17:,utexb3016_scaffold_16_g406.t1,1
17:,utexb3016_scaffold_21_g878.t1,1
17:,utexb3016_scaffold_22_g1105.t1,1
17:,utexb3016_scaffold_22_g1138.t1,1
18:,utex2526_scaffold_15_g267.t1,1
18:,utex2526_scaffold_14_g315.t1,1
18:,utex2526_scaffold_14_g326.t1,1
18:,utex2526_scaffold_14_g416.t1,1
18:,utex2526_scaffold_14_g81.t1,1
18:,utex2526_scaffold_14_g98.t1,1
18:,utex2526_scaffold_15_g201.t1,1
18:,utex2526_scaffold_15_g202.t1,1
18:,utex2526_scaffold_15_g287.t1,1
17:,utexb3016_scaffold_22_g1163.t1,1
18:,utex2526_scaffold_15_g361.t1,1
18:,utex2526_scaffold_15_g433.t1,1
18:,utex2526_scaffold_15_g521.t1,1
18:,utex2526_scaffold_15_g593.t1,1
18:,utex2526_scaffold_15_g626.t1,1
18:,utex2526_scaffold_15_g812.t1,1
18:,utex2526_scaffold_15_g817.t1,1
18:,utex2526_scaffold_13_g94.t1,1
18:,utex2526_scaffold_12_g516.t1,1
18:,utex2526_scaffold_12_g491.t1,1
18:,utex2526_scaffold_12_g418.t1,1
17:,utexb3016_scaffold_22_g119.t1,1
17:,utexb3016_scaffold_22_g329.t1,1
17:,utexb3016_scaffold_22_g35.t1,1
17:,utexb3016_scaffold_22_g360.t1,1
17:,utexb3016_scaffold_22_g691.t1,1
17:,utexb3016_scaffold_22_g911.t1,1
17:,utexb3016_scaffold_22_g983.t1,1
17:,utexb3016_scaffold_7_g192.t1,1
18:,utex2526_scaffold_10_g171.t1,1
18:,utex2526_scaffold_10_g639.t1,1
18:,utex2526_scaffold_10_g660.t1,1
18:,utex2526_scaffold_10_g691.t1,1
18:,utex2526_scaffold_11_g27.t1,1
18:,utex2526_scaffold_11_g65.t1,1
18:,utex2526_scaffold_12_g403.t1,1
12:,utex395_scaffold_18_g551.t1,1
12:,utex395_scaffold_18_g485.t1,1
12:,utex395_scaffold_18_g441.t1,1
0:,utexb3016_scaffold_14_g15.t1,1
0:,utexb3016_scaffold_13_g241.t1,1
0:,utexb3016_scaffold_13_g243.t1,1
0:,utexb3016_scaffold_13_g38.t1,1
0:,utexb3016_scaffold_13_g6.t1,1
0:,utexb3016_scaffold_13_g73.t1,1
0:,utexb3016_scaffold_13_g81.t1,1
0:,utexb3016_scaffold_14_g137.t1,1
0:,utexb3016_scaffold_14_g31.t1,1
0:,utexb3016_scaffold_13_g140.t1,1
0:,utexb3016_scaffold_14_g55.t1,1
0:,utexb3016_scaffold_14_g92.t1,1
0:,utexb3016_scaffold_14_g93.t1,1
0:,utexb3016_scaffold_15_g116.t1,1
0:,utexb3016_scaffold_15_g136.t1,1
0:,utexb3016_scaffold_15_g159.t1,1
0:,utexb3016_scaffold_15_g218.t1,1
0:,utexb3016_scaffold_13_g175.t1,1
0:,utexb3016_scaffold_12_g9.t1,1
0:,utexb3016_scaffold_15_g325.t1,1
0:,utexb3016_scaffold_12_g33.t1,1
0:,utexb3016_scaffold_12_g115.t1,1
0:,utexb3016_scaffold_12_g142.t1,1
0:,utexb3016_scaffold_12_g160.t1,1
0:,utexb3016_scaffold_12_g204.t1,1
0:,utexb3016_scaffold_12_g239.t1,1
0:,utexb3016_scaffold_12_g267.t1,1
0:,utexb3016_scaffold_12_g293.t1,1
0:,utexb3016_scaffold_12_g391.t1,1
0:,utexb3016_scaffold_12_g723.t1,1
0:,utexb3016_scaffold_12_g394.t1,1
0:,utexb3016_scaffold_12_g484.t1,1
0:,utexb3016_scaffold_12_g507.t1,1
0:,utexb3016_scaffold_12_g539.t1,1
0:,utexb3016_scaffold_12_g576.t1,1
0:,utexb3016_scaffold_12_g675.t1,1
0:,utexb3016_scaffold_12_g70.t1,1
0:,utexb3016_scaffold_15_g282.t1,1
0:,utexb3016_scaffold_15_g361.t1,1
0:,utexb3016_scaffold_10_g765.t1,1
0:,utexb3016_scaffold_16_g783.t1,1
0:,utexb3016_scaffold_16_g515.t1,1
0:,utexb3016_scaffold_16_g536.t1,1
0:,utexb3016_scaffold_16_g548.t1,1
0:,utexb3016_scaffold_16_g594.t1,1
0:,utexb3016_scaffold_16_g595.t1,1
0:,utexb3016_scaffold_16_g67.t1,1
0:,utexb3016_scaffold_16_g717.t1,1
0:,utexb3016_scaffold_16_g805.t1,1
0:,utexb3016_scaffold_16_g367.t1,1
0:,utexb3016_scaffold_16_g852.t1,1
0:,utexb3016_scaffold_16_g947.t1,1
0:,utexb3016_scaffold_16_g99.t1,1
0:,utexb3016_scaffold_17_g103.t1,1
0:,utexb3016_scaffold_17_g168.t1,1
0:,utexb3016_scaffold_17_g202.t1,1
0:,utexb3016_scaffold_17_g204.t1,1
0:,utexb3016_scaffold_16_g466.t1,1
0:,utexb3016_scaffold_16_g30.t1,1
0:,utexb3016_scaffold_15_g398.t1,1
0:,utexb3016_scaffold_15_g645.t1,1
0:,utexb3016_scaffold_15_g404.t1,1
0:,utexb3016_scaffold_15_g410.t1,1
0:,utexb3016_scaffold_15_g418.t1,1
0:,utexb3016_scaffold_15_g508.t1,1
0:,utexb3016_scaffold_15_g533.t1,1
0:,utexb3016_scaffold_15_g603.t1,1
0:,utexb3016_scaffold_15_g619.t1,1
0:,utexb3016_scaffold_15_g653.t1,1
0:,utexb3016_scaffold_16_g283.t1,1
0:,utexb3016_scaffold_15_g715.t1,1
0:,utexb3016_scaffold_15_g89.t1,1
0:,utexb3016_scaffold_16_g1.t1,1
0:,utexb3016_scaffold_16_g128.t1,1
0:,utexb3016_scaffold_16_g162.t1,1
0:,utexb3016_scaffold_16_g168.t1,1
0:,utexb3016_scaffold_16_g210.t1,1
0:,utexb3016_scaffold_10_g771.t1,1
0:,utexb3016_scaffold_10_g736.t1,1
0:,utexb3016_scaffold_22_g604.t1,1
0:,utex395_scaffold_25_g839.t1,1
0:,utex395_scaffold_25_g649.t1,1
0:,utex395_scaffold_25_g683.t1,1
0:,utex395_scaffold_25_g711.t1,1
0:,utex395_scaffold_25_g754.t1,1
0:,utex395_scaffold_25_g785.t1,1
0:,utex395_scaffold_25_g801.t1,1
0:,utex395_scaffold_25_g815.t1,1
0:,utex395_scaffold_25_g85.t1,1
0:,utex395_scaffold_25_g60.t1,1
0:,utex395_scaffold_25_g874.t1,1
0:,utex395_scaffold_25_g893.t1,1
0:,utex395_scaffold_25_g894.t1,1
0:,utex395_scaffold_25_g904.t1,1
0:,utex395_scaffold_2_g104.t1,1
0:,utex395_scaffold_2_g120.t1,1
0:,utex395_scaffold_2_g145.t1,1
0:,utex395_scaffold_25_g612.t1,1
0:,utex395_scaffold_25_g6.t1,1
0:,utex395_scaffold_2_g198.t1,1
0:,utex395_scaffold_25_g195.t1,1
0:,utex395_scaffold_25_g1161.t1,1
0:,utex395_scaffold_25_g121.t1,1
0:,utex395_scaffold_25_g1218.t1,1
0:,utex395_scaffold_25_g1280.t1,1
0:,utex395_scaffold_25_g1311.t1,1
0:,utex395_scaffold_25_g1376.t1,1
0:,utex395_scaffold_25_g182.t1,1
0:,utex395_scaffold_25_g240.t1,1
0:,utex395_scaffold_25_g585.t1,1
0:,utex395_scaffold_25_g270.t1,1
0:,utex395_scaffold_25_g281.t1,1
0:,utex395_scaffold_25_g329.t1,1
0:,utex395_scaffold_25_g471.t1,1
0:,utex395_scaffold_25_g495.t1,1
0:,utex395_scaffold_25_g513.t1,1
0:,utex395_scaffold_25_g569.t1,1
0:,utex395_scaffold_2_g190.t1,1
0:,utex395_scaffold_2_g20.t1,1
0:,utexb3016_scaffold_10_g7.t1,1
0:,utexb3016_scaffold_10_g43.t1,1
0:,utexb3016_scaffold_10_g250.t1,1
0:,utexb3016_scaffold_10_g278.t1,1
0:,utexb3016_scaffold_10_g283.t1,1
0:,utexb3016_scaffold_10_g289.t1,1
0:,utexb3016_scaffold_10_g314.t1,1
0:,utexb3016_scaffold_10_g33.t1,1
0:,utexb3016_scaffold_10_g42.t1,1
0:,utexb3016_scaffold_10_g436.t1,1
0:,utexb3016_scaffold_10_g219.t1,1
0:,utexb3016_scaffold_10_g441.t1,1
0:,utexb3016_scaffold_10_g461.t1,1
0:,utexb3016_scaffold_10_g526.t1,1
0:,utexb3016_scaffold_10_g575.t1,1
0:,utexb3016_scaffold_10_g631.t1,1
0:,utexb3016_scaffold_10_g686.t1,1
0:,utexb3016_scaffold_10_g695.t1,1
0:,utexb3016_scaffold_10_g242.t1,1
0:,utexb3016_scaffold_10_g218.t1,1
0:,utex395_scaffold_2_g229.t1,1
0:,utex395_scaffold_2_g384.t1,1
0:,utex395_scaffold_2_g249.t1,1
0:,utex395_scaffold_2_g253.t1,1
0:,utex395_scaffold_2_g278.t1,1
0:,utex395_scaffold_2_g30.t1,1
0:,utex395_scaffold_2_g337.t1,1
0:,utex395_scaffold_2_g351.t1,1
0:,utex395_scaffold_2_g364.t1,1
0:,utex395_scaffold_2_g385.t1,1
0:,utexb3016_scaffold_10_g155.t1,1
0:,utex395_scaffold_2_g4.t1,1
0:,utex395_scaffold_2_g428.t1,1
0:,utex395_scaffold_2_g487.t1,1
0:,utex395_scaffold_2_g6.t1,1
0:,utex395_scaffold_3_g89.t1,1
0:,utex395_scaffold_4_g380.t1,1
0:,utex395_scaffold_4_g440.t1,1
0:,utexb3016_scaffold_17_g232.t1,1
0:,utexb3016_scaffold_17_g238.t1,1
0:,utexb3016_scaffold_17_g250.t1,1
0:,utexb3016_scaffold_21_g764.t1,1
0:,utexb3016_scaffold_21_g464.t1,1
0:,utexb3016_scaffold_21_g543.t1,1
0:,utexb3016_scaffold_21_g554.t1,1
0:,utexb3016_scaffold_21_g573.t1,1
0:,utexb3016_scaffold_21_g651.t1,1
0:,utexb3016_scaffold_21_g694.t1,1
0:,utexb3016_scaffold_21_g70.t1,1
0:,utexb3016_scaffold_21_g795.t1,1
0:,utexb3016_scaffold_21_g397.t1,1
0:,utexb3016_scaffold_21_g802.t1,1
0:,utexb3016_scaffold_21_g832.t1,1
0:,utexb3016_scaffold_21_g833.t1,1
0:,utexb3016_scaffold_21_g84.t1,1
0:,utexb3016_scaffold_21_g851.t1,1
0:,utexb3016_scaffold_21_g858.t1,1
0:,utexb3016_scaffold_21_g879.t1,1
0:,utexb3016_scaffold_21_g437.t1,1
0:,utexb3016_scaffold_21_g387.t1,1
0:,utexb3016_scaffold_21_g901.t1,1
0:,utexb3016_scaffold_21_g1381.t1,1
0:,utexb3016_scaffold_21_g1233.t1,1
0:,utexb3016_scaffold_21_g124.t1,1
0:,utexb3016_scaffold_21_g1251.t1,1
0:,utexb3016_scaffold_21_g1276.t1,1
0:,utexb3016_scaffold_21_g1285.t1,1
0:,utexb3016_scaffold_21_g1303.t1,1
0:,utexb3016_scaffold_21_g1345.t1,1
0:,utexb3016_scaffold_21_g203.t1,1
0:,utexb3016_scaffold_21_g340.t1,1
0:,utexb3016_scaffold_21_g230.t1,1
0:,utexb3016_scaffold_21_g236.t1,1
0:,utexb3016_scaffold_21_g242.t1,1
0:,utexb3016_scaffold_21_g270.t1,1
0:,utexb3016_scaffold_21_g3.t1,1
0:,utexb3016_scaffold_21_g316.t1,1
0:,utexb3016_scaffold_21_g336.t1,1
0:,utexb3016_scaffold_21_g887.t1,1
0:,utexb3016_scaffold_21_g921.t1,1
0:,utexb3016_scaffold_17_g251.t1,1
0:,utexb3016_scaffold_22_g369.t1,1
0:,utexb3016_scaffold_22_g219.t1,1
0:,utexb3016_scaffold_22_g238.t1,1
0:,utexb3016_scaffold_22_g264.t1,1
0:,utexb3016_scaffold_22_g296.t1,1
0:,utexb3016_scaffold_22_g3.t1,1
0:,utexb3016_scaffold_22_g320.t1,1
0:,utexb3016_scaffold_22_g338.t1,1
0:,utexb3016_scaffold_22_g416.t1,1
0:,utexb3016_scaffold_22_g212.t1,1
0:,utexb3016_scaffold_22_g471.t1,1
0:,utexb3016_scaffold_22_g478.t1,1
0:,utexb3016_scaffold_22_g525.t1,1
0:,utexb3016_scaffold_22_g537.t1,1
0:,utexb3016_scaffold_22_g55.t1,1
0:,utexb3016_scaffold_22_g552.t1,1
0:,utexb3016_scaffold_22_g555.t1,1
0:,utexb3016_scaffold_22_g218.t1,1
0:,utexb3016_scaffold_22_g205.t1,1
0:,utexb3016_scaffold_21_g937.t1,1
0:,utexb3016_scaffold_22_g1200.t1,1
0:,utexb3016_scaffold_21_g943.t1,1
0:,utexb3016_scaffold_22_g1024.t1,1
0:,utexb3016_scaffold_22_g1040.t1,1
0:,utexb3016_scaffold_22_g1089.t1,1
0:,utexb3016_scaffold_22_g1090.t1,1
0:,utexb3016_scaffold_22_g1113.t1,1
0:,utexb3016_scaffold_22_g1133.t1,1
0:,utexb3016_scaffold_22_g1201.t1,1
0:,utexb3016_scaffold_22_g183.t1,1
0:,utexb3016_scaffold_22_g1234.t1,1
0:,utexb3016_scaffold_22_g1269.t1,1
0:,utexb3016_scaffold_22_g1273.t1,1
0:,utexb3016_scaffold_22_g1328.t1,1
0:,utexb3016_scaffold_22_g1359.t1,1
0:,utexb3016_scaffold_22_g1477.t1,1
0:,utexb3016_scaffold_22_g168.t1,1
0:,utexb3016_scaffold_21_g1160.t1,1
0:,utexb3016_scaffold_21_g1147.t1,1
0:,utexb3016_scaffold_21_g1082.t1,1
0:,utexb3016_scaffold_17_g814.t1,1
0:,utexb3016_scaffold_17_g637.t1,1
0:,utexb3016_scaffold_17_g641.t1,1
0:,utexb3016_scaffold_17_g671.t1,1
0:,utexb3016_scaffold_17_g719.t1,1
0:,utexb3016_scaffold_17_g802.t1,1
0:,utexb3016_scaffold_17_g803.t1,1
0:,utexb3016_scaffold_17_g806.t1,1
0:,utexb3016_scaffold_17_g850.t1,1
0:,utexb3016_scaffold_17_g622.t1,1
0:,utexb3016_scaffold_17_g869.t1,1
0:,utexb3016_scaffold_17_g891.t1,1
0:,utexb3016_scaffold_18_g109.t1,1
0:,utexb3016_scaffold_18_g181.t1,1
0:,utexb3016_scaffold_18_g194.t1,1
0:,utexb3016_scaffold_18_g2.t1,1
0:,utexb3016_scaffold_18_g211.t1,1
0:,utexb3016_scaffold_17_g623.t1,1
0:,utexb3016_scaffold_17_g617.t1,1
0:,utexb3016_scaffold_21_g1019.t1,1
0:,utexb3016_scaffold_17_g466.t1,1
0:,utexb3016_scaffold_17_g286.t1,1
0:,utexb3016_scaffold_17_g305.t1,1
0:,utexb3016_scaffold_17_g338.t1,1
0:,utexb3016_scaffold_17_g365.t1,1
0:,utexb3016_scaffold_17_g381.t1,1
0:,utexb3016_scaffold_17_g407.t1,1
0:,utexb3016_scaffold_17_g411.t1,1
0:,utexb3016_scaffold_17_g495.t1,1
0:,utexb3016_scaffold_17_g604.t1,1
0:,utexb3016_scaffold_17_g500.t1,1
0:,utexb3016_scaffold_17_g507.t1,1
0:,utexb3016_scaffold_17_g510.t1,1
0:,utexb3016_scaffold_17_g52.t1,1
0:,utexb3016_scaffold_17_g528.t1,1
0:,utexb3016_scaffold_17_g531.t1,1
0:,utexb3016_scaffold_17_g536.t1,1
0:,utexb3016_scaffold_18_g24.t1,1
0:,utexb3016_scaffold_18_g242.t1,1
0:,utexb3016_scaffold_18_g311.t1,1
0:,utexb3016_scaffold_20_g41.t1,1
0:,utexb3016_scaffold_20_g187.t1,1
0:,utexb3016_scaffold_20_g2.t1,1
0:,utexb3016_scaffold_20_g206.t1,1
0:,utexb3016_scaffold_20_g348.t1,1
0:,utexb3016_scaffold_20_g368.t1,1
0:,utexb3016_scaffold_20_g401.t1,1
0:,utexb3016_scaffold_20_g409.t1,1
0:,utexb3016_scaffold_20_g442.t1,1
0:,utexb3016_scaffold_18_g375.t1,1
0:,utexb3016_scaffold_20_g484.t1,1
0:,utexb3016_scaffold_20_g493.t1,1
0:,utexb3016_scaffold_20_g87.t1,1
0:,utexb3016_scaffold_21_g10.t1,1
0:,utexb3016_scaffold_21_g1000.t1,1
0:,utexb3016_scaffold_21_g1007.t1,1
0:,utexb3016_scaffold_21_g1015.t1,1
0:,utexb3016_scaffold_20_g122.t1,1
0:,utexb3016_scaffold_20_g102.t1,1
0:,utexb3016_scaffold_19_g1362.t1,1
0:,utexb3016_scaffold_18_g852.t1,1
0:,utexb3016_scaffold_18_g378.t1,1
0:,utexb3016_scaffold_18_g448.t1,1
0:,utexb3016_scaffold_18_g479.t1,1
0:,utexb3016_scaffold_18_g509.t1,1
0:,utexb3016_scaffold_18_g551.t1,1
0:,utexb3016_scaffold_18_g596.t1,1
0:,utexb3016_scaffold_18_g611.t1,1
0:,utexb3016_scaffold_18_g650.t1,1
0:,utexb3016_scaffold_18_g71.t1,1
0:,utexb3016_scaffold_18_g713.t1,1
0:,utexb3016_scaffold_18_g720.t1,1
0:,utexb3016_scaffold_18_g738.t1,1
0:,utexb3016_scaffold_18_g760.t1,1
0:,utexb3016_scaffold_18_g82.t1,1
0:,utexb3016_scaffold_18_g821.t1,1
0:,utex395_scaffold_25_g1146.t1,1
0:,utex395_scaffold_25_g1107.t1,1
0:,utex395_scaffold_25_g1105.t1,1
0:,utex2526_scaffold_15_g225.t1,1
0:,utex2526_scaffold_15_g1118.t1,1
0:,utex2526_scaffold_15_g1142.t1,1
0:,utex2526_scaffold_15_g1193.t1,1
0:,utex2526_scaffold_15_g137.t1,1
0:,utex2526_scaffold_15_g144.t1,1
0:,utex2526_scaffold_15_g153.t1,1
0:,utex2526_scaffold_15_g213.t1,1
0:,utex2526_scaffold_15_g226.t1,1
0:,utex2526_scaffold_15_g1036.t1,1
0:,utex2526_scaffold_15_g255.t1,1
0:,utex2526_scaffold_15_g266.t1,1
0:,utex2526_scaffold_15_g281.t1,1
0:,utex2526_scaffold_15_g306.t1,1
0:,utex2526_scaffold_15_g324.t1,1
0:,utex2526_scaffold_15_g396.t1,1
0:,utex2526_scaffold_15_g441.t1,1
0:,utex2526_scaffold_15_g109.t1,1
0:,utex2526_scaffold_15_g1021.t1,1
0:,utex2526_scaffold_15_g492.t1,1
0:,utex2526_scaffold_14_g410.t1,1
0:,utex2526_scaffold_14_g289.t1,1
0:,utex2526_scaffold_14_g292.t1,1
0:,utex2526_scaffold_14_g348.t1,1
0:,utex2526_scaffold_14_g357.t1,1
0:,utex2526_scaffold_14_g375.t1,1
0:,utex2526_scaffold_14_g387.t1,1
0:,utex2526_scaffold_14_g401.t1,1
0:,utex2526_scaffold_14_g460.t1,1
0:,utex2526_scaffold_15_g1008.t1,1
0:,utex2526_scaffold_14_g473.t1,1
0:,utex2526_scaffold_14_g49.t1,1
0:,utex2526_scaffold_14_g490.t1,1
0:,utex2526_scaffold_14_g512.t1,1
0:,utex2526_scaffold_14_g513.t1,1
0:,utex2526_scaffold_14_g53.t1,1
0:,utex2526_scaffold_15_g1006.t1,1
0:,utex2526_scaffold_15_g460.t1,1
0:,utex2526_scaffold_15_g531.t1,1
0:,utex2526_scaffold_3_g25.t1,1
0:,utex2526_scaffold_25_g42.t1,1
0:,utex2526_scaffold_22_g1.t1,1
0:,utex2526_scaffold_22_g4.t1,1
0:,utex2526_scaffold_22_g6.t1,1
0:,utex2526_scaffold_23_g106.t1,1
0:,utex2526_scaffold_23_g5.t1,1
0:,utex2526_scaffold_23_g76.t1,1
0:,utex2526_scaffold_23_g77.t1,1
0:,utex2526_scaffold_27_g523.t1,1
0:,utex2526_scaffold_1_g1.t1,1
0:,utex2526_scaffold_27_g596.t1,1
0:,utex2526_scaffold_3_g1.t1,1
0:,utex2526_scaffold_3_g10.t1,1
0:,utex2526_scaffold_3_g121.t1,1
0:,utex2526_scaffold_3_g151.t1,1
0:,utex2526_scaffold_3_g169.t1,1
0:,utex2526_scaffold_3_g240.t1,1
0:,utex2526_scaffold_1_g13.t1,1
0:,utex2526_scaffold_19_g1.t1,1
0:,utex2526_scaffold_15_g533.t1,1
0:,utex2526_scaffold_15_g824.t1,1
0:,utex2526_scaffold_15_g558.t1,1
0:,utex2526_scaffold_15_g681.t1,1
0:,utex2526_scaffold_15_g704.t1,1
0:,utex2526_scaffold_15_g717.t1,1
0:,utex2526_scaffold_15_g731.t1,1
0:,utex2526_scaffold_15_g732.t1,1
0:,utex2526_scaffold_15_g764.t1,1
0:,utex2526_scaffold_15_g826.t1,1
0:,utex2526_scaffold_18_g1.t1,1
0:,utex2526_scaffold_15_g882.t1,1
0:,utex2526_scaffold_15_g889.t1,1
0:,utex2526_scaffold_15_g911.t1,1
0:,utex2526_scaffold_15_g920.t1,1
0:,utex2526_scaffold_15_g926.t1,1
0:,utex2526_scaffold_15_g958.t1,1
0:,utex2526_scaffold_15_g979.t1,1
0:,utex2526_scaffold_14_g271.t1,1
0:,utex2526_scaffold_14_g257.t1,1
0:,utex2526_scaffold_14_g24.t1,1
0:,utex2526_scaffold_12_g136.t1,1
0:,utex2526_scaffold_10_g709.t1,1
0:,utex2526_scaffold_10_g85.t1,1
0:,utex2526_scaffold_10_g94.t1,1
0:,utex2526_scaffold_11_g24.t1,1
0:,utex2526_scaffold_11_g5.t1,1
0:,utex2526_scaffold_11_g52.t1,1
0:,utex2526_scaffold_12_g116.t1,1
0:,utex2526_scaffold_12_g156.t1,1
0:,utex2526_scaffold_10_g658.t1,1
0:,utex2526_scaffold_12_g170.t1,1
0:,utex2526_scaffold_12_g172.t1,1
0:,utex2526_scaffold_12_g188.t1,1
0:,utex2526_scaffold_12_g191.t1,1
0:,utex2526_scaffold_12_g229.t1,1
0:,utex2526_scaffold_12_g237.t1,1
0:,utex2526_scaffold_12_g289.t1,1
0:,utex2526_scaffold_10_g696.t1,1
0:,utex2526_scaffold_10_g624.t1,1
0:,utex2526_scaffold_14_g228.t1,1
0:,utex2526_scaffold_10_g49.t1,1
0:,utex2526_scaffold_10_g27.t1,1
0:,utex2526_scaffold_10_g395.t1,1
0:,utex2526_scaffold_10_g432.t1,1
0:,utex2526_scaffold_10_g439.t1,1
0:,utex2526_scaffold_10_g442.t1,1
0:,utex2526_scaffold_10_g461.t1,1
0:,utex2526_scaffold_10_g483.t1,1
0:,utex2526_scaffold_10_g492.t1,1
0:,utex2526_scaffold_10_g590.t1,1
0:,utex2526_scaffold_10_g51.t1,1
0:,utex2526_scaffold_10_g524.t1,1
0:,utex2526_scaffold_10_g526.t1,1
0:,utex2526_scaffold_10_g541.t1,1
0:,utex2526_scaffold_10_g542.t1,1
0:,utex2526_scaffold_10_g555.t1,1
0:,utex2526_scaffold_10_g566.t1,1
0:,utex2526_scaffold_12_g290.t1,1
0:,utex2526_scaffold_12_g293.t1,1
0:,utex2526_scaffold_12_g314.t1,1
0:,utex2526_scaffold_13_g79.t1,1
0:,utex2526_scaffold_12_g718.t1,1
0:,utex2526_scaffold_13_g154.t1,1
0:,utex2526_scaffold_13_g16.t1,1
0:,utex2526_scaffold_13_g218.t1,1
0:,utex2526_scaffold_13_g239.t1,1
0:,utex2526_scaffold_13_g28.t1,1
0:,utex2526_scaffold_13_g52.t1,1
0:,utex2526_scaffold_14_g115.t1,1
0:,utex2526_scaffold_12_g326.t1,1
0:,utex2526_scaffold_14_g124.t1,1
0:,utex2526_scaffold_14_g134.t1,1
0:,utex2526_scaffold_14_g153.t1,1
0:,utex2526_scaffold_14_g164.t1,1
0:,utex2526_scaffold_14_g171.t1,1
0:,utex2526_scaffold_14_g182.t1,1
0:,utex2526_scaffold_14_g224.t1,1
0:,utex2526_scaffold_12_g697.t1,1
0:,utex2526_scaffold_12_g696.t1,1
0:,utex2526_scaffold_12_g68.t1,1
0:,utex2526_scaffold_12_g643.t1,1
0:,utex2526_scaffold_12_g33.t1,1
0:,utex2526_scaffold_12_g335.t1,1
0:,utex2526_scaffold_12_g343.t1,1
0:,utex2526_scaffold_12_g348.t1,1
0:,utex2526_scaffold_12_g354.t1,1
0:,utex2526_scaffold_12_g379.t1,1
0:,utex2526_scaffold_12_g419.t1,1
0:,utex2526_scaffold_12_g434.t1,1
0:,utex2526_scaffold_12_g460.t1,1
0:,utex2526_scaffold_12_g506.t1,1
0:,utex2526_scaffold_12_g546.t1,1
0:,utex2526_scaffold_12_g56.t1,1
0:,utex2526_scaffold_12_g564.t1,1
0:,utex2526_scaffold_12_g598.t1,1
0:,utex2526_scaffold_12_g601.t1,1
0:,utex2526_scaffold_3_g241.t1,1
0:,utex2526_scaffold_3_g264.t1,1
0:,utex395_scaffold_25_g105.t1,1
0:,utex395_scaffold_20_g650.t1,1
0:,utex395_scaffold_20_g260.t1,1
0:,utex395_scaffold_20_g370.t1,1
0:,utex395_scaffold_20_g5.t1,1
0:,utex395_scaffold_20_g510.t1,1
0:,utex395_scaffold_20_g535.t1,1
0:,utex395_scaffold_20_g57.t1,1
0:,utex395_scaffold_20_g602.t1,1
0:,utex395_scaffold_20_g705.t1,1
0:,utex395_scaffold_20_g185.t1,1
0:,utex395_scaffold_20_g737.t1,1
0:,utex395_scaffold_20_g761.t1,1
0:,utex395_scaffold_20_g773.t1,1
0:,utex395_scaffold_20_g794.t1,1
0:,utex395_scaffold_22_g391.t1,1
0:,utex395_scaffold_23_g135.t1,1
0:,utex395_scaffold_23_g164.t1,1
0:,utex395_scaffold_20_g24.t1,1
0:,utex395_scaffold_20_g141.t1,1
0:,utex395_scaffold_23_g213.t1,1
0:,utex395_scaffold_1_g409.t1,1
0:,utex395_scaffold_1_g256.t1,1
0:,utex395_scaffold_1_g26.t1,1
0:,utex395_scaffold_1_g308.t1,1
0:,utex395_scaffold_1_g333.t1,1
0:,utex395_scaffold_1_g354.t1,1
0:,utex395_scaffold_1_g368.t1,1
0:,utex395_scaffold_1_g391.t1,1
0:,utex395_scaffold_1_g438.t1,1
0:,utex395_scaffold_20_g108.t1,1
0:,utex395_scaffold_1_g466.t1,1
0:,utex395_scaffold_1_g5.t1,1
0:,utex395_scaffold_1_g62.t1,1
0:,utex395_scaffold_1_g66.t1,1
0:,utex395_scaffold_1_g8.t1,1
0:,utex395_scaffold_1_g93.t1,1
0:,utex395_scaffold_20_g101.t1,1
0:,utex395_scaffold_23_g2.t1,1
0:,utex395_scaffold_23_g234.t1,1
0:,utex2526_scaffold_3_g56.t1,1
0:,utex395_scaffold_24_g653.t1,1
0:,utex395_scaffold_24_g485.t1,1
0:,utex395_scaffold_24_g500.t1,1
0:,utex395_scaffold_24_g521.t1,1
0:,utex395_scaffold_24_g551.t1,1
0:,utex395_scaffold_24_g557.t1,1
0:,utex395_scaffold_24_g570.t1,1
0:,utex395_scaffold_24_g632.t1,1
0:,utex395_scaffold_24_g655.t1,1
0:,utex395_scaffold_24_g427.t1,1
0:,utex395_scaffold_24_g680.t1,1
0:,utex395_scaffold_24_g69.t1,1
0:,utex395_scaffold_24_g76.t1,1
0:,utex395_scaffold_24_g765.t1,1
0:,utex395_scaffold_24_g80.t1,1
0:,utex395_scaffold_24_g803.t1,1
0:,utex395_scaffold_24_g810.t1,1
0:,utex395_scaffold_24_g461.t1,1
0:,utex395_scaffold_24_g403.t1,1
0:,utex395_scaffold_23_g264.t1,1
0:,utex395_scaffold_24_g172.t1,1
0:,utex395_scaffold_23_g281.t1,1
0:,utex395_scaffold_23_g293.t1,1
0:,utex395_scaffold_23_g404.t1,1
0:,utex395_scaffold_23_g44.t1,1
0:,utex395_scaffold_23_g49.t1,1
0:,utex395_scaffold_23_g57.t1,1
0:,utex395_scaffold_24_g144.t1,1
0:,utex395_scaffold_24_g237.t1,1
0:,utex395_scaffold_24_g399.t1,1
0:,utex395_scaffold_24_g254.t1,1
0:,utex395_scaffold_24_g275.t1,1
0:,utex395_scaffold_24_g303.t1,1
0:,utex395_scaffold_24_g331.t1,1
0:,utex395_scaffold_24_g345.t1,1
0:,utex395_scaffold_24_g359.t1,1
0:,utex395_scaffold_24_g370.t1,1
0:,utex395_scaffold_1_g244.t1,1
0:,utex395_scaffold_1_g208.t1,1
0:,utex395_scaffold_1_g165.t1,1
0:,utex395_scaffold_17_g359.t1,1
0:,utex395_scaffold_17_g203.t1,1
0:,utex395_scaffold_17_g22.t1,1
0:,utex395_scaffold_17_g221.t1,1
0:,utex395_scaffold_17_g229.t1,1
0:,utex395_scaffold_17_g234.t1,1
0:,utex395_scaffold_17_g240.t1,1
0:,utex395_scaffold_17_g297.t1,1
0:,utex395_scaffold_17_g367.t1,1
0:,utex395_scaffold_17_g14.t1,1
0:,utex395_scaffold_17_g392.t1,1
0:,utex395_scaffold_17_g401.t1,1
0:,utex395_scaffold_17_g404.t1,1
0:,utex395_scaffold_17_g408.t1,1
0:,utex395_scaffold_17_g425.t1,1
0:,utex395_scaffold_17_g450.t1,1
0:,utex395_scaffold_17_g481.t1,1
0:,utex395_scaffold_17_g2.t1,1
0:,utex395_scaffold_16_g425.t1,1
0:,utex395_scaffold_1_g158.t1,1
0:,utex395_scaffold_12_g14.t1,1
0:,utex2526_scaffold_3_g67.t1,1
0:,utex2526_scaffold_3_g84.t1,1
0:,utex2526_scaffold_4_g4.t1,1
0:,utex2526_scaffold_4_g462.t1,1
0:,utex2526_scaffold_7_g311.t1,1
0:,utex2526_scaffold_7_g67.t1,1
0:,utex395_scaffold_12_g11.t1,1
0:,utex395_scaffold_12_g6.t1,1
0:,utex395_scaffold_15_g432.t1,1
0:,utex395_scaffold_13_g15.t1,1
0:,utex395_scaffold_13_g54.t1,1
0:,utex395_scaffold_13_g70.t1,1
0:,utex395_scaffold_15_g159.t1,1
0:,utex395_scaffold_15_g264.t1,1
0:,utex395_scaffold_15_g390.t1,1
0:,utex395_scaffold_15_g418.t1,1
0:,utex395_scaffold_17_g498.t1,1
0:,utex395_scaffold_17_g512.t1,1
0:,utex395_scaffold_17_g6.t1,1
0:,utex395_scaffold_18_g61.t1,1
0:,utex395_scaffold_18_g435.t1,1
0:,utex395_scaffold_18_g453.t1,1
0:,utex395_scaffold_18_g477.t1,1
0:,utex395_scaffold_18_g481.t1,1
0:,utex395_scaffold_18_g521.t1,1
0:,utex395_scaffold_18_g552.t1,1
0:,utex395_scaffold_18_g588.t1,1
0:,utex395_scaffold_18_g628.t1,1
0:,utex395_scaffold_17_g604.t1,1
0:,utex395_scaffold_18_g65.t1,1
0:,utex395_scaffold_18_g686.t1,1
0:,utex395_scaffold_18_g79.t1,1
0:,utex395_scaffold_19_g205.t1,1
0:,utex395_scaffold_19_g5.t1,1
0:,utex395_scaffold_1_g119.t1,1
0:,utex395_scaffold_1_g14.t1,1
0:,utex395_scaffold_18_g415.t1,1
0:,utex395_scaffold_18_g412.t1,1
0:,utex395_scaffold_18_g408.t1,1
0:,utex395_scaffold_18_g403.t1,1
0:,utex395_scaffold_17_g709.t1,1
0:,utex395_scaffold_18_g108.t1,1
0:,utex395_scaffold_18_g144.t1,1
0:,utex395_scaffold_18_g171.t1,1
0:,utex395_scaffold_18_g192.t1,1
0:,utex395_scaffold_18_g204.t1,1
0:,utex395_scaffold_18_g274.t1,1
0:,utex395_scaffold_18_g283.t1,1
0:,utex395_scaffold_18_g287.t1,1
0:,utex395_scaffold_18_g31.t1,1
0:,utex395_scaffold_18_g337.t1,1
0:,utex395_scaffold_18_g355.t1,1
0:,utex395_scaffold_18_g369.t1,1
0:,utex395_scaffold_18_g371.t1,1
0:,utex395_scaffold_18_g398.t1,1
0:,utexb3016_scaffold_22_g571.t1,1
0:,utexb3016_scaffold_22_g610.t1,1
12:,utex395_scaffold_18_g253.t1,1
11:,utex395_scaffold_23_g386.t1,1
11:,utex395_scaffold_20_g21.t1,1
11:,utex395_scaffold_20_g275.t1,1
11:,utex395_scaffold_20_g36.t1,1
11:,utex395_scaffold_20_g840.t1,1
11:,utex395_scaffold_23_g104.t1,1
11:,utex395_scaffold_23_g224.t1,1
11:,utex395_scaffold_23_g342.t1,1
11:,utex395_scaffold_23_g47.t1,1
11:,utex395_scaffold_20_g155.t1,1
11:,utex395_scaffold_24_g109.t1,1
11:,utex395_scaffold_24_g273.t1,1
11:,utex395_scaffold_24_g329.t1,1
11:,utex395_scaffold_24_g432.t1,1
11:,utex395_scaffold_24_g440.t1,1
11:,utex395_scaffold_24_g492.t1,1
11:,utex395_scaffold_24_g593.t1,1
11:,utex395_scaffold_20_g201.t1,1
11:,utex395_scaffold_1_g53.t1,1
11:,utex395_scaffold_24_g679.t1,1
11:,utex395_scaffold_18_g437.t1,1
11:,utex395_scaffold_17_g442.t1,1
11:,utex395_scaffold_17_g475.t1,1
11:,utex395_scaffold_17_g69.t1,1
11:,utex395_scaffold_18_g115.t1,1
11:,utex395_scaffold_18_g248.t1,1
11:,utex395_scaffold_18_g330.t1,1
11:,utex395_scaffold_18_g389.t1,1
11:,utex395_scaffold_18_g484.t1,1
11:,utex395_scaffold_1_g515.t1,1
11:,utex395_scaffold_18_g548.t1,1
11:,utex395_scaffold_18_g614.t1,1
11:,utex395_scaffold_18_g655.t1,1
11:,utex395_scaffold_1_g138.t1,1
11:,utex395_scaffold_1_g294.t1,1
11:,utex395_scaffold_1_g35.t1,1
11:,utex395_scaffold_1_g450.t1,1
11:,utex395_scaffold_24_g599.t1,1
11:,utex395_scaffold_24_g705.t1,1
11:,utex395_scaffold_13_g52.t1,1
11:,utexb3016_scaffold_10_g269.t1,1
11:,utex395_scaffold_2_g320.t1,1
11:,utex395_scaffold_2_g371.t1,1
11:,utex395_scaffold_2_g462.t1,1
11:,utex395_scaffold_2_g48.t1,1
11:,utex395_scaffold_2_g56.t1,1
11:,utex395_scaffold_4_g442.t1,1
11:,utexb3016_scaffold_10_g178.t1,1
11:,utexb3016_scaffold_10_g344.t1,1
11:,utex395_scaffold_2_g181.t1,1
11:,utexb3016_scaffold_10_g506.t1,1
11:,utexb3016_scaffold_10_g62.t1,1
11:,utexb3016_scaffold_10_g673.t1,1
11:,utexb3016_scaffold_10_g709.t1,1
11:,utexb3016_scaffold_12_g321.t1,1
11:,utexb3016_scaffold_12_g437.t1,1
11:,utexb3016_scaffold_12_g503.t1,1
11:,utex395_scaffold_2_g239.t1,1
11:,utex395_scaffold_2_g178.t1,1
11:,utex395_scaffold_24_g827.t1,1
11:,utex395_scaffold_25_g370.t1,1
11:,utex395_scaffold_25_g1017.t1,1
11:,utex395_scaffold_25_g1145.t1,1
11:,utex395_scaffold_25_g1211.t1,1
11:,utex395_scaffold_25_g1225.t1,1
11:,utex395_scaffold_25_g1274.t1,1
11:,utex395_scaffold_25_g303.t1,1
11:,utex395_scaffold_25_g341.t1,1
11:,utex395_scaffold_25_g528.t1,1
11:,utex395_scaffold_2_g142.t1,1
11:,utex395_scaffold_25_g532.t1,1
11:,utex395_scaffold_25_g549.t1,1
11:,utex395_scaffold_25_g633.t1,1
11:,utex395_scaffold_25_g708.t1,1
11:,utex395_scaffold_25_g794.t1,1
11:,utex395_scaffold_25_g816.t1,1
11:,utex395_scaffold_25_g905.t1,1
11:,utex395_scaffold_17_g304.t1,1
11:,utex2526_scaffold_3_g143.t1,1
0:,utexb3016_scaffold_22_g611.t1,1
11:,utex2526_scaffold_12_g182.t1,1
11:,utex2526_scaffold_10_g615.t1,1
11:,utex2526_scaffold_10_g630.t1,1
11:,utex2526_scaffold_10_g644.t1,1
11:,utex2526_scaffold_10_g676.t1,1
11:,utex2526_scaffold_11_g18.t1,1
11:,utex2526_scaffold_11_g54.t1,1
11:,utex2526_scaffold_12_g147.t1,1
11:,utex2526_scaffold_12_g214.t1,1
11:,utex2526_scaffold_10_g522.t1,1
11:,utex2526_scaffold_12_g221.t1,1
11:,utex2526_scaffold_12_g321.t1,1
11:,utex2526_scaffold_12_g385.t1,1
11:,utex2526_scaffold_12_g401.t1,1
11:,utex2526_scaffold_12_g462.t1,1
11:,utex2526_scaffold_12_g496.t1,1
11:,utex2526_scaffold_12_g541.t1,1
11:,utex2526_scaffold_10_g588.t1,1
11:,utex2526_scaffold_10_g484.t1,1
11:,utex2526_scaffold_13_g74.t1,1
10:,utexb3016_scaffold_22_g948.t1,1
10:,utexb3016_scaffold_22_g785.t1,1
10:,utexb3016_scaffold_22_g824.t1,1
10:,utexb3016_scaffold_22_g87.t1,1
10:,utexb3016_scaffold_22_g875.t1,1
10:,utexb3016_scaffold_22_g877.t1,1
10:,utexb3016_scaffold_22_g883.t1,1
10:,utexb3016_scaffold_22_g930.t1,1
10:,utexb3016_scaffold_22_g972.t1,1
11:,utex2526_scaffold_10_g429.t1,1
10:,utexb3016_scaffold_7_g143.t1,1
10:,utexb3016_scaffold_7_g180.t1,1
10:,utexb3016_scaffold_7_g314.t1,1
10:,utexb3016_scaffold_7_g385.t1,1
11:,utex2526_scaffold_10_g138.t1,1
11:,utex2526_scaffold_10_g168.t1,1
11:,utex2526_scaffold_10_g413.t1,1
11:,utex2526_scaffold_13_g187.t1,1
11:,utex2526_scaffold_14_g218.t1,1
11:,utex2526_scaffold_23_g35.t1,1
11:,utex2526_scaffold_15_g760.t1,1
11:,utex2526_scaffold_15_g505.t1,1
11:,utex2526_scaffold_15_g547.t1,1
11:,utex2526_scaffold_15_g572.t1,1
11:,utex2526_scaffold_15_g596.t1,1
11:,utex2526_scaffold_15_g659.t1,1
11:,utex2526_scaffold_15_g662.t1,1
11:,utex2526_scaffold_15_g752.t1,1
11:,utex2526_scaffold_15_g800.t1,1
11:,utex2526_scaffold_15_g422.t1,1
11:,utex2526_scaffold_15_g810.t1,1
11:,utex2526_scaffold_15_g874.t1,1
11:,utex2526_scaffold_15_g898.t1,1
11:,utex2526_scaffold_15_g951.t1,1
11:,utex2526_scaffold_15_g977.t1,1
11:,utex2526_scaffold_1_g15.t1,1
11:,utex2526_scaffold_22_g21.t1,1
11:,utex2526_scaffold_15_g482.t1,1
11:,utex2526_scaffold_15_g421.t1,1
11:,utex2526_scaffold_14_g295.t1,1
11:,utex2526_scaffold_14_g91.t1,1
11:,utex2526_scaffold_14_g308.t1,1
11:,utex2526_scaffold_14_g332.t1,1
11:,utex2526_scaffold_14_g345.t1,1
11:,utex2526_scaffold_14_g402.t1,1
11:,utex2526_scaffold_14_g531.t1,1
11:,utex2526_scaffold_14_g64.t1,1
11:,utex2526_scaffold_14_g76.t1,1
11:,utex2526_scaffold_15_g1088.t1,1
11:,utex2526_scaffold_15_g337.t1,1
11:,utex2526_scaffold_15_g1091.t1,1
11:,utex2526_scaffold_15_g1139.t1,1
11:,utex2526_scaffold_15_g193.t1,1
11:,utex2526_scaffold_15_g194.t1,1
11:,utex2526_scaffold_15_g257.t1,1
11:,utex2526_scaffold_15_g271.t1,1
11:,utex2526_scaffold_15_g322.t1,1
11:,utexb3016_scaffold_12_g610.t1,1
11:,utexb3016_scaffold_12_g778.t1,1
11:,utexb3016_scaffold_13_g106.t1,1
12:,utex2526_scaffold_12_g323.t1,1
12:,utex2526_scaffold_10_g680.t1,1
12:,utex2526_scaffold_11_g19.t1,1
12:,utex2526_scaffold_11_g56.t1,1
12:,utex2526_scaffold_12_g148.t1,1
12:,utex2526_scaffold_12_g183.t1,1
12:,utex2526_scaffold_12_g216.t1,1
12:,utex2526_scaffold_12_g222.t1,1
12:,utex2526_scaffold_12_g386.t1,1
12:,utex2526_scaffold_10_g631.t1,1
12:,utex2526_scaffold_12_g403.t1,1
12:,utex2526_scaffold_12_g463.t1,1
12:,utex2526_scaffold_12_g498.t1,1
12:,utex2526_scaffold_13_g189.t1,1
12:,utex2526_scaffold_13_g75.t1,1
12:,utex2526_scaffold_14_g100.t1,1
12:,utex2526_scaffold_14_g175.t1,1
12:,utex2526_scaffold_10_g648.t1,1
12:,utex2526_scaffold_10_g620.t1,1
12:,utex2526_scaffold_14_g296.t1,1
11:,utexb3016_scaffold_22_g973.t1,1
11:,utexb3016_scaffold_22_g786.t1,1
11:,utexb3016_scaffold_22_g877.t1,1
11:,utexb3016_scaffold_22_g890.t1,1
11:,utexb3016_scaffold_22_g892.t1,1
11:,utexb3016_scaffold_22_g931.t1,1
11:,utexb3016_scaffold_22_g95.t1,1
11:,utexb3016_scaffold_22_g950.t1,1
11:,utexb3016_scaffold_7_g145.t1,1
12:,utex2526_scaffold_10_g589.t1,1
11:,utexb3016_scaffold_7_g334.t1,1
11:,utexb3016_scaffold_7_g394.t1,1
12:,utex2526_scaffold_10_g139.t1,1
12:,utex2526_scaffold_10_g174.t1,1
12:,utex2526_scaffold_10_g414.t1,1
12:,utex2526_scaffold_10_g430.t1,1
12:,utex2526_scaffold_10_g523.t1,1
12:,utex2526_scaffold_14_g220.t1,1
12:,utex2526_scaffold_14_g313.t1,1
11:,utexb3016_scaffold_13_g13.t1,1
12:,utex2526_scaffold_15_g979.t1,1
12:,utex2526_scaffold_15_g753.t1,1
12:,utex2526_scaffold_15_g761.t1,1
12:,utex2526_scaffold_15_g801.t1,1
12:,utex2526_scaffold_15_g811.t1,1
12:,utex2526_scaffold_15_g878.t1,1
12:,utex2526_scaffold_15_g900.t1,1
12:,utex2526_scaffold_15_g952.t1,1
12:,utex2526_scaffold_1_g16.t1,1
12:,utex2526_scaffold_15_g660.t1,1
12:,utex2526_scaffold_22_g22.t1,1
12:,utex2526_scaffold_23_g103.t1,1
12:,utex2526_scaffold_23_g47.t1,1
12:,utex395_scaffold_13_g56.t1,1
12:,utex395_scaffold_17_g448.t1,1
12:,utex395_scaffold_17_g487.t1,1
12:,utex395_scaffold_18_g116.t1,1
12:,utex2526_scaffold_15_g664.t1,1
12:,utex2526_scaffold_15_g598.t1,1
12:,utex2526_scaffold_14_g349.t1,1
12:,utex2526_scaffold_15_g195.t1,1
12:,utex2526_scaffold_14_g403.t1,1
12:,utex2526_scaffold_14_g538.t1,1
12:,utex2526_scaffold_14_g65.t1,1
12:,utex2526_scaffold_14_g77.t1,1
12:,utex2526_scaffold_15_g1089.t1,1
12:,utex2526_scaffold_15_g1096.t1,1
12:,utex2526_scaffold_15_g194.t1,1
12:,utex2526_scaffold_15_g260.t1,1
12:,utex2526_scaffold_15_g573.t1,1
12:,utex2526_scaffold_15_g272.t1,1
12:,utex2526_scaffold_15_g347.t1,1
12:,utex2526_scaffold_15_g422.t1,1
12:,utex2526_scaffold_15_g424.t1,1
12:,utex2526_scaffold_15_g486.t1,1
12:,utex2526_scaffold_15_g508.t1,1
12:,utex2526_scaffold_15_g551.t1,1
11:,utexb3016_scaffold_22_g678.t1,1
11:,utexb3016_scaffold_22_g677.t1,1
11:,utexb3016_scaffold_22_g674.t1,1
11:,utexb3016_scaffold_17_g727.t1,1
11:,utexb3016_scaffold_16_g897.t1,1
11:,utexb3016_scaffold_17_g194.t1,1
11:,utexb3016_scaffold_17_g271.t1,1
11:,utexb3016_scaffold_17_g362.t1,1
11:,utexb3016_scaffold_17_g430.t1,1
11:,utexb3016_scaffold_17_g584.t1,1
11:,utexb3016_scaffold_17_g682.t1,1
11:,utexb3016_scaffold_17_g796.t1,1
11:,utexb3016_scaffold_16_g600.t1,1
11:,utexb3016_scaffold_17_g860.t1,1
11:,utexb3016_scaffold_17_g905.t1,1
11:,utexb3016_scaffold_17_g923.t1,1
11:,utexb3016_scaffold_18_g161.t1,1
11:,utexb3016_scaffold_18_g330.t1,1
11:,utexb3016_scaffold_18_g481.t1,1
11:,utexb3016_scaffold_18_g566.t1,1
11:,utexb3016_scaffold_16_g757.t1,1
11:,utexb3016_scaffold_16_g391.t1,1
11:,utexb3016_scaffold_22_g643.t1,1
11:,utexb3016_scaffold_15_g354.t1,1
11:,utexb3016_scaffold_13_g232.t1,1
11:,utexb3016_scaffold_13_g286.t1,1
11:,utexb3016_scaffold_14_g138.t1,1
11:,utexb3016_scaffold_14_g55.t1,1
11:,utexb3016_scaffold_14_g64.t1,1
11:,utexb3016_scaffold_14_g95.t1,1
11:,utexb3016_scaffold_15_g299.t1,1
11:,utexb3016_scaffold_15_g441.t1,1
11:,utexb3016_scaffold_16_g311.t1,1
11:,utexb3016_scaffold_15_g541.t1,1
11:,utexb3016_scaffold_15_g610.t1,1
11:,utexb3016_scaffold_15_g624.t1,1
11:,utexb3016_scaffold_15_g706.t1,1
11:,utexb3016_scaffold_15_g761.t1,1
11:,utexb3016_scaffold_16_g124.t1,1
11:,utexb3016_scaffold_16_g231.t1,1
11:,utexb3016_scaffold_18_g754.t1,1
11:,utexb3016_scaffold_18_g864.t1,1
11:,utexb3016_scaffold_20_g129.t1,1
11:,utexb3016_scaffold_22_g1277.t1,1
11:,utexb3016_scaffold_21_g96.t1,1
11:,utexb3016_scaffold_21_g978.t1,1
11:,utexb3016_scaffold_22_g1038.t1,1
11:,utexb3016_scaffold_22_g1127.t1,1
11:,utexb3016_scaffold_22_g1142.t1,1
11:,utexb3016_scaffold_22_g1222.t1,1
11:,utexb3016_scaffold_22_g1275.t1,1
11:,utexb3016_scaffold_22_g1409.t1,1
11:,utexb3016_scaffold_20_g254.t1,1
11:,utexb3016_scaffold_22_g26.t1,1
11:,utexb3016_scaffold_22_g262.t1,1
11:,utexb3016_scaffold_22_g320.t1,1
11:,utexb3016_scaffold_22_g327.t1,1
11:,utexb3016_scaffold_22_g344.t1,1
11:,utexb3016_scaffold_22_g472.t1,1
11:,utexb3016_scaffold_22_g593.t1,1
11:,utexb3016_scaffold_21_g867.t1,1
11:,utexb3016_scaffold_21_g861.t1,1
11:,utexb3016_scaffold_21_g814.t1,1
11:,utexb3016_scaffold_21_g783.t1,1
11:,utexb3016_scaffold_20_g424.t1,1
11:,utexb3016_scaffold_20_g523.t1,1
11:,utexb3016_scaffold_21_g107.t1,1
11:,utexb3016_scaffold_21_g1083.t1,1
11:,utexb3016_scaffold_21_g1202.t1,1
11:,utexb3016_scaffold_21_g1208.t1,1
11:,utexb3016_scaffold_21_g1293.t1,1
11:,utexb3016_scaffold_21_g1305.t1,1
11:,utexb3016_scaffold_21_g1321.t1,1
11:,utexb3016_scaffold_21_g361.t1,1
11:,utexb3016_scaffold_21_g426.t1,1
11:,utexb3016_scaffold_21_g503.t1,1
11:,utexb3016_scaffold_21_g617.t1,1
11:,utexb3016_scaffold_21_g68.t1,1
11:,utexb3016_scaffold_21_g780.t1,1
10:,utexb3016_scaffold_22_g677.t1,1
10:,utexb3016_scaffold_22_g673.t1,1
10:,utexb3016_scaffold_22_g671.t1,1
10:,utex2526_scaffold_15_g948.t1,1
10:,utex2526_scaffold_15_g797.t1,1
10:,utex2526_scaffold_15_g809.t1,1
10:,utex2526_scaffold_15_g873.t1,1
10:,utex2526_scaffold_15_g881.t1,1
10:,utex2526_scaffold_15_g897.t1,1
10:,utex2526_scaffold_15_g911.t1,1
10:,utex2526_scaffold_15_g941.t1,1
10:,utex2526_scaffold_15_g976.t1,1
10:,utex2526_scaffold_15_g751.t1,1
10:,utex2526_scaffold_1_g14.t1,1
10:,utex2526_scaffold_22_g20.t1,1
10:,utex2526_scaffold_23_g101.t1,1
10:,utex2526_scaffold_23_g34.t1,1
10:,utex2526_scaffold_3_g142.t1,1
10:,utex2526_scaffold_3_g321.t1,1
10:,utex2526_scaffold_3_g341.t1,1
10:,utex2526_scaffold_15_g756.t1,1
10:,utex2526_scaffold_15_g660.t1,1
10:,utex395_scaffold_12_g40.t1,1
10:,utex2526_scaffold_15_g270.t1,1
10:,utex2526_scaffold_14_g83.t1,1
10:,utex2526_scaffold_15_g1087.t1,1
10:,utex2526_scaffold_15_g1090.t1,1
10:,utex2526_scaffold_15_g1138.t1,1
10:,utex2526_scaffold_15_g192.t1,1
10:,utex2526_scaffold_15_g193.t1,1
10:,utex2526_scaffold_15_g256.t1,1
10:,utex2526_scaffold_15_g336.t1,1
10:,utex2526_scaffold_15_g658.t1,1
10:,utex2526_scaffold_15_g415.t1,1
10:,utex2526_scaffold_15_g419.t1,1
10:,utex2526_scaffold_15_g478.t1,1
10:,utex2526_scaffold_15_g504.t1,1
10:,utex2526_scaffold_15_g546.t1,1
10:,utex2526_scaffold_15_g570.t1,1
10:,utex2526_scaffold_15_g595.t1,1
10:,utex395_scaffold_12_g30.t1,1
10:,utex395_scaffold_13_g50.t1,1
10:,utex395_scaffold_23_g330.t1,1
10:,utex395_scaffold_20_g20.t1,1
10:,utex395_scaffold_1_g293.t1,1
10:,utex395_scaffold_1_g30.t1,1
10:,utex395_scaffold_1_g448.t1,1
10:,utex395_scaffold_1_g50.t1,1
10:,utex395_scaffold_1_g508.t1,1
10:,utex395_scaffold_1_g92.t1,1
10:,utex395_scaffold_20_g153.t1,1
10:,utex395_scaffold_20_g200.t1,1
10:,utex395_scaffold_18_g82.t1,1
10:,utex395_scaffold_20_g274.t1,1
10:,utex395_scaffold_20_g35.t1,1
10:,utex395_scaffold_20_g755.t1,1
10:,utex395_scaffold_20_g790.t1,1
10:,utex395_scaffold_20_g836.t1,1
10:,utex395_scaffold_22_g456.t1,1
10:,utex395_scaffold_23_g101.t1,1
10:,utex395_scaffold_1_g137.t1,1
10:,utex395_scaffold_18_g748.t1,1
10:,utex395_scaffold_13_g92.t1,1
10:,utex395_scaffold_17_g67.t1,1
10:,utex395_scaffold_15_g159.t1,1
10:,utex395_scaffold_15_g586.t1,1
10:,utex395_scaffold_17_g296.t1,1
10:,utex395_scaffold_17_g334.t1,1
10:,utex395_scaffold_17_g440.t1,1
10:,utex395_scaffold_17_g465.t1,1
10:,utex395_scaffold_17_g474.t1,1
10:,utex395_scaffold_18_g113.t1,1
10:,utex395_scaffold_18_g613.t1,1
10:,utex395_scaffold_18_g242.t1,1
10:,utex395_scaffold_18_g323.t1,1
10:,utex395_scaffold_18_g382.t1,1
10:,utex395_scaffold_18_g388.t1,1
10:,utex395_scaffold_18_g436.t1,1
10:,utex395_scaffold_18_g473.t1,1
10:,utex395_scaffold_18_g545.t1,1
10:,utex2526_scaffold_14_g69.t1,1
10:,utex2526_scaffold_14_g63.t1,1
10:,utex2526_scaffold_14_g562.t1,1
0:,utexb3016_scaffold_7_g235.t1,1
0:,utexb3016_scaffold_22_g959.t1,1
0:,utexb3016_scaffold_22_g987.t1,1
0:,utexb3016_scaffold_22_g994.t1,1
0:,utexb3016_scaffold_7_g114.t1,1
0:,utexb3016_scaffold_7_g159.t1,1
0:,utexb3016_scaffold_7_g20.t1,1
0:,utexb3016_scaffold_7_g201.t1,1
0:,utexb3016_scaffold_7_g241.t1,1
0:,utexb3016_scaffold_22_g925.t1,1
0:,utexb3016_scaffold_7_g275.t1,1
0:,utexb3016_scaffold_7_g297.t1,1
0:,utexb3016_scaffold_7_g344.t1,1
0:,utexb3016_scaffold_7_g359.t1,1
0:,utexb3016_scaffold_7_g376.t1,1
10:,utex2526_scaffold_10_g133.t1,1
10:,utex2526_scaffold_10_g165.t1,1
0:,utexb3016_scaffold_22_g940.t1,1
0:,utexb3016_scaffold_22_g919.t1,1
10:,utex2526_scaffold_14_g522.t1,1
0:,utexb3016_scaffold_22_g753.t1,1
0:,utexb3016_scaffold_22_g618.t1,1
0:,utexb3016_scaffold_22_g635.t1,1
0:,utexb3016_scaffold_22_g643.t1,1
0:,utexb3016_scaffold_22_g645.t1,1
0:,utexb3016_scaffold_22_g652.t1,1
0:,utexb3016_scaffold_22_g698.t1,1
0:,utexb3016_scaffold_22_g719.t1,1
0:,utexb3016_scaffold_22_g762.t1,1
0:,utexb3016_scaffold_22_g917.t1,1
0:,utexb3016_scaffold_22_g775.t1,1
0:,utexb3016_scaffold_22_g8.t1,1
0:,utexb3016_scaffold_22_g806.t1,1
0:,utexb3016_scaffold_22_g843.t1,1
0:,utexb3016_scaffold_22_g844.t1,1
0:,utexb3016_scaffold_22_g854.t1,1
0:,utexb3016_scaffold_22_g858.t1,1
10:,utex2526_scaffold_10_g211.t1,1
10:,utex2526_scaffold_10_g412.t1,1
10:,utex2526_scaffold_10_g425.t1,1
10:,utex2526_scaffold_14_g144.t1,1
10:,utex2526_scaffold_12_g384.t1,1
10:,utex2526_scaffold_12_g460.t1,1
10:,utex2526_scaffold_12_g494.t1,1
10:,utex2526_scaffold_12_g539.t1,1
10:,utex2526_scaffold_12_g97.t1,1
10:,utex2526_scaffold_13_g186.t1,1
10:,utex2526_scaffold_13_g69.t1,1
10:,utex2526_scaffold_14_g146.t1,1
10:,utex2526_scaffold_10_g483.t1,1
10:,utex2526_scaffold_14_g175.t1,1
10:,utex2526_scaffold_14_g217.t1,1
10:,utex2526_scaffold_14_g294.t1,1
10:,utex2526_scaffold_14_g300.t1,1
10:,utex2526_scaffold_14_g340.t1,1
10:,utex2526_scaffold_14_g351.t1,1
10:,utex2526_scaffold_14_g401.t1,1
10:,utex2526_scaffold_12_g353.t1,1
10:,utex2526_scaffold_12_g346.t1,1
10:,utex2526_scaffold_12_g319.t1,1
10:,utex2526_scaffold_12_g251.t1,1
10:,utex2526_scaffold_10_g546.t1,1
10:,utex2526_scaffold_10_g586.t1,1
10:,utex2526_scaffold_10_g614.t1,1
10:,utex2526_scaffold_10_g627.t1,1
10:,utex2526_scaffold_10_g642.t1,1
10:,utex2526_scaffold_10_g674.t1,1
10:,utex2526_scaffold_10_g684.t1,1
10:,utex2526_scaffold_11_g17.t1,1
10:,utex2526_scaffold_11_g52.t1,1
10:,utex2526_scaffold_12_g145.t1,1
10:,utex2526_scaffold_12_g163.t1,1
10:,utex2526_scaffold_12_g181.t1,1
10:,utex2526_scaffold_12_g185.t1,1
10:,utex2526_scaffold_12_g213.t1,1
10:,utex2526_scaffold_12_g218.t1,1
10:,utex395_scaffold_23_g213.t1,1
10:,utex395_scaffold_23_g379.t1,1
10:,utexb3016_scaffold_22_g641.t1,1
10:,utexb3016_scaffold_17_g889.t1,1
10:,utexb3016_scaffold_17_g582.t1,1
10:,utexb3016_scaffold_17_g664.t1,1
10:,utexb3016_scaffold_17_g694.t1,1
10:,utexb3016_scaffold_17_g701.t1,1
10:,utexb3016_scaffold_17_g723.t1,1
10:,utexb3016_scaffold_17_g785.t1,1
10:,utexb3016_scaffold_17_g856.t1,1
10:,utexb3016_scaffold_17_g918.t1,1
10:,utexb3016_scaffold_17_g429.t1,1
10:,utexb3016_scaffold_18_g154.t1,1
10:,utexb3016_scaffold_18_g329.t1,1
10:,utexb3016_scaffold_18_g480.t1,1
10:,utexb3016_scaffold_18_g500.t1,1
10:,utexb3016_scaffold_18_g562.t1,1
10:,utexb3016_scaffold_18_g637.t1,1
10:,utexb3016_scaffold_18_g753.t1,1
10:,utexb3016_scaffold_17_g526.t1,1
10:,utexb3016_scaffold_17_g359.t1,1
10:,utexb3016_scaffold_18_g788.t1,1
10:,utexb3016_scaffold_16_g224.t1,1
10:,utexb3016_scaffold_15_g535.t1,1
10:,utexb3016_scaffold_15_g608.t1,1
10:,utexb3016_scaffold_15_g621.t1,1
10:,utexb3016_scaffold_15_g705.t1,1
10:,utexb3016_scaffold_15_g750.t1,1
10:,utexb3016_scaffold_16_g122.t1,1
10:,utexb3016_scaffold_16_g208.t1,1
10:,utexb3016_scaffold_16_g310.t1,1
10:,utexb3016_scaffold_17_g267.t1,1
10:,utexb3016_scaffold_16_g390.t1,1
10:,utexb3016_scaffold_16_g593.t1,1
10:,utexb3016_scaffold_16_g612.t1,1
10:,utexb3016_scaffold_16_g742.t1,1
10:,utexb3016_scaffold_16_g889.t1,1
10:,utexb3016_scaffold_16_g98.t1,1
10:,utexb3016_scaffold_17_g193.t1,1
10:,utexb3016_scaffold_18_g780.t1,1
10:,utexb3016_scaffold_18_g860.t1,1
10:,utex395_scaffold_23_g85.t1,1
10:,utexb3016_scaffold_22_g1198.t1,1
10:,utexb3016_scaffold_21_g865.t1,1
10:,utexb3016_scaffold_21_g95.t1,1
10:,utexb3016_scaffold_21_g960.t1,1
10:,utexb3016_scaffold_21_g981.t1,1
10:,utexb3016_scaffold_22_g1037.t1,1
10:,utexb3016_scaffold_22_g1124.t1,1
10:,utexb3016_scaffold_22_g1141.t1,1
10:,utexb3016_scaffold_22_g1406.t1,1
10:,utexb3016_scaffold_21_g813.t1,1
10:,utexb3016_scaffold_22_g25.t1,1
10:,utexb3016_scaffold_22_g256.t1,1
10:,utexb3016_scaffold_22_g260.t1,1
10:,utexb3016_scaffold_22_g313.t1,1
10:,utexb3016_scaffold_22_g343.t1,1
10:,utexb3016_scaffold_22_g468.t1,1
10:,utexb3016_scaffold_22_g592.t1,1
10:,utexb3016_scaffold_21_g849.t1,1
10:,utexb3016_scaffold_21_g65.t1,1
10:,utexb3016_scaffold_18_g902.t1,1
10:,utexb3016_scaffold_21_g1075.t1,1
10:,utexb3016_scaffold_20_g124.t1,1
10:,utexb3016_scaffold_20_g242.t1,1
10:,utexb3016_scaffold_20_g522.t1,1
10:,utexb3016_scaffold_20_g98.t1,1
10:,utexb3016_scaffold_21_g101.t1,1
10:,utexb3016_scaffold_21_g1015.t1,1
10:,utexb3016_scaffold_21_g1022.t1,1
10:,utexb3016_scaffold_21_g1188.t1,1
10:,utexb3016_scaffold_21_g615.t1,1
10:,utexb3016_scaffold_21_g1193.t1,1
10:,utexb3016_scaffold_21_g1283.t1,1
10:,utexb3016_scaffold_21_g1298.t1,1
10:,utexb3016_scaffold_21_g1318.t1,1
10:,utexb3016_scaffold_21_g360.t1,1
10:,utexb3016_scaffold_21_g422.t1,1
10:,utexb3016_scaffold_21_g502.t1,1
10:,utexb3016_scaffold_15_g440.t1,1
10:,utexb3016_scaffold_15_g361.t1,1
10:,utexb3016_scaffold_15_g351.t1,1
10:,utex395_scaffold_25_g503.t1,1
10:,utex395_scaffold_25_g1348.t1,1
10:,utex395_scaffold_25_g187.t1,1
10:,utex395_scaffold_25_g270.t1,1
10:,utex395_scaffold_25_g271.t1,1
10:,utex395_scaffold_25_g302.t1,1
10:,utex395_scaffold_25_g337.t1,1
10:,utex395_scaffold_25_g369.t1,1
10:,utex395_scaffold_25_g530.t1,1
10:,utex395_scaffold_25_g1223.t1,1
10:,utex395_scaffold_25_g548.t1,1
10:,utex395_scaffold_25_g632.t1,1
10:,utex395_scaffold_25_g707.t1,1
10:,utex395_scaffold_25_g791.t1,1
10:,utex395_scaffold_25_g812.t1,1
10:,utex395_scaffold_25_g890.t1,1
10:,utex395_scaffold_2_g139.t1,1
10:,utex395_scaffold_25_g1272.t1,1
10:,utex395_scaffold_25_g1206.t1,1
10:,utexb3016_scaffold_15_g298.t1,1
10:,utex395_scaffold_24_g491.t1,1
10:,utex395_scaffold_23_g98.t1,1
10:,utex395_scaffold_24_g108.t1,1
10:,utex395_scaffold_24_g139.t1,1
10:,utex395_scaffold_24_g272.t1,1
10:,utex395_scaffold_24_g327.t1,1
10:,utex395_scaffold_24_g431.t1,1
10:,utex395_scaffold_24_g437.t1,1
10:,utex395_scaffold_24_g540.t1,1
10:,utex395_scaffold_25_g1140.t1,1
10:,utex395_scaffold_24_g586.t1,1
10:,utex395_scaffold_24_g591.t1,1
10:,utex395_scaffold_24_g677.t1,1
10:,utex395_scaffold_24_g701.t1,1
10:,utex395_scaffold_24_g739.t1,1
10:,utex395_scaffold_24_g823.t1,1
10:,utex395_scaffold_25_g1016.t1,1
10:,utex395_scaffold_2_g176.t1,1
10:,utex395_scaffold_2_g180.t1,1
10:,utex395_scaffold_2_g228.t1,1
10:,utexb3016_scaffold_12_g608.t1,1
10:,utexb3016_scaffold_10_g805.t1,1
10:,utexb3016_scaffold_12_g189.t1,1
10:,utexb3016_scaffold_12_g220.t1,1
10:,utexb3016_scaffold_12_g265.t1,1
10:,utexb3016_scaffold_12_g318.t1,1
10:,utexb3016_scaffold_12_g431.t1,1
10:,utexb3016_scaffold_12_g501.t1,1
10:,utexb3016_scaffold_12_g763.t1,1
10:,utex395_scaffold_2_g238.t1,1
10:,utexb3016_scaffold_13_g101.t1,1
10:,utexb3016_scaffold_13_g12.t1,1
10:,utexb3016_scaffold_13_g224.t1,1
10:,utexb3016_scaffold_13_g281.t1,1
10:,utexb3016_scaffold_14_g123.t1,1
10:,utexb3016_scaffold_14_g60.t1,1
10:,utexb3016_scaffold_14_g90.t1,1
10:,utexb3016_scaffold_10_g733.t1,1
10:,utexb3016_scaffold_10_g708.t1,1
10:,utexb3016_scaffold_10_g671.t1,1
10:,utexb3016_scaffold_10_g59.t1,1
10:,utex395_scaffold_2_g292.t1,1
10:,utex395_scaffold_2_g304.t1,1
10:,utex395_scaffold_2_g364.t1,1
10:,utex395_scaffold_2_g369.t1,1
10:,utex395_scaffold_2_g454.t1,1
10:,utex395_scaffold_2_g47.t1,1
10:,utex395_scaffold_2_g50.t1,1
10:,utex395_scaffold_4_g441.t1,1
10:,utexb3016_scaffold_10_g177.t1,1
10:,utexb3016_scaffold_10_g230.t1,1
10:,utexb3016_scaffold_10_g268.t1,1
10:,utexb3016_scaffold_10_g311.t1,1
10:,utexb3016_scaffold_10_g341.t1,1
10:,utexb3016_scaffold_10_g377.t1,1
10:,utexb3016_scaffold_10_g505.t1,1
1:,utex395_scaffold_18_g37.t1,1
1:,utex395_scaffold_18_g400.t1,1
1:,utex395_scaffold_18_g406.t1,1
2:,utexb3016_scaffold_17_g818.t1,1
2:,utexb3016_scaffold_17_g654.t1,1
2:,utexb3016_scaffold_17_g665.t1,1
2:,utexb3016_scaffold_17_g690.t1,1
2:,utexb3016_scaffold_17_g694.t1,1
2:,utexb3016_scaffold_17_g722.t1,1
2:,utexb3016_scaffold_17_g812.t1,1
2:,utexb3016_scaffold_17_g817.t1,1
2:,utexb3016_scaffold_17_g819.t1,1
2:,utexb3016_scaffold_17_g643.t1,1
2:,utexb3016_scaffold_17_g862.t1,1
2:,utexb3016_scaffold_17_g882.t1,1
2:,utexb3016_scaffold_17_g894.t1,1
2:,utexb3016_scaffold_18_g116.t1,1
2:,utexb3016_scaffold_18_g197.t1,1
2:,utexb3016_scaffold_18_g248.t1,1
2:,utexb3016_scaffold_18_g29.t1,1
2:,utexb3016_scaffold_17_g645.t1,1
2:,utexb3016_scaffold_17_g637.t1,1
2:,utexb3016_scaffold_18_g389.t1,1
2:,utexb3016_scaffold_17_g521.t1,1
2:,utexb3016_scaffold_17_g372.t1,1
2:,utexb3016_scaffold_17_g389.t1,1
2:,utexb3016_scaffold_17_g4.t1,1
2:,utexb3016_scaffold_17_g414.t1,1
2:,utexb3016_scaffold_17_g468.t1,1
2:,utexb3016_scaffold_17_g497.t1,1
2:,utexb3016_scaffold_17_g502.t1,1
2:,utexb3016_scaffold_17_g522.t1,1
2:,utexb3016_scaffold_17_g636.t1,1
2:,utexb3016_scaffold_17_g535.t1,1
2:,utexb3016_scaffold_17_g539.t1,1
2:,utexb3016_scaffold_17_g547.t1,1
2:,utexb3016_scaffold_17_g551.t1,1
2:,utexb3016_scaffold_17_g606.t1,1
2:,utexb3016_scaffold_17_g626.t1,1
2:,utexb3016_scaffold_17_g631.t1,1
2:,utexb3016_scaffold_18_g313.t1,1
2:,utexb3016_scaffold_18_g4.t1,1
2:,utexb3016_scaffold_17_g309.t1,1
2:,utexb3016_scaffold_21_g1116.t1,1
2:,utexb3016_scaffold_20_g491.t1,1
2:,utexb3016_scaffold_20_g512.t1,1
2:,utexb3016_scaffold_20_g90.t1,1
2:,utexb3016_scaffold_21_g1006.t1,1
2:,utexb3016_scaffold_21_g1023.t1,1
2:,utexb3016_scaffold_21_g1030.t1,1
2:,utexb3016_scaffold_21_g1047.t1,1
2:,utexb3016_scaffold_21_g1149.t1,1
2:,utexb3016_scaffold_20_g43.t1,1
2:,utexb3016_scaffold_21_g1162.t1,1
2:,utexb3016_scaffold_21_g1163.t1,1
2:,utexb3016_scaffold_21_g1182.t1,1
2:,utexb3016_scaffold_21_g1238.t1,1
2:,utexb3016_scaffold_21_g1243.t1,1
2:,utexb3016_scaffold_21_g1249.t1,1
2:,utexb3016_scaffold_21_g126.t1,1
2:,utexb3016_scaffold_20_g448.t1,1
2:,utexb3016_scaffold_20_g412.t1,1
2:,utexb3016_scaffold_18_g450.t1,1
2:,utexb3016_scaffold_18_g824.t1,1
2:,utexb3016_scaffold_18_g511.t1,1
2:,utexb3016_scaffold_18_g603.t1,1
2:,utexb3016_scaffold_18_g618.t1,1
2:,utexb3016_scaffold_18_g658.t1,1
2:,utexb3016_scaffold_18_g721.t1,1
2:,utexb3016_scaffold_18_g76.t1,1
2:,utexb3016_scaffold_18_g762.t1,1
2:,utexb3016_scaffold_18_g855.t1,1
2:,utexb3016_scaffold_20_g4.t1,1
2:,utexb3016_scaffold_19_g1381.t1,1
2:,utexb3016_scaffold_20_g105.t1,1
2:,utexb3016_scaffold_20_g136.t1,1
2:,utexb3016_scaffold_20_g191.t1,1
2:,utexb3016_scaffold_20_g211.t1,1
2:,utexb3016_scaffold_20_g350.t1,1
2:,utexb3016_scaffold_20_g371.t1,1
2:,utexb3016_scaffold_17_g343.t1,1
2:,utexb3016_scaffold_17_g289.t1,1
30:,utexb3016_scaffold_21_g544.t1,1
2:,utexb3016_scaffold_14_g201.t1,1
2:,utexb3016_scaffold_13_g256.t1,1
2:,utexb3016_scaffold_13_g3.t1,1
2:,utexb3016_scaffold_13_g42.t1,1
2:,utexb3016_scaffold_13_g6.t1,1
2:,utexb3016_scaffold_13_g83.t1,1
2:,utexb3016_scaffold_14_g156.t1,1
2:,utexb3016_scaffold_14_g17.t1,1
2:,utexb3016_scaffold_14_g40.t1,1
2:,utexb3016_scaffold_13_g189.t1,1
2:,utexb3016_scaffold_14_g66.t1,1
2:,utexb3016_scaffold_14_g98.t1,1
2:,utexb3016_scaffold_15_g107.t1,1
2:,utexb3016_scaffold_15_g142.t1,1
2:,utexb3016_scaffold_15_g267.t1,1
2:,utexb3016_scaffold_15_g296.t1,1
2:,utexb3016_scaffold_15_g328.t1,1
2:,utexb3016_scaffold_13_g249.t1,1
2:,utexb3016_scaffold_13_g181.t1,1
2:,utexb3016_scaffold_15_g412.t1,1
2:,utexb3016_scaffold_12_g394.t1,1
2:,utexb3016_scaffold_10_g9.t1,1
2:,utexb3016_scaffold_12_g145.t1,1
2:,utexb3016_scaffold_12_g168.t1,1
2:,utexb3016_scaffold_12_g20.t1,1
2:,utexb3016_scaffold_12_g248.t1,1
2:,utexb3016_scaffold_12_g269.t1,1
2:,utexb3016_scaffold_12_g294.t1,1
2:,utexb3016_scaffold_12_g396.t1,1
2:,utexb3016_scaffold_13_g18.t1,1
2:,utexb3016_scaffold_12_g486.t1,1
2:,utexb3016_scaffold_12_g514.t1,1
2:,utexb3016_scaffold_12_g550.t1,1
2:,utexb3016_scaffold_12_g583.t1,1
2:,utexb3016_scaffold_12_g677.t1,1
2:,utexb3016_scaffold_12_g729.t1,1
2:,utexb3016_scaffold_13_g11.t1,1
2:,utexb3016_scaffold_15_g407.t1,1
2:,utexb3016_scaffold_15_g420.t1,1
2:,utexb3016_scaffold_17_g261.t1,1
2:,utexb3016_scaffold_16_g855.t1,1
2:,utexb3016_scaffold_16_g617.t1,1
2:,utexb3016_scaffold_16_g683.t1,1
2:,utexb3016_scaffold_16_g698.t1,1
2:,utexb3016_scaffold_16_g71.t1,1
2:,utexb3016_scaffold_16_g719.t1,1
2:,utexb3016_scaffold_16_g788.t1,1
2:,utexb3016_scaffold_16_g809.t1,1
2:,utexb3016_scaffold_16_g977.t1,1
2:,utexb3016_scaffold_16_g558.t1,1
2:,utexb3016_scaffold_17_g109.t1,1
2:,utexb3016_scaffold_17_g170.t1,1
2:,utexb3016_scaffold_17_g201.t1,1
2:,utexb3016_scaffold_17_g207.t1,1
2:,utexb3016_scaffold_17_g233.t1,1
2:,utexb3016_scaffold_17_g234.t1,1
2:,utexb3016_scaffold_17_g253.t1,1
2:,utexb3016_scaffold_16_g599.t1,1
2:,utexb3016_scaffold_16_g555.t1,1
2:,utexb3016_scaffold_15_g514.t1,1
2:,utexb3016_scaffold_16_g11.t1,1
2:,utexb3016_scaffold_15_g564.t1,1
2:,utexb3016_scaffold_15_g605.t1,1
2:,utexb3016_scaffold_15_g696.t1,1
2:,utexb3016_scaffold_15_g723.t1,1
2:,utexb3016_scaffold_15_g728.t1,1
2:,utexb3016_scaffold_15_g92.t1,1
2:,utexb3016_scaffold_16_g102.t1,1
2:,utexb3016_scaffold_16_g131.t1,1
2:,utexb3016_scaffold_16_g520.t1,1
2:,utexb3016_scaffold_16_g170.t1,1
2:,utexb3016_scaffold_16_g214.t1,1
2:,utexb3016_scaffold_16_g286.t1,1
2:,utexb3016_scaffold_16_g348.t1,1
2:,utexb3016_scaffold_16_g369.t1,1
2:,utexb3016_scaffold_16_g41.t1,1
2:,utexb3016_scaffold_16_g468.t1,1
2:,utexb3016_scaffold_21_g1269.t1,1
2:,utexb3016_scaffold_21_g1296.t1,1
2:,utexb3016_scaffold_21_g13.t1,1
2:,utexb3016_scaffold_22_g948.t1,1
2:,utexb3016_scaffold_22_g852.t1,1
2:,utexb3016_scaffold_22_g856.t1,1
2:,utexb3016_scaffold_22_g860.t1,1
2:,utexb3016_scaffold_22_g864.t1,1
2:,utexb3016_scaffold_22_g919.t1,1
2:,utexb3016_scaffold_22_g925.t1,1
2:,utexb3016_scaffold_22_g927.t1,1
2:,utexb3016_scaffold_22_g959.t1,1
2:,utexb3016_scaffold_22_g795.t1,1
2:,utexb3016_scaffold_22_g963.t1,1
2:,utexb3016_scaffold_22_g979.t1,1
2:,utexb3016_scaffold_22_g993.t1,1
2:,utexb3016_scaffold_7_g117.t1,1
2:,utexb3016_scaffold_7_g140.t1,1
2:,utexb3016_scaffold_7_g165.t1,1
2:,utexb3016_scaffold_7_g216.t1,1
2:,utexb3016_scaffold_22_g810.t1,1
2:,utexb3016_scaffold_22_g775.t1,1
2:,utexb3016_scaffold_7_g270.t1,1
2:,utexb3016_scaffold_22_g624.t1,1
2:,utexb3016_scaffold_22_g583.t1,1
2:,utexb3016_scaffold_22_g59.t1,1
2:,utexb3016_scaffold_22_g598.t1,1
2:,utexb3016_scaffold_22_g603.t1,1
2:,utexb3016_scaffold_22_g612.t1,1
2:,utexb3016_scaffold_22_g616.t1,1
2:,utexb3016_scaffold_22_g621.t1,1
2:,utexb3016_scaffold_22_g644.t1,1
2:,utexb3016_scaffold_22_g768.t1,1
2:,utexb3016_scaffold_22_g647.t1,1
2:,utexb3016_scaffold_22_g653.t1,1
2:,utexb3016_scaffold_22_g655.t1,1
2:,utexb3016_scaffold_22_g656.t1,1
2:,utexb3016_scaffold_22_g663.t1,1
2:,utexb3016_scaffold_22_g710.t1,1
2:,utexb3016_scaffold_22_g721.t1,1
2:,utexb3016_scaffold_7_g237.t1,1
2:,utexb3016_scaffold_7_g278.t1,1
2:,utexb3016_scaffold_21_g1307.t1,1
30:,utexb3016_scaffold_12_g671.t1,1
30:,utex395_scaffold_2_g297.t1,1
30:,utexb3016_scaffold_10_g122.t1,1
30:,utexb3016_scaffold_10_g321.t1,1
30:,utexb3016_scaffold_10_g387.t1,1
30:,utexb3016_scaffold_10_g571.t1,1
30:,utexb3016_scaffold_12_g368.t1,1
30:,utexb3016_scaffold_12_g473.t1,1
30:,utexb3016_scaffold_15_g644.t1,1
30:,utex395_scaffold_25_g1059.t1,1
30:,utexb3016_scaffold_16_g438.t1,1
30:,utexb3016_scaffold_16_g663.t1,1
30:,utexb3016_scaffold_16_g978.t1,1
30:,utexb3016_scaffold_17_g793.t1,1
30:,utexb3016_scaffold_17_g932.t1,1
30:,utexb3016_scaffold_18_g830.t1,1
30:,utexb3016_scaffold_20_g332.t1,1
30:,utex395_scaffold_25_g348.t1,1
30:,utex395_scaffold_20_g69.t1,1
2:,utexb3016_scaffold_7_g303.t1,1
30:,utex2526_scaffold_15_g319.t1,1
2:,utexb3016_scaffold_7_g352.t1,1
2:,utexb3016_scaffold_7_g370.t1,1
2:,utexb3016_scaffold_7_g416.t1,1
30:,utex2526_scaffold_12_g421.t1,1
30:,utex2526_scaffold_12_g545.t1,1
30:,utex2526_scaffold_14_g347.t1,1
30:,utex2526_scaffold_15_g292.t1,1
30:,utex2526_scaffold_15_g379.t1,1
30:,utex395_scaffold_20_g230.t1,1
30:,utex2526_scaffold_15_g611.t1,1
30:,utex2526_scaffold_15_g839.t1,1
30:,utex395_scaffold_17_g164.t1,1
30:,utex395_scaffold_18_g529.t1,1
30:,utex395_scaffold_1_g356.t1,1
30:,utex395_scaffold_1_g87.t1,1
30:,utex395_scaffold_20_g175.t1,1
2:,utexb3016_scaffold_22_g576.t1,1
2:,utexb3016_scaffold_22_g575.t1,1
2:,utexb3016_scaffold_22_g555.t1,1
2:,utexb3016_scaffold_21_g797.t1,1
2:,utexb3016_scaffold_21_g65.t1,1
2:,utexb3016_scaffold_21_g655.t1,1
2:,utexb3016_scaffold_21_g703.t1,1
2:,utexb3016_scaffold_21_g721.t1,1
2:,utexb3016_scaffold_21_g726.t1,1
2:,utexb3016_scaffold_21_g74.t1,1
2:,utexb3016_scaffold_21_g767.t1,1
2:,utexb3016_scaffold_21_g805.t1,1
2:,utexb3016_scaffold_21_g586.t1,1
2:,utexb3016_scaffold_21_g832.t1,1
2:,utexb3016_scaffold_21_g836.t1,1
2:,utexb3016_scaffold_21_g838.t1,1
2:,utexb3016_scaffold_21_g840.t1,1
2:,utexb3016_scaffold_21_g854.t1,1
2:,utexb3016_scaffold_21_g86.t1,1
2:,utexb3016_scaffold_21_g860.t1,1
2:,utexb3016_scaffold_21_g61.t1,1
2:,utexb3016_scaffold_21_g564.t1,1
2:,utexb3016_scaffold_22_g554.t1,1
2:,utexb3016_scaffold_21_g30.t1,1
2:,utexb3016_scaffold_21_g1327.t1,1
2:,utexb3016_scaffold_21_g1379.t1,1
2:,utexb3016_scaffold_21_g1396.t1,1
2:,utexb3016_scaffold_21_g209.t1,1
2:,utexb3016_scaffold_21_g240.t1,1
2:,utexb3016_scaffold_21_g253.t1,1
2:,utexb3016_scaffold_21_g259.t1,1
2:,utexb3016_scaffold_21_g306.t1,1
2:,utexb3016_scaffold_21_g548.t1,1
2:,utexb3016_scaffold_21_g320.t1,1
2:,utexb3016_scaffold_21_g341.t1,1
2:,utexb3016_scaffold_21_g364.t1,1
2:,utexb3016_scaffold_21_g390.t1,1
2:,utexb3016_scaffold_21_g417.t1,1
2:,utexb3016_scaffold_21_g439.t1,1
2:,utexb3016_scaffold_21_g483.t1,1
2:,utexb3016_scaffold_21_g890.t1,1
2:,utexb3016_scaffold_21_g906.t1,1
2:,utexb3016_scaffold_21_g912.t1,1
2:,utexb3016_scaffold_22_g248.t1,1
2:,utexb3016_scaffold_22_g1366.t1,1
2:,utexb3016_scaffold_22_g1481.t1,1
2:,utexb3016_scaffold_22_g174.t1,1
2:,utexb3016_scaffold_22_g194.t1,1
2:,utexb3016_scaffold_22_g219.t1,1
2:,utexb3016_scaffold_22_g223.t1,1
2:,utexb3016_scaffold_22_g231.t1,1
2:,utexb3016_scaffold_22_g276.t1,1
2:,utexb3016_scaffold_21_g939.t1,1
2:,utexb3016_scaffold_22_g298.t1,1
2:,utexb3016_scaffold_22_g322.t1,1
2:,utexb3016_scaffold_22_g340.t1,1
2:,utexb3016_scaffold_22_g372.t1,1
2:,utexb3016_scaffold_22_g418.t1,1
2:,utexb3016_scaffold_22_g480.t1,1
2:,utexb3016_scaffold_22_g485.t1,1
2:,utexb3016_scaffold_22_g1332.t1,1
2:,utexb3016_scaffold_22_g1311.t1,1
2:,utexb3016_scaffold_22_g1276.t1,1
2:,utexb3016_scaffold_22_g1238.t1,1
2:,utexb3016_scaffold_21_g948.t1,1
2:,utexb3016_scaffold_21_g955.t1,1
2:,utexb3016_scaffold_22_g10.t1,1
2:,utexb3016_scaffold_22_g1024.t1,1
2:,utexb3016_scaffold_22_g1026.t1,1
2:,utexb3016_scaffold_22_g1057.t1,1
2:,utexb3016_scaffold_22_g1058.t1,1
2:,utexb3016_scaffold_22_g1072.t1,1
2:,utexb3016_scaffold_22_g1093.t1,1
2:,utexb3016_scaffold_22_g1094.t1,1
2:,utexb3016_scaffold_22_g11.t1,1
2:,utexb3016_scaffold_22_g1127.t1,1
2:,utexb3016_scaffold_22_g1145.t1,1
2:,utexb3016_scaffold_22_g1217.t1,1
2:,utexb3016_scaffold_22_g1218.t1,1
2:,utexb3016_scaffold_10_g776.t1,1
2:,utexb3016_scaffold_10_g768.t1,1
2:,utexb3016_scaffold_10_g740.t1,1
2:,utex395_scaffold_18_g127.t1,1
2:,utex395_scaffold_17_g501.t1,1
2:,utex395_scaffold_17_g515.t1,1
2:,utex395_scaffold_17_g577.t1,1
2:,utex395_scaffold_17_g618.t1,1
2:,utex395_scaffold_17_g73.t1,1
2:,utex395_scaffold_17_g8.t1,1
2:,utex395_scaffold_18_g111.t1,1
2:,utex395_scaffold_18_g146.t1,1
2:,utex395_scaffold_17_g455.t1,1
2:,utex395_scaffold_18_g185.t1,1
2:,utex395_scaffold_18_g205.t1,1
2:,utex395_scaffold_18_g213.t1,1
2:,utex395_scaffold_18_g244.t1,1
2:,utex395_scaffold_18_g276.t1,1
2:,utex395_scaffold_18_g293.t1,1
2:,utex395_scaffold_18_g299.t1,1
2:,utex395_scaffold_17_g484.t1,1
2:,utex395_scaffold_17_g429.t1,1
2:,utex395_scaffold_18_g346.t1,1
2:,utex395_scaffold_17_g257.t1,1
2:,utex395_scaffold_13_g74.t1,1
2:,utex395_scaffold_13_g92.t1,1
2:,utex395_scaffold_16_g223.t1,1
2:,utex395_scaffold_17_g206.t1,1
2:,utex395_scaffold_17_g229.t1,1
2:,utex395_scaffold_17_g233.t1,1
2:,utex395_scaffold_17_g243.t1,1
2:,utex395_scaffold_17_g325.t1,1
2:,utex395_scaffold_17_g42.t1,1
2:,utex395_scaffold_17_g33.t1,1
2:,utex395_scaffold_17_g373.t1,1
2:,utex395_scaffold_17_g381.t1,1
2:,utex395_scaffold_17_g395.t1,1
2:,utex395_scaffold_17_g406.t1,1
2:,utex395_scaffold_17_g414.t1,1
2:,utex395_scaffold_17_g417.t1,1
2:,utex395_scaffold_18_g301.t1,1
2:,utex395_scaffold_18_g365.t1,1
2:,utex395_scaffold_1_g455.t1,1
2:,utex395_scaffold_1_g223.t1,1
2:,utex395_scaffold_19_g12.t1,1
2:,utex395_scaffold_19_g207.t1,1
2:,utex395_scaffold_1_g13.t1,1
2:,utex395_scaffold_1_g135.t1,1
2:,utex395_scaffold_1_g16.t1,1
2:,utex395_scaffold_1_g170.t1,1
2:,utex395_scaffold_1_g199.t1,1
2:,utex395_scaffold_1_g253.t1,1
2:,utex395_scaffold_18_g78.t1,1
2:,utex395_scaffold_1_g263.t1,1
2:,utex395_scaffold_1_g31.t1,1
2:,utex395_scaffold_1_g311.t1,1
2:,utex395_scaffold_1_g345.t1,1
2:,utex395_scaffold_1_g363.t1,1
2:,utex395_scaffold_1_g372.t1,1
2:,utex395_scaffold_1_g398.t1,1
2:,utex395_scaffold_18_g95.t1,1
2:,utex395_scaffold_18_g726.t1,1
2:,utex395_scaffold_18_g401.t1,1
2:,utex395_scaffold_18_g480.t1,1
2:,utex395_scaffold_18_g416.t1,1
2:,utex395_scaffold_18_g418.t1,1
2:,utex395_scaffold_18_g420.t1,1
2:,utex395_scaffold_18_g422.t1,1
2:,utex395_scaffold_18_g45.t1,1
2:,utex395_scaffold_18_g450.t1,1
2:,utex395_scaffold_18_g456.t1,1
2:,utex395_scaffold_18_g487.t1,1
2:,utex395_scaffold_18_g691.t1,1
2:,utex395_scaffold_18_g523.t1,1
2:,utex395_scaffold_18_g540.t1,1
2:,utex395_scaffold_18_g556.t1,1
2:,utex395_scaffold_18_g590.t1,1
2:,utex395_scaffold_18_g634.t1,1
2:,utex395_scaffold_18_g635.t1,1
2:,utex395_scaffold_18_g66.t1,1
2:,utex395_scaffold_13_g58.t1,1
2:,utex395_scaffold_12_g13.t1,1
2:,utex395_scaffold_12_g12.t1,1
2:,utex2526_scaffold_15_g736.t1,1
2:,utex2526_scaffold_15_g554.t1,1
2:,utex2526_scaffold_15_g568.t1,1
2:,utex2526_scaffold_15_g583.t1,1
2:,utex2526_scaffold_15_g684.t1,1
2:,utex2526_scaffold_15_g707.t1,1
2:,utex2526_scaffold_15_g720.t1,1
2:,utex2526_scaffold_15_g734.t1,1
2:,utex2526_scaffold_15_g751.t1,1
2:,utex2526_scaffold_15_g537.t1,1
2:,utex2526_scaffold_15_g760.t1,1
2:,utex2526_scaffold_15_g767.t1,1
2:,utex2526_scaffold_15_g788.t1,1
2:,utex2526_scaffold_15_g789.t1,1
2:,utex2526_scaffold_15_g791.t1,1
2:,utex2526_scaffold_15_g80.t1,1
2:,utex2526_scaffold_15_g806.t1,1
2:,utex2526_scaffold_15_g538.t1,1
2:,utex2526_scaffold_15_g499.t1,1
2:,utex2526_scaffold_7_g86.t1,1
2:,utex2526_scaffold_15_g257.t1,1
2:,utex2526_scaffold_15_g1126.t1,1
2:,utex2526_scaffold_15_g1148.t1,1
2:,utex2526_scaffold_15_g1196.t1,1
2:,utex2526_scaffold_15_g150.t1,1
2:,utex2526_scaffold_15_g152.t1,1
2:,utex2526_scaffold_15_g168.t1,1
2:,utex2526_scaffold_15_g233.t1,1
2:,utex2526_scaffold_15_g294.t1,1
2:,utex2526_scaffold_15_g484.t1,1
2:,utex2526_scaffold_15_g298.t1,1
2:,utex2526_scaffold_15_g308.t1,1
2:,utex2526_scaffold_15_g324.t1,1
2:,utex2526_scaffold_15_g326.t1,1
2:,utex2526_scaffold_15_g402.t1,1
2:,utex2526_scaffold_15_g408.t1,1
2:,utex2526_scaffold_15_g443.t1,1
2:,utex2526_scaffold_15_g827.t1,1
2:,utex2526_scaffold_15_g829.t1,1
2:,utex2526_scaffold_15_g85.t1,1
2:,utex2526_scaffold_3_g262.t1,1
2:,utex2526_scaffold_27_g540.t1,1
2:,utex2526_scaffold_27_g603.t1,1
2:,utex2526_scaffold_3_g123.t1,1
2:,utex2526_scaffold_3_g13.t1,1
2:,utex2526_scaffold_3_g153.t1,1
2:,utex2526_scaffold_3_g171.t1,1
2:,utex2526_scaffold_3_g246.t1,1
2:,utex2526_scaffold_3_g269.t1,1
2:,utex2526_scaffold_15_g857.t1,1
2:,utex2526_scaffold_3_g3.t1,1
2:,utex2526_scaffold_3_g40.t1,1
2:,utex2526_scaffold_3_g58.t1,1
2:,utex2526_scaffold_3_g79.t1,1
2:,utex2526_scaffold_3_g87.t1,1
2:,utex2526_scaffold_4_g12.t1,1
2:,utex2526_scaffold_7_g68.t1,1
2:,utex2526_scaffold_25_g60.t1,1
2:,utex2526_scaffold_23_g82.t1,1
2:,utex2526_scaffold_23_g11.t1,1
2:,utex2526_scaffold_23_g109.t1,1
2:,utex2526_scaffold_15_g864.t1,1
2:,utex2526_scaffold_15_g884.t1,1
2:,utex2526_scaffold_15_g891.t1,1
2:,utex2526_scaffold_15_g921.t1,1
2:,utex2526_scaffold_15_g922.t1,1
2:,utex2526_scaffold_15_g942.t1,1
2:,utex2526_scaffold_15_g960.t1,1
2:,utex2526_scaffold_15_g989.t1,1
2:,utex2526_scaffold_17_g7.t1,1
2:,utex2526_scaffold_17_g8.t1,1
2:,utex2526_scaffold_18_g5.t1,1
2:,utex2526_scaffold_19_g4.t1,1
2:,utex2526_scaffold_1_g15.t1,1
2:,utex2526_scaffold_1_g4.t1,1
2:,utex2526_scaffold_22_g19.t1,1
2:,utex395_scaffold_1_g430.t1,1
2:,utex395_scaffold_1_g483.t1,1
2:,utexb3016_scaffold_10_g717.t1,1
2:,utex395_scaffold_2_g106.t1,1
2:,utex395_scaffold_25_g877.t1,1
2:,utex395_scaffold_25_g89.t1,1
2:,utex395_scaffold_25_g902.t1,1
2:,utex395_scaffold_25_g914.t1,1
2:,utex395_scaffold_25_g933.t1,1
2:,utex395_scaffold_25_g981.t1,1
2:,utex395_scaffold_25_g995.t1,1
2:,utex395_scaffold_2_g11.t1,1
2:,utex395_scaffold_25_g818.t1,1
2:,utex395_scaffold_2_g12.t1,1
2:,utex395_scaffold_2_g125.t1,1
2:,utex395_scaffold_2_g135.t1,1
2:,utex395_scaffold_2_g165.t1,1
2:,utex395_scaffold_2_g177.t1,1
2:,utex395_scaffold_2_g204.t1,1
2:,utex395_scaffold_2_g209.t1,1
2:,utex395_scaffold_25_g856.t1,1
2:,utex395_scaffold_25_g803.t1,1
2:,utex395_scaffold_2_g252.t1,1
2:,utex395_scaffold_25_g516.t1,1
2:,utex395_scaffold_25_g203.t1,1
2:,utex395_scaffold_25_g254.t1,1
2:,utex395_scaffold_25_g277.t1,1
2:,utex395_scaffold_25_g297.t1,1
2:,utex395_scaffold_25_g351.t1,1
2:,utex395_scaffold_25_g474.t1,1
2:,utex395_scaffold_25_g508.t1,1
2:,utex395_scaffold_25_g578.t1,1
2:,utex395_scaffold_25_g787.t1,1
2:,utex395_scaffold_25_g589.t1,1
2:,utex395_scaffold_25_g617.t1,1
2:,utex395_scaffold_25_g62.t1,1
2:,utex395_scaffold_25_g653.t1,1
2:,utex395_scaffold_25_g686.t1,1
2:,utex395_scaffold_25_g718.t1,1
2:,utex395_scaffold_25_g763.t1,1
2:,utex395_scaffold_2_g249.t1,1
2:,utex395_scaffold_2_g256.t1,1
2:,utex395_scaffold_1_g65.t1,1
2:,utexb3016_scaffold_10_g38.t1,1
2:,utexb3016_scaffold_10_g204.t1,1
2:,utexb3016_scaffold_10_g225.t1,1
2:,utexb3016_scaffold_10_g252.t1,1
2:,utexb3016_scaffold_10_g255.t1,1
2:,utexb3016_scaffold_10_g291.t1,1
2:,utexb3016_scaffold_10_g321.t1,1
2:,utexb3016_scaffold_10_g325.t1,1
2:,utexb3016_scaffold_10_g44.t1,1
2:,utex395_scaffold_4_g527.t1,1
2:,utexb3016_scaffold_10_g445.t1,1
2:,utexb3016_scaffold_10_g466.t1,1
2:,utexb3016_scaffold_10_g468.t1,1
2:,utexb3016_scaffold_10_g528.t1,1
2:,utexb3016_scaffold_10_g577.t1,1
2:,utexb3016_scaffold_10_g634.t1,1
2:,utexb3016_scaffold_10_g696.t1,1
2:,utexb3016_scaffold_10_g157.t1,1
2:,utex395_scaffold_4_g493.t1,1
2:,utex395_scaffold_2_g27.t1,1
2:,utex395_scaffold_2_g382.t1,1
2:,utex395_scaffold_2_g271.t1,1
2:,utex395_scaffold_2_g275.t1,1
2:,utex395_scaffold_2_g285.t1,1
2:,utex395_scaffold_2_g316.t1,1
2:,utex395_scaffold_2_g321.t1,1
2:,utex395_scaffold_2_g340.t1,1
2:,utex395_scaffold_2_g354.t1,1
2:,utex395_scaffold_2_g389.t1,1
2:,utex395_scaffold_4_g457.t1,1
2:,utex395_scaffold_2_g405.t1,1
2:,utex395_scaffold_2_g433.t1,1
2:,utex395_scaffold_2_g495.t1,1
2:,utex395_scaffold_2_g53.t1,1
2:,utex395_scaffold_3_g96.t1,1
2:,utex395_scaffold_4_g221.t1,1
2:,utex395_scaffold_4_g405.t1,1
2:,utex395_scaffold_25_g197.t1,1
2:,utex395_scaffold_25_g17.t1,1
2:,utex395_scaffold_25_g161.t1,1
2:,utex395_scaffold_23_g236.t1,1
2:,utex395_scaffold_20_g798.t1,1
2:,utex395_scaffold_20_g8.t1,1
2:,utex395_scaffold_22_g326.t1,1
2:,utex395_scaffold_22_g416.t1,1
2:,utex395_scaffold_23_g162.t1,1
2:,utex395_scaffold_23_g172.t1,1
2:,utex395_scaffold_23_g216.t1,1
2:,utex395_scaffold_23_g271.t1,1
2:,utex395_scaffold_20_g764.t1,1
2:,utex395_scaffold_23_g298.t1,1
2:,utex395_scaffold_23_g322.t1,1
2:,utex395_scaffold_23_g410.t1,1
2:,utex395_scaffold_23_g51.t1,1
2:,utex395_scaffold_23_g57.t1,1
2:,utex395_scaffold_23_g66.t1,1
2:,utex395_scaffold_23_g9.t1,1
2:,utex395_scaffold_20_g776.t1,1
2:,utex395_scaffold_20_g740.t1,1
2:,utex395_scaffold_25_g1382.t1,1
2:,utex395_scaffold_20_g26.t1,1
2:,utex395_scaffold_1_g7.t1,1
2:,utex395_scaffold_1_g82.t1,1
2:,utex395_scaffold_1_g99.t1,1
2:,utex395_scaffold_20_g104.t1,1
2:,utex395_scaffold_20_g117.t1,1
2:,utex395_scaffold_20_g144.t1,1
2:,utex395_scaffold_20_g189.t1,1
2:,utex395_scaffold_20_g263.t1,1
2:,utex395_scaffold_20_g694.t1,1
2:,utex395_scaffold_20_g373.t1,1
2:,utex395_scaffold_20_g525.t1,1
2:,utex395_scaffold_20_g537.t1,1
2:,utex395_scaffold_20_g568.t1,1
2:,utex395_scaffold_20_g610.t1,1
2:,utex395_scaffold_20_g63.t1,1
2:,utex395_scaffold_20_g653.t1,1
2:,utex395_scaffold_23_g90.t1,1
2:,utex395_scaffold_24_g159.t1,1
2:,utex395_scaffold_24_g175.t1,1
2:,utex395_scaffold_24_g97.t1,1
2:,utex395_scaffold_24_g672.t1,1
2:,utex395_scaffold_24_g682.t1,1
2:,utex395_scaffold_24_g74.t1,1
2:,utex395_scaffold_24_g774.t1,1
2:,utex395_scaffold_24_g79.t1,1
2:,utex395_scaffold_24_g825.t1,1
2:,utex395_scaffold_24_g831.t1,1
2:,utex395_scaffold_25_g1120.t1,1
2:,utex395_scaffold_24_g240.t1,1
2:,utex395_scaffold_25_g1122.t1,1
2:,utex395_scaffold_25_g1149.t1,1
2:,utex395_scaffold_25_g1185.t1,1
2:,utex395_scaffold_25_g1233.t1,1
2:,utex395_scaffold_25_g127.t1,1
2:,utex395_scaffold_25_g1298.t1,1
2:,utex395_scaffold_25_g1323.t1,1
2:,utex395_scaffold_24_g669.t1,1
2:,utex395_scaffold_24_g649.t1,1
2:,utex395_scaffold_24_g572.t1,1
2:,utex395_scaffold_24_g564.t1,1
2:,utex395_scaffold_24_g263.t1,1
2:,utex395_scaffold_24_g281.t1,1
2:,utex395_scaffold_24_g310.t1,1
2:,utex395_scaffold_24_g340.t1,1
2:,utex395_scaffold_24_g347.t1,1
2:,utex395_scaffold_24_g364.t1,1
2:,utex395_scaffold_24_g387.t1,1
2:,utex395_scaffold_24_g402.t1,1
2:,utex395_scaffold_24_g411.t1,1
2:,utex395_scaffold_24_g451.t1,1
2:,utex395_scaffold_24_g464.t1,1
2:,utex395_scaffold_24_g488.t1,1
2:,utex395_scaffold_24_g514.t1,1
2:,utex395_scaffold_24_g542.t1,1
2:,utex395_scaffold_24_g553.t1,1
30:,utexb3016_scaffold_21_g170.t1,1
30:,utexb3016_scaffold_21_g907.t1,1
2:,utex2526_scaffold_15_g111.t1,1
3:,utex2526_scaffold_15_g724.t1,1
3:,utex2526_scaffold_15_g555.t1,1
3:,utex2526_scaffold_15_g581.t1,1
3:,utex2526_scaffold_15_g584.t1,1
3:,utex2526_scaffold_15_g645.t1,1
3:,utex2526_scaffold_15_g646.t1,1
3:,utex2526_scaffold_15_g685.t1,1
3:,utex2526_scaffold_15_g708.t1,1
3:,utex2526_scaffold_15_g735.t1,1
3:,utex2526_scaffold_15_g539.t1,1
3:,utex2526_scaffold_15_g738.t1,1
3:,utex2526_scaffold_15_g752.t1,1
3:,utex2526_scaffold_15_g762.t1,1
3:,utex2526_scaffold_15_g772.t1,1
3:,utex2526_scaffold_15_g789.t1,1
3:,utex2526_scaffold_15_g790.t1,1
3:,utex2526_scaffold_15_g796.t1,1
3:,utex2526_scaffold_15_g543.t1,1
3:,utex2526_scaffold_15_g504.t1,1
3:,utex2526_scaffold_15_g830.t1,1
3:,utex2526_scaffold_15_g302.t1,1
3:,utex2526_scaffold_15_g158.t1,1
3:,utex2526_scaffold_15_g170.t1,1
3:,utex2526_scaffold_15_g235.t1,1
3:,utex2526_scaffold_15_g245.t1,1
3:,utex2526_scaffold_15_g260.t1,1
3:,utex2526_scaffold_15_g277.t1,1
3:,utex2526_scaffold_15_g295.t1,1
3:,utex2526_scaffold_15_g312.t1,1
3:,utex2526_scaffold_15_g492.t1,1
3:,utex2526_scaffold_15_g325.t1,1
3:,utex2526_scaffold_15_g331.t1,1
3:,utex2526_scaffold_15_g403.t1,1
3:,utex2526_scaffold_15_g410.t1,1
3:,utex2526_scaffold_15_g455.t1,1
3:,utex2526_scaffold_15_g459.t1,1
3:,utex2526_scaffold_15_g460.t1,1
3:,utex2526_scaffold_15_g828.t1,1
3:,utex2526_scaffold_15_g844.t1,1
3:,utex2526_scaffold_15_g115.t1,1
3:,utex2526_scaffold_3_g14.t1,1
3:,utex2526_scaffold_23_g110.t1,1
3:,utex2526_scaffold_23_g14.t1,1
3:,utex2526_scaffold_23_g83.t1,1
3:,utex2526_scaffold_25_g64.t1,1
3:,utex2526_scaffold_27_g541.t1,1
3:,utex2526_scaffold_27_g626.t1,1
3:,utex2526_scaffold_3_g124.t1,1
3:,utex2526_scaffold_3_g156.t1,1
3:,utex2526_scaffold_22_g25.t1,1
3:,utex2526_scaffold_3_g173.t1,1
3:,utex2526_scaffold_3_g247.t1,1
3:,utex2526_scaffold_3_g266.t1,1
3:,utex2526_scaffold_3_g272.t1,1
3:,utex2526_scaffold_3_g42.t1,1
3:,utex2526_scaffold_3_g5.t1,1
3:,utex2526_scaffold_3_g59.t1,1
3:,utex2526_scaffold_22_g7.t1,1
3:,utex2526_scaffold_22_g20.t1,1
3:,utex2526_scaffold_15_g845.t1,1
3:,utex2526_scaffold_15_g923.t1,1
3:,utex2526_scaffold_15_g85.t1,1
3:,utex2526_scaffold_15_g858.t1,1
3:,utex2526_scaffold_15_g86.t1,1
3:,utex2526_scaffold_15_g865.t1,1
3:,utex2526_scaffold_15_g885.t1,1
3:,utex2526_scaffold_15_g894.t1,1
3:,utex2526_scaffold_15_g922.t1,1
3:,utex2526_scaffold_15_g946.t1,1
3:,utex2526_scaffold_22_g11.t1,1
3:,utex2526_scaffold_15_g963.t1,1
3:,utex2526_scaffold_15_g990.t1,1
3:,utex2526_scaffold_17_g8.t1,1
3:,utex2526_scaffold_18_g8.t1,1
3:,utex2526_scaffold_19_g10.t1,1
3:,utex2526_scaffold_1_g16.t1,1
3:,utex2526_scaffold_1_g5.t1,1
3:,utex2526_scaffold_15_g1209.t1,1
3:,utex2526_scaffold_15_g1149.t1,1
30:,utexb3016_scaffold_22_g1008.t1,1
3:,utex2526_scaffold_12_g659.t1,1
3:,utex2526_scaffold_12_g54.t1,1
3:,utex2526_scaffold_12_g561.t1,1
3:,utex2526_scaffold_12_g591.t1,1
3:,utex2526_scaffold_12_g602.t1,1
3:,utex2526_scaffold_12_g604.t1,1
3:,utex2526_scaffold_12_g616.t1,1
3:,utex2526_scaffold_12_g620.t1,1
3:,utex2526_scaffold_12_g719.t1,1
3:,utex2526_scaffold_12_g525.t1,1
3:,utex2526_scaffold_12_g72.t1,1
3:,utex2526_scaffold_12_g76.t1,1
3:,utex2526_scaffold_12_g88.t1,1
3:,utex2526_scaffold_13_g161.t1,1
3:,utex2526_scaffold_13_g22.t1,1
3:,utex2526_scaffold_13_g224.t1,1
3:,utex2526_scaffold_13_g254.t1,1
3:,utex2526_scaffold_12_g526.t1,1
3:,utex2526_scaffold_12_g510.t1,1
3:,utex2526_scaffold_13_g59.t1,1
3:,utex2526_scaffold_12_g317.t1,1
3:,utex2526_scaffold_12_g240.t1,1
3:,utex2526_scaffold_12_g242.t1,1
3:,utex2526_scaffold_12_g265.t1,1
3:,utex2526_scaffold_12_g274.t1,1
3:,utex2526_scaffold_12_g300.t1,1
3:,utex2526_scaffold_12_g302.t1,1
3:,utex2526_scaffold_12_g308.t1,1
3:,utex2526_scaffold_12_g338.t1,1
3:,utex2526_scaffold_12_g467.t1,1
3:,utex2526_scaffold_12_g339.t1,1
3:,utex2526_scaffold_12_g349.t1,1
3:,utex2526_scaffold_12_g361.t1,1
3:,utex2526_scaffold_12_g373.t1,1
3:,utex2526_scaffold_12_g384.t1,1
3:,utex2526_scaffold_12_g436.t1,1
3:,utex2526_scaffold_12_g437.t1,1
3:,utex2526_scaffold_13_g33.t1,1
3:,utex2526_scaffold_13_g83.t1,1
3:,utex2526_scaffold_15_g1128.t1,1
3:,utex2526_scaffold_14_g51.t1,1
3:,utex2526_scaffold_14_g380.t1,1
3:,utex2526_scaffold_14_g387.t1,1
3:,utex2526_scaffold_14_g40.t1,1
3:,utex2526_scaffold_14_g404.t1,1
3:,utex2526_scaffold_14_g425.t1,1
3:,utex2526_scaffold_14_g470.t1,1
3:,utex2526_scaffold_14_g486.t1,1
3:,utex2526_scaffold_14_g516.t1,1
3:,utex2526_scaffold_14_g35.t1,1
3:,utex2526_scaffold_14_g530.t1,1
3:,utex2526_scaffold_14_g60.t1,1
3:,utex2526_scaffold_14_g66.t1,1
3:,utex2526_scaffold_15_g1011.t1,1
3:,utex2526_scaffold_15_g1014.t1,1
3:,utex2526_scaffold_15_g1025.t1,1
3:,utex2526_scaffold_15_g1120.t1,1
3:,utex2526_scaffold_14_g366.t1,1
3:,utex2526_scaffold_14_g310.t1,1
3:,utex2526_scaffold_14_g119.t1,1
3:,utex2526_scaffold_14_g183.t1,1
3:,utex2526_scaffold_14_g127.t1,1
3:,utex2526_scaffold_14_g135.t1,1
3:,utex2526_scaffold_14_g136.t1,1
3:,utex2526_scaffold_14_g156.t1,1
3:,utex2526_scaffold_14_g158.t1,1
3:,utex2526_scaffold_14_g159.t1,1
3:,utex2526_scaffold_14_g161.t1,1
3:,utex2526_scaffold_14_g192.t1,1
3:,utex2526_scaffold_14_g301.t1,1
3:,utex2526_scaffold_14_g196.t1,1
3:,utex2526_scaffold_14_g236.t1,1
3:,utex2526_scaffold_14_g243.t1,1
3:,utex2526_scaffold_14_g263.t1,1
3:,utex2526_scaffold_14_g274.t1,1
3:,utex2526_scaffold_14_g275.t1,1
3:,utex2526_scaffold_14_g29.t1,1
3:,utex2526_scaffold_3_g80.t1,1
3:,utex2526_scaffold_3_g88.t1,1
3:,utex2526_scaffold_4_g17.t1,1
3:,utex395_scaffold_23_g105.t1,1
3:,utex395_scaffold_20_g695.t1,1
3:,utex395_scaffold_20_g743.t1,1
3:,utex395_scaffold_20_g768.t1,1
3:,utex395_scaffold_20_g777.t1,1
3:,utex395_scaffold_20_g802.t1,1
3:,utex395_scaffold_20_g9.t1,1
3:,utex395_scaffold_22_g331.t1,1
3:,utex395_scaffold_23_g14.t1,1
3:,utex395_scaffold_20_g64.t1,1
3:,utex395_scaffold_23_g173.t1,1
3:,utex395_scaffold_23_g177.t1,1
3:,utex395_scaffold_23_g217.t1,1
3:,utex395_scaffold_23_g242.t1,1
3:,utex395_scaffold_23_g272.t1,1
3:,utex395_scaffold_23_g310.t1,1
3:,utex395_scaffold_23_g324.t1,1
3:,utex395_scaffold_20_g654.t1,1
3:,utex395_scaffold_20_g569.t1,1
3:,utex395_scaffold_23_g57.t1,1
3:,utex395_scaffold_1_g95.t1,1
3:,utex395_scaffold_1_g376.t1,1
3:,utex395_scaffold_1_g384.t1,1
3:,utex395_scaffold_1_g399.t1,1
3:,utex395_scaffold_1_g433.t1,1
3:,utex395_scaffold_1_g468.t1,1
3:,utex395_scaffold_1_g485.t1,1
0:,utex2526_scaffold_10_g269.t1,1
3:,utex395_scaffold_20_g105.t1,1
3:,utex395_scaffold_20_g548.t1,1
3:,utex395_scaffold_20_g118.t1,1
3:,utex395_scaffold_20_g145.t1,1
3:,utex395_scaffold_20_g192.t1,1
3:,utex395_scaffold_20_g264.t1,1
3:,utex395_scaffold_20_g27.t1,1
3:,utex395_scaffold_20_g374.t1,1
3:,utex395_scaffold_20_g532.t1,1
3:,utex395_scaffold_23_g419.t1,1
3:,utex395_scaffold_23_g59.t1,1
3:,utex2526_scaffold_7_g86.t1,1
3:,utex395_scaffold_24_g92.t1,1
3:,utex395_scaffold_24_g654.t1,1
3:,utex395_scaffold_24_g683.t1,1
3:,utex395_scaffold_24_g685.t1,1
3:,utex395_scaffold_24_g695.t1,1
3:,utex395_scaffold_24_g775.t1,1
3:,utex395_scaffold_24_g832.t1,1
3:,utex395_scaffold_24_g834.t1,1
3:,utex395_scaffold_24_g93.t1,1
3:,utex395_scaffold_24_g566.t1,1
3:,utex395_scaffold_24_g98.t1,1
3:,utex395_scaffold_25_g1003.t1,1
3:,utex395_scaffold_25_g1123.t1,1
3:,utex395_scaffold_25_g1125.t1,1
3:,utex395_scaffold_25_g1166.t1,1
3:,utex395_scaffold_25_g1187.t1,1
3:,utex395_scaffold_25_g1247.t1,1
3:,utex395_scaffold_24_g587.t1,1
3:,utex395_scaffold_24_g554.t1,1
3:,utex395_scaffold_23_g75.t1,1
3:,utex395_scaffold_24_g350.t1,1
3:,utex395_scaffold_24_g176.t1,1
3:,utex395_scaffold_24_g178.t1,1
3:,utex395_scaffold_24_g241.t1,1
3:,utex395_scaffold_24_g264.t1,1
3:,utex395_scaffold_24_g282.t1,1
3:,utex395_scaffold_24_g312.t1,1
3:,utex395_scaffold_24_g341.t1,1
3:,utex395_scaffold_24_g366.t1,1
3:,utex395_scaffold_24_g544.t1,1
3:,utex395_scaffold_24_g396.t1,1
3:,utex395_scaffold_24_g404.t1,1
3:,utex395_scaffold_24_g420.t1,1
3:,utex395_scaffold_24_g452.t1,1
3:,utex395_scaffold_24_g465.t1,1
3:,utex395_scaffold_24_g511.t1,1
3:,utex395_scaffold_24_g517.t1,1
3:,utex395_scaffold_1_g346.t1,1
3:,utex395_scaffold_1_g32.t1,1
3:,utex395_scaffold_1_g312.t1,1
3:,utex395_scaffold_17_g516.t1,1
3:,utex395_scaffold_17_g417.t1,1
3:,utex395_scaffold_17_g43.t1,1
3:,utex395_scaffold_17_g431.t1,1
3:,utex395_scaffold_17_g434.t1,1
3:,utex395_scaffold_17_g457.t1,1
3:,utex395_scaffold_17_g488.t1,1
3:,utex395_scaffold_17_g502.t1,1
3:,utex395_scaffold_17_g80.t1,1
3:,utex395_scaffold_17_g382.t1,1
3:,utex395_scaffold_18_g100.t1,1
3:,utex395_scaffold_18_g114.t1,1
3:,utex395_scaffold_18_g128.t1,1
3:,utex395_scaffold_18_g147.t1,1
3:,utex395_scaffold_18_g187.t1,1
3:,utex395_scaffold_18_g207.t1,1
3:,utex395_scaffold_18_g214.t1,1
3:,utex395_scaffold_17_g396.t1,1
3:,utex395_scaffold_17_g375.t1,1
3:,utex395_scaffold_1_g270.t1,1
3:,utex395_scaffold_15_g60.t1,1
3:,utex2526_scaffold_7_g88.t1,1
3:,utex395_scaffold_13_g18.t1,1
3:,utex395_scaffold_13_g23.t1,1
3:,utex395_scaffold_13_g59.t1,1
3:,utex395_scaffold_13_g75.t1,1
3:,utex395_scaffold_15_g106.t1,1
3:,utex395_scaffold_15_g114.t1,1
3:,utex395_scaffold_17_g10.t1,1
3:,utex395_scaffold_17_g36.t1,1
3:,utex395_scaffold_17_g176.t1,1
3:,utex395_scaffold_17_g207.t1,1
3:,utex395_scaffold_17_g234.t1,1
3:,utex395_scaffold_17_g242.t1,1
3:,utex395_scaffold_17_g247.t1,1
3:,utex395_scaffold_17_g258.t1,1
3:,utex395_scaffold_17_g327.t1,1
3:,utex395_scaffold_18_g245.t1,1
3:,utex395_scaffold_18_g279.t1,1
3:,utex395_scaffold_18_g296.t1,1
3:,utex395_scaffold_1_g100.t1,1
3:,utex395_scaffold_18_g637.t1,1
3:,utex395_scaffold_18_g67.t1,1
3:,utex395_scaffold_18_g693.t1,1
3:,utex395_scaffold_18_g729.t1,1
3:,utex395_scaffold_18_g79.t1,1
3:,utex395_scaffold_19_g17.t1,1
3:,utex395_scaffold_19_g208.t1,1
3:,utex395_scaffold_1_g13.t1,1
3:,utex395_scaffold_18_g302.t1,1
3:,utex395_scaffold_1_g136.t1,1
3:,utex395_scaffold_1_g15.t1,1
3:,utex395_scaffold_1_g17.t1,1
3:,utex395_scaffold_1_g180.t1,1
3:,utex395_scaffold_1_g201.t1,1
3:,utex395_scaffold_1_g227.t1,1
3:,utex395_scaffold_1_g258.t1,1
3:,utex395_scaffold_18_g636.t1,1
3:,utex395_scaffold_18_g6.t1,1
3:,utex395_scaffold_18_g591.t1,1
3:,utex395_scaffold_18_g559.t1,1
3:,utex395_scaffold_18_g307.t1,1
3:,utex395_scaffold_18_g347.t1,1
3:,utex395_scaffold_18_g367.t1,1
3:,utex395_scaffold_18_g402.t1,1
3:,utex395_scaffold_18_g417.t1,1
3:,utex395_scaffold_18_g422.t1,1
3:,utex395_scaffold_18_g423.t1,1
3:,utex395_scaffold_18_g425.t1,1
3:,utex395_scaffold_18_g451.t1,1
3:,utex395_scaffold_18_g458.t1,1
3:,utex395_scaffold_18_g46.t1,1
3:,utex395_scaffold_18_g483.t1,1
3:,utex395_scaffold_18_g488.t1,1
3:,utex395_scaffold_18_g525.t1,1
3:,utex395_scaffold_18_g541.t1,1
3:,utex2526_scaffold_12_g196.t1,1
3:,utex2526_scaffold_12_g195.t1,1
3:,utex2526_scaffold_12_g187.t1,1
33:,utexb3016_scaffold_17_g939.t1,1
33:,utexb3016_scaffold_12_g478.t1,1
33:,utexb3016_scaffold_12_g684.t1,1
33:,utexb3016_scaffold_15_g668.t1,1
33:,utexb3016_scaffold_16_g445.t1,1
33:,utexb3016_scaffold_16_g668.t1,1
33:,utexb3016_scaffold_16_g983.t1,1
33:,utexb3016_scaffold_17_g799.t1,1
33:,utexb3016_scaffold_18_g839.t1,1
33:,utexb3016_scaffold_10_g390.t1,1
33:,utexb3016_scaffold_20_g345.t1,1
33:,utexb3016_scaffold_21_g186.t1,1
33:,utexb3016_scaffold_21_g551.t1,1
33:,utexb3016_scaffold_21_g919.t1,1
33:,utexb3016_scaffold_22_g1188.t1,1
33:,utexb3016_scaffold_22_g162.t1,1
33:,utexb3016_scaffold_22_g365.t1,1
33:,utexb3016_scaffold_10_g591.t1,1
33:,utexb3016_scaffold_10_g333.t1,1
34:,utex2526_scaffold_12_g576.t1,1
33:,utex2526_scaffold_15_g614.t1,1
32:,utexb3016_scaffold_22_g364.t1,1
32:,utexb3016_scaffold_22_g411.t1,1
33:,utex2526_scaffold_12_g573.t1,1
33:,utex2526_scaffold_14_g353.t1,1
33:,utex2526_scaffold_15_g298.t1,1
33:,utex2526_scaffold_15_g341.t1,1
33:,utex2526_scaffold_15_g383.t1,1
33:,utex395_scaffold_17_g171.t1,1
33:,utexb3016_scaffold_10_g129.t1,1
33:,utex395_scaffold_1_g104.t1,1
33:,utex395_scaffold_20_g180.t1,1
33:,utex395_scaffold_20_g235.t1,1
33:,utex395_scaffold_20_g72.t1,1
33:,utex395_scaffold_25_g1072.t1,1
33:,utex395_scaffold_25_g372.t1,1
33:,utex395_scaffold_2_g302.t1,1
33:,utexb3016_scaffold_22_g413.t1,1
34:,utex2526_scaffold_14_g354.t1,1
35:,utex395_scaffold_20_g76.t1,1
34:,utexb3016_scaffold_22_g368.t1,1
34:,utexb3016_scaffold_18_g841.t1,1
34:,utexb3016_scaffold_20_g355.t1,1
34:,utexb3016_scaffold_21_g188.t1,1
34:,utexb3016_scaffold_21_g552.t1,1
34:,utexb3016_scaffold_21_g922.t1,1
34:,utexb3016_scaffold_22_g1189.t1,1
34:,utexb3016_scaffold_22_g163.t1,1
34:,utexb3016_scaffold_22_g425.t1,1
34:,utexb3016_scaffold_16_g993.t1,1
35:,utex2526_scaffold_15_g309.t1,1
35:,utex2526_scaffold_15_g343.t1,1
35:,utex2526_scaffold_15_g385.t1,1
35:,utex2526_scaffold_15_g616.t1,1
35:,utex395_scaffold_17_g178.t1,1
35:,utex395_scaffold_1_g111.t1,1
35:,utex395_scaffold_20_g183.t1,1
34:,utexb3016_scaffold_17_g943.t1,1
34:,utexb3016_scaffold_16_g670.t1,1
34:,utex2526_scaffold_15_g299.t1,1
34:,utex395_scaffold_20_g73.t1,1
34:,utex2526_scaffold_15_g342.t1,1
34:,utex2526_scaffold_15_g384.t1,1
34:,utex2526_scaffold_15_g615.t1,1
34:,utex395_scaffold_17_g172.t1,1
34:,utex395_scaffold_1_g108.t1,1
34:,utex395_scaffold_20_g182.t1,1
34:,utex395_scaffold_20_g237.t1,1
34:,utex395_scaffold_25_g1073.t1,1
34:,utexb3016_scaffold_16_g447.t1,1
34:,utex395_scaffold_25_g378.t1,1
34:,utex395_scaffold_2_g303.t1,1
34:,utexb3016_scaffold_10_g334.t1,1
34:,utexb3016_scaffold_10_g399.t1,1
34:,utexb3016_scaffold_12_g479.t1,1
34:,utexb3016_scaffold_12_g695.t1,1
34:,utexb3016_scaffold_15_g669.t1,1
32:,utexb3016_scaffold_22_g160.t1,1
32:,utexb3016_scaffold_22_g1185.t1,1
32:,utexb3016_scaffold_22_g1012.t1,1
31:,utexb3016_scaffold_15_g645.t1,1
31:,utexb3016_scaffold_10_g324.t1,1
31:,utexb3016_scaffold_10_g388.t1,1
31:,utexb3016_scaffold_10_g573.t1,1
31:,utexb3016_scaffold_12_g258.t1,1
31:,utexb3016_scaffold_12_g379.t1,1
31:,utexb3016_scaffold_12_g475.t1,1
31:,utexb3016_scaffold_12_g674.t1,1
31:,utexb3016_scaffold_16_g441.t1,1
31:,utex395_scaffold_2_g300.t1,1
31:,utexb3016_scaffold_16_g665.t1,1
31:,utexb3016_scaffold_16_g981.t1,1
31:,utexb3016_scaffold_17_g794.t1,1
31:,utexb3016_scaffold_17_g933.t1,1
31:,utexb3016_scaffold_18_g834.t1,1
31:,utexb3016_scaffold_20_g338.t1,1
31:,utexb3016_scaffold_21_g171.t1,1
31:,utexb3016_scaffold_10_g123.t1,1
31:,utex395_scaffold_25_g358.t1,1
32:,utexb3016_scaffold_21_g918.t1,1
31:,utex2526_scaffold_15_g332.t1,1
30:,utexb3016_scaffold_22_g1177.t1,1
30:,utexb3016_scaffold_22_g155.t1,1
30:,utexb3016_scaffold_22_g359.t1,1
30:,utexb3016_scaffold_22_g406.t1,1
31:,utex2526_scaffold_12_g422.t1,1
31:,utex2526_scaffold_14_g348.t1,1
31:,utex2526_scaffold_15_g293.t1,1
31:,utex2526_scaffold_15_g380.t1,1
31:,utex395_scaffold_25_g1063.t1,1
31:,utex2526_scaffold_15_g612.t1,1
31:,utex395_scaffold_17_g167.t1,1
31:,utex395_scaffold_18_g531.t1,1
31:,utex395_scaffold_1_g93.t1,1
31:,utex395_scaffold_20_g176.t1,1
31:,utex395_scaffold_20_g231.t1,1
31:,utex395_scaffold_20_g70.t1,1
31:,utexb3016_scaffold_21_g547.t1,1
31:,utexb3016_scaffold_21_g913.t1,1
31:,utexb3016_scaffold_22_g1011.t1,1
32:,utexb3016_scaffold_16_g444.t1,1
32:,utexb3016_scaffold_10_g329.t1,1
32:,utexb3016_scaffold_10_g389.t1,1
32:,utexb3016_scaffold_10_g574.t1,1
32:,utexb3016_scaffold_12_g390.t1,1
32:,utexb3016_scaffold_12_g476.t1,1
32:,utexb3016_scaffold_12_g680.t1,1
32:,utexb3016_scaffold_15_g655.t1,1
32:,utexb3016_scaffold_16_g666.t1,1
31:,utexb3016_scaffold_22_g1182.t1,1
32:,utexb3016_scaffold_16_g982.t1,1
32:,utexb3016_scaffold_17_g795.t1,1
32:,utexb3016_scaffold_17_g935.t1,1
32:,utexb3016_scaffold_18_g838.t1,1
32:,utexb3016_scaffold_20_g340.t1,1
32:,utexb3016_scaffold_21_g175.t1,1
32:,utexb3016_scaffold_21_g548.t1,1
32:,utexb3016_scaffold_10_g125.t1,1
32:,utex395_scaffold_2_g301.t1,1
32:,utex395_scaffold_25_g371.t1,1
32:,utex395_scaffold_25_g1065.t1,1
31:,utexb3016_scaffold_22_g159.t1,1
31:,utexb3016_scaffold_22_g363.t1,1
31:,utexb3016_scaffold_22_g410.t1,1
32:,utex2526_scaffold_12_g424.t1,1
32:,utex2526_scaffold_12_g559.t1,1
32:,utex2526_scaffold_14_g351.t1,1
32:,utex2526_scaffold_15_g294.t1,1
32:,utex2526_scaffold_15_g338.t1,1
32:,utex2526_scaffold_15_g381.t1,1
32:,utex2526_scaffold_15_g613.t1,1
32:,utex395_scaffold_17_g169.t1,1
32:,utex395_scaffold_1_g97.t1,1
32:,utex395_scaffold_20_g178.t1,1
32:,utex395_scaffold_20_g232.t1,1
32:,utex395_scaffold_20_g71.t1,1
35:,utex395_scaffold_20_g238.t1,1
35:,utex395_scaffold_25_g1075.t1,1
3:,utex2526_scaffold_12_g177.t1,1
39:,utex395_scaffold_25_g1090.t1,1
39:,utex2526_scaffold_15_g353.t1,1
39:,utex2526_scaffold_15_g392.t1,1
39:,utex2526_scaffold_15_g627.t1,1
39:,utex395_scaffold_17_g190.t1,1
39:,utex395_scaffold_1_g120.t1,1
39:,utex395_scaffold_20_g245.t1,1
39:,utex395_scaffold_20_g80.t1,1
39:,utex395_scaffold_25_g388.t1,1
38:,utexb3016_scaffold_22_g372.t1,1
39:,utex395_scaffold_2_g318.t1,1
39:,utexb3016_scaffold_10_g351.t1,1
39:,utexb3016_scaffold_10_g405.t1,1
39:,utexb3016_scaffold_12_g710.t1,1
39:,utexb3016_scaffold_15_g682.t1,1
39:,utexb3016_scaffold_16_g460.t1,1
39:,utexb3016_scaffold_16_g705.t1,1
38:,utexb3016_scaffold_22_g446.t1,1
38:,utexb3016_scaffold_22_g178.t1,1
39:,utexb3016_scaffold_18_g870.t1,1
38:,utexb3016_scaffold_12_g706.t1,1
38:,utex395_scaffold_20_g243.t1,1
38:,utex395_scaffold_20_g79.t1,1
38:,utex395_scaffold_25_g1084.t1,1
38:,utex395_scaffold_25_g387.t1,1
38:,utex395_scaffold_2_g307.t1,1
38:,utexb3016_scaffold_10_g345.t1,1
38:,utexb3016_scaffold_10_g404.t1,1
38:,utexb3016_scaffold_15_g673.t1,1
38:,utexb3016_scaffold_22_g1201.t1,1
38:,utexb3016_scaffold_16_g458.t1,1
38:,utexb3016_scaffold_16_g704.t1,1
38:,utexb3016_scaffold_17_g948.t1,1
38:,utexb3016_scaffold_18_g855.t1,1
38:,utexb3016_scaffold_20_g377.t1,1
38:,utexb3016_scaffold_21_g207.t1,1
38:,utexb3016_scaffold_21_g940.t1,1
39:,utexb3016_scaffold_17_g949.t1,1
39:,utexb3016_scaffold_20_g379.t1,1
35:,utex395_scaffold_25_g380.t1,1
3:,utex2526_scaffold_10_g73.t1,1
3:,utex2526_scaffold_10_g572.t1,1
3:,utex2526_scaffold_10_g573.t1,1
3:,utex2526_scaffold_10_g593.t1,1
3:,utex2526_scaffold_10_g629.t1,1
3:,utex2526_scaffold_10_g648.t1,1
3:,utex2526_scaffold_10_g66.t1,1
3:,utex2526_scaffold_10_g705.t1,1
3:,utex2526_scaffold_10_g89.t1,1
3:,utex2526_scaffold_10_g550.t1,1
3:,utex2526_scaffold_11_g10.t1,1
3:,utex2526_scaffold_11_g42.t1,1
3:,utex2526_scaffold_11_g59.t1,1
3:,utex2526_scaffold_12_g125.t1,1
3:,utex2526_scaffold_12_g144.t1,1
3:,utex2526_scaffold_12_g16.t1,1
3:,utex2526_scaffold_12_g172.t1,1
3:,utex2526_scaffold_10_g553.t1,1
3:,utex2526_scaffold_10_g511.t1,1
39:,utexb3016_scaffold_21_g208.t1,1
3:,utex2526_scaffold_10_g273.t1,1
39:,utexb3016_scaffold_21_g944.t1,1
39:,utexb3016_scaffold_22_g1202.t1,1
39:,utexb3016_scaffold_22_g182.t1,1
39:,utexb3016_scaffold_22_g374.t1,1
39:,utexb3016_scaffold_22_g450.t1,1
3:,utex2526_scaffold_10_g103.t1,1
3:,utex2526_scaffold_10_g181.t1,1
3:,utex2526_scaffold_10_g34.t1,1
3:,utex2526_scaffold_10_g503.t1,1
3:,utex2526_scaffold_10_g387.t1,1
3:,utex2526_scaffold_10_g392.t1,1
3:,utex2526_scaffold_10_g443.t1,1
3:,utex2526_scaffold_10_g457.t1,1
3:,utex2526_scaffold_10_g458.t1,1
3:,utex2526_scaffold_10_g474.t1,1
3:,utex2526_scaffold_10_g501.t1,1
38:,utex395_scaffold_1_g119.t1,1
38:,utex395_scaffold_17_g183.t1,1
38:,utex2526_scaffold_15_g626.t1,1
36:,utex395_scaffold_25_g1076.t1,1
36:,utex2526_scaffold_15_g386.t1,1
36:,utex2526_scaffold_15_g618.t1,1
36:,utex395_scaffold_17_g179.t1,1
36:,utex395_scaffold_1_g112.t1,1
36:,utex395_scaffold_20_g184.t1,1
36:,utex395_scaffold_20_g239.t1,1
36:,utex395_scaffold_20_g77.t1,1
36:,utex395_scaffold_25_g382.t1,1
36:,utex2526_scaffold_15_g322.t1,1
36:,utex395_scaffold_2_g305.t1,1
36:,utexb3016_scaffold_10_g339.t1,1
36:,utexb3016_scaffold_10_g401.t1,1
36:,utexb3016_scaffold_12_g481.t1,1
36:,utexb3016_scaffold_12_g703.t1,1
36:,utexb3016_scaffold_15_g671.t1,1
36:,utexb3016_scaffold_16_g450.t1,1
36:,utex2526_scaffold_15_g347.t1,1
35:,utexb3016_scaffold_22_g426.t1,1
38:,utex2526_scaffold_15_g391.t1,1
35:,utexb3016_scaffold_16_g675.t1,1
35:,utex395_scaffold_2_g304.t1,1
35:,utexb3016_scaffold_10_g335.t1,1
35:,utexb3016_scaffold_10_g400.t1,1
35:,utexb3016_scaffold_12_g480.t1,1
35:,utexb3016_scaffold_12_g701.t1,1
35:,utexb3016_scaffold_15_g670.t1,1
35:,utexb3016_scaffold_16_g449.t1,1
35:,utexb3016_scaffold_17_g944.t1,1
35:,utexb3016_scaffold_22_g369.t1,1
35:,utexb3016_scaffold_18_g844.t1,1
35:,utexb3016_scaffold_20_g359.t1,1
35:,utexb3016_scaffold_21_g191.t1,1
35:,utexb3016_scaffold_21_g553.t1,1
35:,utexb3016_scaffold_21_g929.t1,1
35:,utexb3016_scaffold_22_g1191.t1,1
35:,utexb3016_scaffold_22_g165.t1,1
36:,utexb3016_scaffold_16_g679.t1,1
36:,utexb3016_scaffold_17_g945.t1,1
36:,utexb3016_scaffold_18_g852.t1,1
37:,utexb3016_scaffold_20_g369.t1,1
37:,utexb3016_scaffold_12_g482.t1,1
37:,utexb3016_scaffold_12_g705.t1,1
37:,utexb3016_scaffold_15_g672.t1,1
37:,utexb3016_scaffold_16_g456.t1,1
37:,utexb3016_scaffold_16_g688.t1,1
37:,utexb3016_scaffold_17_g947.t1,1
37:,utexb3016_scaffold_18_g853.t1,1
37:,utexb3016_scaffold_21_g205.t1,1
36:,utexb3016_scaffold_20_g367.t1,1
37:,utexb3016_scaffold_21_g572.t1,1
37:,utexb3016_scaffold_21_g934.t1,1
37:,utexb3016_scaffold_22_g1200.t1,1
37:,utexb3016_scaffold_22_g167.t1,1
37:,utexb3016_scaffold_22_g371.t1,1
37:,utexb3016_scaffold_22_g440.t1,1
38:,utex2526_scaffold_15_g352.t1,1
37:,utexb3016_scaffold_10_g402.t1,1
37:,utexb3016_scaffold_10_g343.t1,1
37:,utex395_scaffold_2_g306.t1,1
37:,utex395_scaffold_25_g383.t1,1
36:,utexb3016_scaffold_21_g203.t1,1
36:,utexb3016_scaffold_21_g569.t1,1
36:,utexb3016_scaffold_21_g931.t1,1
36:,utexb3016_scaffold_22_g1196.t1,1
36:,utexb3016_scaffold_22_g166.t1,1
36:,utexb3016_scaffold_22_g370.t1,1
36:,utexb3016_scaffold_22_g439.t1,1
37:,utex2526_scaffold_15_g351.t1,1
37:,utex2526_scaffold_15_g387.t1,1
37:,utex2526_scaffold_15_g625.t1,1
37:,utex395_scaffold_17_g180.t1,1
37:,utex395_scaffold_1_g114.t1,1
37:,utex395_scaffold_20_g241.t1,1
37:,utex395_scaffold_20_g78.t1,1
37:,utex395_scaffold_25_g1078.t1,1
2:,utex2526_scaffold_15_g1119.t1,1
2:,utex2526_scaffold_15_g1072.t1,1
1:,utex395_scaffold_18_g416.t1,1
1:,utexb3016_scaffold_22_g482.t1,1
1:,utexb3016_scaffold_22_g287.t1,1
1:,utexb3016_scaffold_22_g297.t1,1
1:,utexb3016_scaffold_22_g321.t1,1
1:,utexb3016_scaffold_22_g339.t1,1
1:,utexb3016_scaffold_22_g370.t1,1
1:,utexb3016_scaffold_22_g417.t1,1
1:,utexb3016_scaffold_22_g479.t1,1
1:,utexb3016_scaffold_22_g5.t1,1
1:,utexb3016_scaffold_22_g246.t1,1
1:,utexb3016_scaffold_22_g537.t1,1
1:,utexb3016_scaffold_22_g554.t1,1
1:,utexb3016_scaffold_22_g56.t1,1
1:,utexb3016_scaffold_22_g571.t1,1
1:,utexb3016_scaffold_22_g572.t1,1
1:,utexb3016_scaffold_22_g575.t1,1
1:,utexb3016_scaffold_22_g594.t1,1
1:,utexb3016_scaffold_22_g274.t1,1
1:,utexb3016_scaffold_22_g222.t1,1
1:,utexb3016_scaffold_22_g605.t1,1
1:,utexb3016_scaffold_22_g1237.t1,1
1:,utexb3016_scaffold_22_g1071.t1,1
1:,utexb3016_scaffold_22_g1090.t1,1
1:,utexb3016_scaffold_22_g1093.t1,1
1:,utexb3016_scaffold_22_g1117.t1,1
1:,utexb3016_scaffold_22_g1144.t1,1
1:,utexb3016_scaffold_22_g1203.t1,1
1:,utexb3016_scaffold_22_g1204.t1,1
1:,utexb3016_scaffold_22_g1275.t1,1
1:,utexb3016_scaffold_22_g219.t1,1
1:,utexb3016_scaffold_22_g1295.t1,1
1:,utexb3016_scaffold_22_g1331.t1,1
1:,utexb3016_scaffold_22_g1360.t1,1
1:,utexb3016_scaffold_22_g1480.t1,1
1:,utexb3016_scaffold_22_g169.t1,1
1:,utexb3016_scaffold_22_g193.t1,1
1:,utexb3016_scaffold_22_g217.t1,1
1:,utexb3016_scaffold_22_g597.t1,1
1:,utexb3016_scaffold_22_g611.t1,1
1:,utexb3016_scaffold_22_g1055.t1,1
1:,utexb3016_scaffold_7_g263.t1,1
1:,utexb3016_scaffold_22_g962.t1,1
1:,utexb3016_scaffold_22_g989.t1,1
1:,utexb3016_scaffold_7_g115.t1,1
1:,utexb3016_scaffold_7_g137.t1,1
1:,utexb3016_scaffold_7_g164.t1,1
1:,utexb3016_scaffold_7_g215.t1,1
1:,utexb3016_scaffold_7_g236.t1,1
1:,utexb3016_scaffold_7_g277.t1,1
1:,utexb3016_scaffold_22_g926.t1,1
1:,utexb3016_scaffold_7_g298.t1,1
1:,utexb3016_scaffold_7_g348.t1,1
1:,utexb3016_scaffold_7_g369.t1,1
1:,utexb3016_scaffold_7_g391.t1,1
20:,utex2526_scaffold_10_g185.t1,1
20:,utex2526_scaffold_10_g697.t1,1
20:,utex2526_scaffold_11_g29.t1,1
1:,utexb3016_scaffold_22_g960.t1,1
1:,utexb3016_scaffold_22_g924.t1,1
1:,utexb3016_scaffold_22_g619.t1,1
1:,utexb3016_scaffold_22_g757.t1,1
1:,utexb3016_scaffold_22_g620.t1,1
1:,utexb3016_scaffold_22_g646.t1,1
1:,utexb3016_scaffold_22_g654.t1,1
1:,utexb3016_scaffold_22_g655.t1,1
1:,utexb3016_scaffold_22_g659.t1,1
1:,utexb3016_scaffold_22_g703.t1,1
1:,utexb3016_scaffold_22_g720.t1,1
1:,utexb3016_scaffold_22_g763.t1,1
1:,utexb3016_scaffold_22_g918.t1,1
1:,utexb3016_scaffold_22_g782.t1,1
1:,utexb3016_scaffold_22_g809.t1,1
1:,utexb3016_scaffold_22_g847.t1,1
1:,utexb3016_scaffold_22_g851.t1,1
1:,utexb3016_scaffold_22_g859.t1,1
1:,utexb3016_scaffold_22_g860.t1,1
1:,utexb3016_scaffold_22_g9.t1,1
1:,utexb3016_scaffold_22_g1057.t1,1
1:,utexb3016_scaffold_22_g1025.t1,1
21:,utexb3016_scaffold_17_g969.t1,1
1:,utexb3016_scaffold_21_g1166.t1,1
1:,utexb3016_scaffold_20_g89.t1,1
1:,utexb3016_scaffold_21_g1005.t1,1
1:,utexb3016_scaffold_21_g1008.t1,1
1:,utexb3016_scaffold_21_g1029.t1,1
1:,utexb3016_scaffold_21_g1043.t1,1
1:,utexb3016_scaffold_21_g1095.t1,1
1:,utexb3016_scaffold_21_g1147.t1,1
1:,utexb3016_scaffold_21_g1231.t1,1
1:,utexb3016_scaffold_20_g488.t1,1
1:,utexb3016_scaffold_21_g1236.t1,1
1:,utexb3016_scaffold_21_g1248.t1,1
1:,utexb3016_scaffold_21_g125.t1,1
1:,utexb3016_scaffold_21_g1268.t1,1
1:,utexb3016_scaffold_21_g1282.t1,1
1:,utexb3016_scaffold_21_g1290.t1,1
1:,utexb3016_scaffold_21_g1326.t1,1
1:,utexb3016_scaffold_20_g511.t1,1
1:,utexb3016_scaffold_20_g443.t1,1
1:,utexb3016_scaffold_21_g1382.t1,1
1:,utexb3016_scaffold_19_g1367.t1,1
1:,utexb3016_scaffold_18_g720.t1,1
1:,utexb3016_scaffold_18_g739.t1,1
1:,utexb3016_scaffold_18_g74.t1,1
1:,utexb3016_scaffold_18_g740.t1,1
1:,utexb3016_scaffold_18_g761.t1,1
1:,utexb3016_scaffold_18_g823.t1,1
1:,utexb3016_scaffold_18_g853.t1,1
1:,utexb3016_scaffold_20_g103.t1,1
1:,utexb3016_scaffold_20_g437.t1,1
1:,utexb3016_scaffold_20_g189.t1,1
1:,utexb3016_scaffold_20_g208.t1,1
1:,utexb3016_scaffold_20_g3.t1,1
1:,utexb3016_scaffold_20_g349.t1,1
1:,utexb3016_scaffold_20_g370.t1,1
1:,utexb3016_scaffold_20_g411.t1,1
1:,utexb3016_scaffold_20_g42.t1,1
1:,utexb3016_scaffold_21_g1361.t1,1
1:,utexb3016_scaffold_21_g208.t1,1
1:,utexb3016_scaffold_22_g1004.t1,1
1:,utexb3016_scaffold_21_g85.t1,1
1:,utexb3016_scaffold_21_g721.t1,1
1:,utexb3016_scaffold_21_g766.t1,1
1:,utexb3016_scaffold_21_g796.t1,1
1:,utexb3016_scaffold_21_g8.t1,1
1:,utexb3016_scaffold_21_g804.t1,1
1:,utexb3016_scaffold_21_g833.t1,1
1:,utexb3016_scaffold_21_g837.t1,1
1:,utexb3016_scaffold_21_g853.t1,1
1:,utexb3016_scaffold_21_g71.t1,1
1:,utexb3016_scaffold_21_g859.t1,1
1:,utexb3016_scaffold_21_g880.t1,1
1:,utexb3016_scaffold_21_g889.t1,1
1:,utexb3016_scaffold_21_g911.t1,1
1:,utexb3016_scaffold_21_g934.t1,1
1:,utexb3016_scaffold_21_g938.t1,1
1:,utexb3016_scaffold_21_g950.t1,1
1:,utexb3016_scaffold_21_g718.t1,1
1:,utexb3016_scaffold_21_g702.t1,1
1:,utexb3016_scaffold_21_g239.t1,1
1:,utexb3016_scaffold_21_g388.t1,1
1:,utexb3016_scaffold_21_g250.t1,1
1:,utexb3016_scaffold_21_g258.t1,1
1:,utexb3016_scaffold_21_g27.t1,1
1:,utexb3016_scaffold_21_g294.t1,1
1:,utexb3016_scaffold_21_g318.t1,1
1:,utexb3016_scaffold_21_g340.t1,1
1:,utexb3016_scaffold_21_g343.t1,1
1:,utexb3016_scaffold_21_g402.t1,1
1:,utexb3016_scaffold_21_g652.t1,1
1:,utexb3016_scaffold_21_g438.t1,1
1:,utexb3016_scaffold_21_g474.t1,1
1:,utexb3016_scaffold_21_g544.t1,1
1:,utexb3016_scaffold_21_g561.t1,1
1:,utexb3016_scaffold_21_g584.t1,1
1:,utexb3016_scaffold_21_g59.t1,1
1:,utexb3016_scaffold_21_g64.t1,1
20:,utex2526_scaffold_11_g67.t1,1
20:,utex2526_scaffold_12_g405.t1,1
20:,utex2526_scaffold_12_g430.t1,1
21:,utex2526_scaffold_15_g366.t1,1
21:,utex2526_scaffold_14_g87.t1,1
21:,utex2526_scaffold_15_g107.t1,1
21:,utex2526_scaffold_15_g108.t1,1
21:,utex2526_scaffold_15_g205.t1,1
21:,utex2526_scaffold_15_g206.t1,1
21:,utex2526_scaffold_15_g271.t1,1
21:,utex2526_scaffold_15_g292.t1,1
21:,utex2526_scaffold_15_g597.t1,1
21:,utex2526_scaffold_14_g400.t1,1
21:,utex2526_scaffold_15_g634.t1,1
21:,utex2526_scaffold_15_g815.t1,1
21:,utex2526_scaffold_15_g820.t1,1
21:,utex2526_scaffold_1_g27.t1,1
21:,utex2526_scaffold_23_g114.t1,1
21:,utex395_scaffold_17_g135.t1,1
21:,utex395_scaffold_18_g143.t1,1
21:,utex2526_scaffold_14_g431.t1,1
21:,utex2526_scaffold_14_g332.t1,1
21:,utex395_scaffold_18_g520.t1,1
20:,utexb3016_scaffold_7_g203.t1,1
20:,utexb3016_scaffold_21_g883.t1,1
20:,utexb3016_scaffold_22_g1141.t1,1
20:,utexb3016_scaffold_22_g125.t1,1
20:,utexb3016_scaffold_22_g336.t1,1
20:,utexb3016_scaffold_22_g365.t1,1
20:,utexb3016_scaffold_22_g694.t1,1
20:,utexb3016_scaffold_22_g989.t1,1
21:,utex2526_scaffold_10_g190.t1,1
21:,utex2526_scaffold_14_g319.t1,1
21:,utex2526_scaffold_10_g642.t1,1
21:,utex2526_scaffold_11_g30.t1,1
21:,utex2526_scaffold_11_g68.t1,1
21:,utex2526_scaffold_12_g407.t1,1
21:,utex2526_scaffold_12_g494.t1,1
21:,utex2526_scaffold_13_g104.t1,1
21:,utex2526_scaffold_14_g102.t1,1
21:,utex395_scaffold_18_g266.t1,1
21:,utex395_scaffold_1_g212.t1,1
20:,utex2526_scaffold_12_g493.t1,1
21:,utexb3016_scaffold_15_g615.t1,1
21:,utexb3016_scaffold_10_g365.t1,1
21:,utexb3016_scaffold_10_g538.t1,1
21:,utexb3016_scaffold_12_g342.t1,1
21:,utexb3016_scaffold_12_g451.t1,1
21:,utexb3016_scaffold_12_g649.t1,1
21:,utexb3016_scaffold_13_g179.t1,1
21:,utexb3016_scaffold_15_g479.t1,1
21:,utexb3016_scaffold_16_g256.t1,1
21:,utexb3016_scaffold_10_g198.t1,1
21:,utexb3016_scaffold_16_g340.t1,1
21:,utexb3016_scaffold_16_g416.t1,1
21:,utexb3016_scaffold_16_g641.t1,1
21:,utexb3016_scaffold_16_g824.t1,1
21:,utexb3016_scaffold_16_g932.t1,1
21:,utexb3016_scaffold_17_g225.t1,1
21:,utexb3016_scaffold_17_g756.t1,1
21:,utexb3016_scaffold_10_g294.t1,1
21:,utexb3016_scaffold_10_g100.t1,1
21:,utex395_scaffold_1_g311.t1,1
21:,utex395_scaffold_24_g740.t1,1
21:,utex395_scaffold_1_g65.t1,1
21:,utex395_scaffold_20_g166.t1,1
21:,utex395_scaffold_20_g216.t1,1
21:,utex395_scaffold_20_g49.t1,1
21:,utex395_scaffold_23_g412.t1,1
21:,utex395_scaffold_24_g309.t1,1
21:,utex395_scaffold_24_g618.t1,1
21:,utex395_scaffold_24_g868.t1,1
21:,utex395_scaffold_2_g67.t1,1
21:,utex395_scaffold_25_g1046.t1,1
21:,utex395_scaffold_25_g328.t1,1
21:,utex395_scaffold_25_g563.t1,1
21:,utex395_scaffold_25_g739.t1,1
21:,utex395_scaffold_2_g209.t1,1
21:,utex395_scaffold_2_g269.t1,1
21:,utex395_scaffold_2_g352.t1,1
20:,utexb3016_scaffold_21_g806.t1,1
20:,utexb3016_scaffold_21_g517.t1,1
20:,utexb3016_scaffold_21_g1423.t1,1
20:,utex395_scaffold_20_g165.t1,1
20:,utex395_scaffold_17_g131.t1,1
20:,utex395_scaffold_18_g137.t1,1
20:,utex395_scaffold_18_g265.t1,1
20:,utex395_scaffold_18_g519.t1,1
20:,utex395_scaffold_1_g208.t1,1
20:,utex395_scaffold_1_g310.t1,1
20:,utex395_scaffold_1_g64.t1,1
20:,utex395_scaffold_20_g215.t1,1
20:,utex2526_scaffold_1_g26.t1,1
20:,utex395_scaffold_20_g48.t1,1
20:,utex395_scaffold_23_g403.t1,1
20:,utex395_scaffold_24_g301.t1,1
20:,utex395_scaffold_24_g549.t1,1
20:,utex395_scaffold_24_g617.t1,1
20:,utex395_scaffold_24_g734.t1,1
20:,utex395_scaffold_24_g867.t1,1
20:,utex2526_scaffold_23_g113.t1,1
20:,utex2526_scaffold_15_g819.t1,1
20:,utexb3016_scaffold_21_g1307.t1,1
20:,utex2526_scaffold_15_g106.t1,1
20:,utex2526_scaffold_13_g102.t1,1
20:,utex2526_scaffold_14_g101.t1,1
20:,utex2526_scaffold_14_g318.t1,1
20:,utex2526_scaffold_14_g331.t1,1
20:,utex2526_scaffold_14_g396.t1,1
20:,utex2526_scaffold_14_g420.t1,1
20:,utex2526_scaffold_14_g85.t1,1
20:,utex2526_scaffold_15_g107.t1,1
20:,utex2526_scaffold_15_g814.t1,1
20:,utex2526_scaffold_15_g204.t1,1
20:,utex2526_scaffold_15_g205.t1,1
20:,utex2526_scaffold_15_g270.t1,1
20:,utex2526_scaffold_15_g290.t1,1
20:,utex2526_scaffold_15_g364.t1,1
20:,utex2526_scaffold_15_g596.t1,1
20:,utex2526_scaffold_15_g630.t1,1
20:,utex395_scaffold_25_g1041.t1,1
20:,utex395_scaffold_25_g324.t1,1
20:,utex395_scaffold_25_g562.t1,1
20:,utexb3016_scaffold_17_g883.t1,1
20:,utexb3016_scaffold_16_g338.t1,1
20:,utexb3016_scaffold_16_g412.t1,1
20:,utexb3016_scaffold_16_g640.t1,1
20:,utexb3016_scaffold_16_g823.t1,1
20:,utexb3016_scaffold_16_g931.t1,1
20:,utexb3016_scaffold_17_g221.t1,1
20:,utexb3016_scaffold_17_g755.t1,1
20:,utexb3016_scaffold_17_g959.t1,1
20:,utex395_scaffold_25_g738.t1,1
20:,utexb3016_scaffold_18_g187.t1,1
20:,utexb3016_scaffold_18_g799.t1,1
20:,utexb3016_scaffold_20_g161.t1,1
20:,utexb3016_scaffold_20_g287.t1,1
20:,utexb3016_scaffold_21_g1126.t1,1
20:,utexb3016_scaffold_21_g120.t1,1
20:,utexb3016_scaffold_21_g126.t1,1
20:,utexb3016_scaffold_16_g254.t1,1
20:,utexb3016_scaffold_15_g598.t1,1
20:,utexb3016_scaffold_15_g478.t1,1
20:,utexb3016_scaffold_15_g320.t1,1
20:,utex395_scaffold_2_g200.t1,1
20:,utex395_scaffold_2_g268.t1,1
20:,utex395_scaffold_2_g350.t1,1
20:,utex395_scaffold_2_g66.t1,1
20:,utexb3016_scaffold_10_g196.t1,1
20:,utexb3016_scaffold_10_g279.t1,1
20:,utexb3016_scaffold_10_g292.t1,1
20:,utexb3016_scaffold_10_g364.t1,1
20:,utexb3016_scaffold_10_g525.t1,1
20:,utexb3016_scaffold_10_g96.t1,1
20:,utexb3016_scaffold_12_g341.t1,1
20:,utexb3016_scaffold_12_g450.t1,1
20:,utexb3016_scaffold_12_g646.t1,1
20:,utexb3016_scaffold_13_g175.t1,1
20:,utexb3016_scaffold_14_g86.t1,1
1:,utexb3016_scaffold_18_g651.t1,1
1:,utexb3016_scaffold_18_g617.t1,1
1:,utexb3016_scaffold_18_g599.t1,1
1:,utex395_scaffold_25_g1317.t1,1
1:,utex395_scaffold_25_g1113.t1,1
1:,utex395_scaffold_25_g1118.t1,1
1:,utex395_scaffold_25_g1147.t1,1
1:,utex395_scaffold_25_g1184.t1,1
1:,utex395_scaffold_25_g1226.t1,1
1:,utex395_scaffold_25_g126.t1,1
1:,utex395_scaffold_25_g1284.t1,1
1:,utex395_scaffold_25_g1378.t1,1
1:,utex395_scaffold_24_g821.t1,1
1:,utex395_scaffold_25_g145.t1,1
1:,utex395_scaffold_25_g189.t1,1
1:,utex395_scaffold_25_g196.t1,1
1:,utex395_scaffold_25_g247.t1,1
1:,utex395_scaffold_25_g276.t1,1
1:,utex395_scaffold_25_g287.t1,1
1:,utex395_scaffold_25_g349.t1,1
1:,utex395_scaffold_24_g826.t1,1
1:,utex395_scaffold_24_g82.t1,1
1:,utex395_scaffold_25_g501.t1,1
1:,utex395_scaffold_24_g552.t1,1
1:,utex395_scaffold_24_g401.t1,1
1:,utex395_scaffold_24_g410.t1,1
1:,utex395_scaffold_24_g449.t1,1
1:,utex395_scaffold_24_g462.t1,1
1:,utex395_scaffold_24_g487.t1,1
1:,utex395_scaffold_24_g512.t1,1
1:,utex395_scaffold_24_g528.t1,1
1:,utex395_scaffold_24_g562.t1,1
1:,utex395_scaffold_24_g78.t1,1
1:,utex395_scaffold_24_g571.t1,1
1:,utex395_scaffold_24_g648.t1,1
1:,utex395_scaffold_24_g663.t1,1
1:,utex395_scaffold_24_g667.t1,1
1:,utex395_scaffold_24_g681.t1,1
1:,utex395_scaffold_24_g72.t1,1
1:,utex395_scaffold_24_g769.t1,1
1:,utex395_scaffold_25_g473.t1,1
1:,utex395_scaffold_25_g514.t1,1
1:,utex395_scaffold_2_g352.t1,1
1:,utex395_scaffold_2_g242.t1,1
1:,utex395_scaffold_2_g11.t1,1
1:,utex395_scaffold_2_g123.t1,1
1:,utex395_scaffold_2_g132.t1,1
1:,utex395_scaffold_2_g141.t1,1
1:,utex395_scaffold_2_g157.t1,1
1:,utex395_scaffold_2_g198.t1,1
1:,utex395_scaffold_2_g200.t1,1
1:,utex395_scaffold_2_g246.t1,1
1:,utex395_scaffold_25_g980.t1,1
1:,utex395_scaffold_2_g25.t1,1
1:,utex395_scaffold_2_g251.t1,1
1:,utex395_scaffold_2_g264.t1,1
1:,utex395_scaffold_2_g269.t1,1
1:,utex395_scaffold_2_g284.t1,1
1:,utex395_scaffold_2_g311.t1,1
1:,utex395_scaffold_2_g315.t1,1
1:,utex395_scaffold_2_g105.t1,1
1:,utex395_scaffold_25_g974.t1,1
1:,utex395_scaffold_25_g575.t1,1
1:,utex395_scaffold_25_g762.t1,1
1:,utex395_scaffold_25_g586.t1,1
1:,utex395_scaffold_25_g61.t1,1
1:,utex395_scaffold_25_g613.t1,1
1:,utex395_scaffold_25_g650.t1,1
1:,utex395_scaffold_25_g685.t1,1
1:,utex395_scaffold_25_g7.t1,1
1:,utex395_scaffold_25_g712.t1,1
1:,utex395_scaffold_25_g786.t1,1
1:,utex395_scaffold_25_g919.t1,1
1:,utex395_scaffold_25_g802.t1,1
1:,utex395_scaffold_25_g817.t1,1
1:,utex395_scaffold_25_g844.t1,1
1:,utex395_scaffold_25_g86.t1,1
1:,utex395_scaffold_25_g875.t1,1
1:,utex395_scaffold_25_g898.t1,1
1:,utex395_scaffold_25_g912.t1,1
1:,utex395_scaffold_24_g386.t1,1
1:,utex395_scaffold_24_g362.t1,1
1:,utex395_scaffold_24_g346.t1,1
1:,utex395_scaffold_1_g369.t1,1
1:,utex395_scaffold_1_g217.t1,1
1:,utex395_scaffold_1_g247.t1,1
1:,utex395_scaffold_1_g258.t1,1
1:,utex395_scaffold_1_g27.t1,1
1:,utex395_scaffold_1_g310.t1,1
1:,utex395_scaffold_1_g344.t1,1
1:,utex395_scaffold_1_g361.t1,1
1:,utex395_scaffold_1_g394.t1,1
1:,utex395_scaffold_1_g165.t1,1
1:,utex395_scaffold_1_g426.t1,1
1:,utex395_scaffold_1_g442.t1,1
1:,utex395_scaffold_1_g475.t1,1
1:,utex395_scaffold_1_g6.t1,1
1:,utex395_scaffold_1_g64.t1,1
1:,utex395_scaffold_1_g76.t1,1
1:,utex395_scaffold_1_g95.t1,1
1:,utex395_scaffold_1_g185.t1,1
1:,utex395_scaffold_1_g15.t1,1
1:,utex395_scaffold_24_g338.t1,1
1:,utex395_scaffold_18_g631.t1,1
1:,utex395_scaffold_18_g454.t1,1
1:,utex395_scaffold_18_g479.t1,1
1:,utex395_scaffold_18_g486.t1,1
1:,utex395_scaffold_18_g522.t1,1
1:,utex395_scaffold_18_g554.t1,1
1:,utex395_scaffold_18_g589.t1,1
1:,utex395_scaffold_18_g630.t1,1
1:,utex395_scaffold_18_g65.t1,1
1:,utex395_scaffold_1_g134.t1,1
1:,utex395_scaffold_18_g689.t1,1
1:,utex395_scaffold_18_g725.t1,1
1:,utex395_scaffold_18_g77.t1,1
1:,utex395_scaffold_18_g88.t1,1
1:,utex395_scaffold_19_g11.t1,1
1:,utex395_scaffold_19_g206.t1,1
1:,utex395_scaffold_1_g10.t1,1
1:,utex395_scaffold_20_g103.t1,1
1:,utex395_scaffold_20_g109.t1,1
1:,utex395_scaffold_20_g143.t1,1
1:,utex395_scaffold_23_g47.t1,1
1:,utex395_scaffold_23_g235.t1,1
1:,utex395_scaffold_23_g266.t1,1
1:,utex395_scaffold_23_g297.t1,1
1:,utex395_scaffold_23_g303.t1,1
1:,utex395_scaffold_23_g4.t1,1
1:,utex395_scaffold_23_g409.t1,1
1:,utex395_scaffold_23_g44.t1,1
1:,utex395_scaffold_23_g55.t1,1
1:,utex395_scaffold_20_g174.t1,1
1:,utex395_scaffold_23_g64.t1,1
1:,utex395_scaffold_24_g145.t1,1
1:,utex395_scaffold_24_g173.t1,1
1:,utex395_scaffold_24_g239.t1,1
1:,utex395_scaffold_24_g258.t1,1
1:,utex395_scaffold_24_g279.t1,1
1:,utex395_scaffold_24_g309.t1,1
1:,utex395_scaffold_23_g214.t1,1
1:,utex395_scaffold_23_g165.t1,1
1:,utex395_scaffold_23_g151.t1,1
1:,utex395_scaffold_22_g303.t1,1
1:,utex395_scaffold_20_g188.t1,1
1:,utex395_scaffold_20_g25.t1,1
1:,utex395_scaffold_20_g261.t1,1
1:,utex395_scaffold_20_g372.t1,1
1:,utex395_scaffold_20_g519.t1,1
1:,utex395_scaffold_20_g536.t1,1
1:,utex395_scaffold_20_g567.t1,1
1:,utex395_scaffold_20_g6.t1,1
1:,utex395_scaffold_20_g60.t1,1
1:,utex395_scaffold_20_g652.t1,1
1:,utex395_scaffold_20_g693.t1,1
1:,utex395_scaffold_20_g738.t1,1
1:,utex395_scaffold_20_g763.t1,1
1:,utex395_scaffold_20_g774.t1,1
1:,utex395_scaffold_20_g795.t1,1
1:,utex395_scaffold_2_g338.t1,1
1:,utex395_scaffold_2_g379.t1,1
1:,utexb3016_scaffold_18_g510.t1,1
1:,utexb3016_scaffold_17_g169.t1,1
1:,utexb3016_scaffold_16_g787.t1,1
1:,utexb3016_scaffold_16_g808.t1,1
1:,utexb3016_scaffold_16_g854.t1,1
1:,utexb3016_scaffold_16_g960.t1,1
1:,utexb3016_scaffold_17_g106.t1,1
1:,utexb3016_scaffold_17_g14.t1,1
1:,utexb3016_scaffold_17_g164.t1,1
1:,utexb3016_scaffold_17_g197.t1,1
1:,utexb3016_scaffold_16_g695.t1,1
1:,utexb3016_scaffold_17_g2.t1,1
1:,utexb3016_scaffold_17_g206.t1,1
1:,utexb3016_scaffold_17_g22.t1,1
1:,utexb3016_scaffold_17_g232.t1,1
1:,utexb3016_scaffold_17_g233.t1,1
1:,utexb3016_scaffold_17_g252.t1,1
1:,utexb3016_scaffold_17_g259.t1,1
1:,utexb3016_scaffold_16_g718.t1,1
1:,utexb3016_scaffold_16_g682.t1,1
1:,utexb3016_scaffold_17_g3.t1,1
1:,utexb3016_scaffold_16_g284.t1,1
1:,utexb3016_scaffold_15_g727.t1,1
1:,utexb3016_scaffold_15_g94.t1,1
1:,utexb3016_scaffold_16_g100.t1,1
1:,utexb3016_scaffold_16_g129.t1,1
1:,utexb3016_scaffold_16_g163.t1,1
1:,utexb3016_scaffold_16_g169.t1,1
1:,utexb3016_scaffold_16_g2.t1,1
1:,utexb3016_scaffold_16_g347.t1,1
1:,utexb3016_scaffold_16_g615.t1,1
1:,utexb3016_scaffold_16_g368.t1,1
1:,utexb3016_scaffold_16_g39.t1,1
1:,utexb3016_scaffold_16_g467.t1,1
1:,utexb3016_scaffold_16_g519.t1,1
1:,utexb3016_scaffold_16_g541.t1,1
1:,utexb3016_scaffold_16_g553.t1,1
1:,utexb3016_scaffold_16_g597.t1,1
1:,utexb3016_scaffold_17_g288.t1,1
1:,utexb3016_scaffold_17_g306.t1,1
1:,utex395_scaffold_2_g386.t1,1
1:,utexb3016_scaffold_18_g113.t1,1
1:,utexb3016_scaffold_17_g804.t1,1
1:,utexb3016_scaffold_17_g816.t1,1
1:,utexb3016_scaffold_17_g817.t1,1
1:,utexb3016_scaffold_17_g818.t1,1
1:,utexb3016_scaffold_17_g851.t1,1
1:,utexb3016_scaffold_17_g872.t1,1
1:,utexb3016_scaffold_17_g893.t1,1
1:,utexb3016_scaffold_18_g195.t1,1
1:,utexb3016_scaffold_17_g689.t1,1
1:,utexb3016_scaffold_18_g244.t1,1
1:,utexb3016_scaffold_18_g3.t1,1
1:,utexb3016_scaffold_18_g312.t1,1
1:,utexb3016_scaffold_18_g317.t1,1
1:,utexb3016_scaffold_18_g381.t1,1
1:,utexb3016_scaffold_18_g385.t1,1
1:,utexb3016_scaffold_18_g449.t1,1
1:,utexb3016_scaffold_17_g720.t1,1
1:,utexb3016_scaffold_17_g671.t1,1
1:,utexb3016_scaffold_17_g384.t1,1
1:,utexb3016_scaffold_17_g549.t1,1
1:,utexb3016_scaffold_17_g413.t1,1
1:,utexb3016_scaffold_17_g439.t1,1
1:,utexb3016_scaffold_17_g467.t1,1
1:,utexb3016_scaffold_17_g496.t1,1
1:,utexb3016_scaffold_17_g501.t1,1
1:,utexb3016_scaffold_17_g529.t1,1
1:,utexb3016_scaffold_17_g537.t1,1
1:,utexb3016_scaffold_17_g605.t1,1
1:,utexb3016_scaffold_17_g663.t1,1
1:,utexb3016_scaffold_17_g623.t1,1
1:,utexb3016_scaffold_17_g625.t1,1
1:,utexb3016_scaffold_17_g626.t1,1
1:,utexb3016_scaffold_17_g636.t1,1
1:,utexb3016_scaffold_17_g641.t1,1
1:,utexb3016_scaffold_17_g642.t1,1
1:,utexb3016_scaffold_17_g648.t1,1
1:,utexb3016_scaffold_15_g699.t1,1
1:,utexb3016_scaffold_15_g695.t1,1
1:,utexb3016_scaffold_15_g661.t1,1
1:,utexb3016_scaffold_10_g716.t1,1
1:,utexb3016_scaffold_10_g444.t1,1
1:,utexb3016_scaffold_10_g456.t1,1
1:,utexb3016_scaffold_10_g462.t1,1
1:,utexb3016_scaffold_10_g527.t1,1
1:,utexb3016_scaffold_10_g576.t1,1
1:,utexb3016_scaffold_10_g633.t1,1
1:,utexb3016_scaffold_10_g693.t1,1
1:,utexb3016_scaffold_10_g738.t1,1
1:,utexb3016_scaffold_10_g37.t1,1
1:,utexb3016_scaffold_10_g767.t1,1
1:,utexb3016_scaffold_10_g772.t1,1
1:,utexb3016_scaffold_10_g8.t1,1
1:,utexb3016_scaffold_12_g122.t1,1
1:,utexb3016_scaffold_12_g144.t1,1
1:,utexb3016_scaffold_12_g164.t1,1
1:,utexb3016_scaffold_12_g205.t1,1
1:,utexb3016_scaffold_10_g43.t1,1
1:,utexb3016_scaffold_10_g319.t1,1
1:,utexb3016_scaffold_15_g653.t1,1
1:,utex395_scaffold_4_g444.t1,1
1:,utex395_scaffold_2_g387.t1,1
1:,utex395_scaffold_2_g429.t1,1
1:,utex395_scaffold_2_g490.t1,1
1:,utex395_scaffold_2_g5.t1,1
1:,utex395_scaffold_2_g52.t1,1
1:,utex395_scaffold_4_g219.t1,1
1:,utex395_scaffold_4_g401.t1,1
1:,utex395_scaffold_4_g492.t1,1
1:,utexb3016_scaffold_10_g315.t1,1
1:,utex395_scaffold_4_g505.t1,1
1:,utexb3016_scaffold_10_g156.t1,1
1:,utexb3016_scaffold_10_g220.t1,1
1:,utexb3016_scaffold_10_g221.t1,1
1:,utexb3016_scaffold_10_g250.t1,1
1:,utexb3016_scaffold_10_g251.t1,1
1:,utexb3016_scaffold_10_g290.t1,1
1:,utexb3016_scaffold_12_g243.t1,1
1:,utexb3016_scaffold_12_g268.t1,1
1:,utexb3016_scaffold_12_g392.t1,1
1:,utexb3016_scaffold_15_g294.t1,1
1:,utexb3016_scaffold_14_g60.t1,1
1:,utexb3016_scaffold_14_g61.t1,1
1:,utexb3016_scaffold_14_g95.t1,1
1:,utexb3016_scaffold_15_g140.t1,1
1:,utexb3016_scaffold_15_g263.t1,1
1:,utexb3016_scaffold_15_g266.t1,1
1:,utexb3016_scaffold_15_g283.t1,1
1:,utexb3016_scaffold_15_g326.t1,1
1:,utexb3016_scaffold_12_g395.t1,1
1:,utexb3016_scaffold_15_g406.t1,1
1:,utexb3016_scaffold_15_g411.t1,1
1:,utexb3016_scaffold_15_g419.t1,1
1:,utexb3016_scaffold_15_g512.t1,1
1:,utexb3016_scaffold_15_g558.t1,1
1:,utexb3016_scaffold_15_g604.t1,1
1:,utexb3016_scaffold_15_g640.t1,1
1:,utexb3016_scaffold_14_g37.t1,1
1:,utexb3016_scaffold_14_g16.t1,1
1:,utexb3016_scaffold_14_g138.t1,1
1:,utexb3016_scaffold_13_g82.t1,1
1:,utexb3016_scaffold_12_g485.t1,1
1:,utexb3016_scaffold_12_g511.t1,1
1:,utexb3016_scaffold_12_g546.t1,1
1:,utexb3016_scaffold_12_g581.t1,1
1:,utexb3016_scaffold_12_g676.t1,1
1:,utexb3016_scaffold_12_g726.t1,1
1:,utexb3016_scaffold_12_g78.t1,1
1:,utexb3016_scaffold_13_g164.t1,1
1:,utexb3016_scaffold_13_g176.t1,1
1:,utexb3016_scaffold_13_g2.t1,1
1:,utexb3016_scaffold_13_g248.t1,1
1:,utexb3016_scaffold_13_g254.t1,1
1:,utexb3016_scaffold_13_g40.t1,1
1:,utexb3016_scaffold_13_g5.t1,1
1:,utexb3016_scaffold_13_g74.t1,1
21:,utexb3016_scaffold_17_g885.t1,1
21:,utexb3016_scaffold_18_g801.t1,1
2:,utex2526_scaffold_15_g1070.t1,1
27:,utexb3016_scaffold_22_g393.t1,1
27:,utexb3016_scaffold_21_g539.t1,1
27:,utexb3016_scaffold_21_g814.t1,1
27:,utexb3016_scaffold_21_g894.t1,1
27:,utexb3016_scaffold_22_g1003.t1,1
27:,utexb3016_scaffold_22_g1163.t1,1
27:,utexb3016_scaffold_22_g144.t1,1
27:,utexb3016_scaffold_22_g355.t1,1
28:,utex2526_scaffold_10_g655.t1,1
27:,utexb3016_scaffold_20_g308.t1,1
28:,utex2526_scaffold_11_g38.t1,1
28:,utex2526_scaffold_12_g418.t1,1
28:,utex2526_scaffold_12_g516.t1,1
28:,utex2526_scaffold_14_g344.t1,1
28:,utex2526_scaffold_14_g469.t1,1
28:,utex2526_scaffold_15_g123.t1,1
28:,utex2526_scaffold_15_g287.t1,1
27:,utexb3016_scaffold_21_g146.t1,1
27:,utexb3016_scaffold_20_g183.t1,1
28:,utex2526_scaffold_15_g376.t1,1
27:,utexb3016_scaffold_12_g463.t1,1
27:,utex395_scaffold_25_g342.t1,1
27:,utex395_scaffold_2_g291.t1,1
27:,utexb3016_scaffold_10_g115.t1,1
27:,utexb3016_scaffold_10_g318.t1,1
27:,utexb3016_scaffold_10_g379.t1,1
27:,utexb3016_scaffold_10_g564.t1,1
27:,utexb3016_scaffold_12_g364.t1,1
27:,utexb3016_scaffold_12_g664.t1,1
27:,utexb3016_scaffold_18_g822.t1,1
27:,utexb3016_scaffold_15_g501.t1,1
27:,utexb3016_scaffold_15_g634.t1,1
27:,utexb3016_scaffold_16_g433.t1,1
27:,utexb3016_scaffold_16_g659.t1,1
27:,utexb3016_scaffold_16_g955.t1,1
27:,utexb3016_scaffold_17_g778.t1,1
27:,utexb3016_scaffold_17_g922.t1,1
28:,utex2526_scaffold_15_g317.t1,1
28:,utex2526_scaffold_15_g605.t1,1
27:,utex395_scaffold_24_g629.t1,1
28:,utexb3016_scaffold_18_g823.t1,1
28:,utexb3016_scaffold_15_g507.t1,1
28:,utexb3016_scaffold_15_g637.t1,1
28:,utexb3016_scaffold_16_g436.t1,1
28:,utexb3016_scaffold_16_g660.t1,1
28:,utexb3016_scaffold_16_g959.t1,1
28:,utexb3016_scaffold_17_g780.t1,1
28:,utexb3016_scaffold_17_g924.t1,1
28:,utexb3016_scaffold_20_g322.t1,1
28:,utexb3016_scaffold_12_g465.t1,1
28:,utexb3016_scaffold_21_g166.t1,1
28:,utexb3016_scaffold_21_g540.t1,1
28:,utexb3016_scaffold_21_g895.t1,1
28:,utexb3016_scaffold_22_g1006.t1,1
28:,utexb3016_scaffold_22_g1168.t1,1
28:,utexb3016_scaffold_22_g148.t1,1
28:,utexb3016_scaffold_22_g357.t1,1
28:,utexb3016_scaffold_12_g667.t1,1
28:,utexb3016_scaffold_12_g366.t1,1
28:,utex2526_scaffold_15_g836.t1,1
28:,utex395_scaffold_20_g226.t1,1
28:,utex2526_scaffold_1_g34.t1,1
28:,utex395_scaffold_17_g156.t1,1
28:,utex395_scaffold_18_g527.t1,1
28:,utex395_scaffold_1_g275.t1,1
28:,utex395_scaffold_1_g327.t1,1
28:,utex395_scaffold_1_g83.t1,1
28:,utex395_scaffold_20_g173.t1,1
28:,utex395_scaffold_20_g67.t1,1
28:,utexb3016_scaffold_10_g565.t1,1
28:,utex395_scaffold_24_g639.t1,1
28:,utex395_scaffold_25_g1054.t1,1
28:,utex395_scaffold_25_g346.t1,1
28:,utex395_scaffold_2_g295.t1,1
28:,utexb3016_scaffold_10_g116.t1,1
28:,utexb3016_scaffold_10_g319.t1,1
28:,utexb3016_scaffold_10_g380.t1,1
27:,utex395_scaffold_25_g1053.t1,1
27:,utex395_scaffold_20_g63.t1,1
21:,utexb3016_scaffold_20_g163.t1,1
26:,utexb3016_scaffold_10_g206.t1,1
26:,utex395_scaffold_24_g626.t1,1
26:,utex395_scaffold_24_g755.t1,1
26:,utex395_scaffold_25_g1052.t1,1
26:,utex395_scaffold_25_g340.t1,1
26:,utex395_scaffold_25_g744.t1,1
26:,utex395_scaffold_2_g288.t1,1
26:,utexb3016_scaffold_10_g113.t1,1
26:,utexb3016_scaffold_10_g313.t1,1
26:,utex395_scaffold_20_g222.t1,1
26:,utexb3016_scaffold_10_g378.t1,1
26:,utexb3016_scaffold_10_g563.t1,1
26:,utexb3016_scaffold_12_g359.t1,1
26:,utexb3016_scaffold_12_g462.t1,1
26:,utexb3016_scaffold_12_g661.t1,1
26:,utexb3016_scaffold_15_g497.t1,1
26:,utexb3016_scaffold_15_g625.t1,1
26:,utex395_scaffold_20_g56.t1,1
26:,utex395_scaffold_20_g171.t1,1
26:,utexb3016_scaffold_16_g362.t1,1
26:,utex2526_scaffold_15_g603.t1,1
26:,utex2526_scaffold_14_g341.t1,1
26:,utex2526_scaffold_14_g354.t1,1
26:,utex2526_scaffold_14_g466.t1,1
26:,utex2526_scaffold_15_g119.t1,1
26:,utex2526_scaffold_15_g283.t1,1
26:,utex2526_scaffold_15_g313.t1,1
26:,utex2526_scaffold_15_g374.t1,1
26:,utex2526_scaffold_15_g823.t1,1
26:,utex395_scaffold_1_g75.t1,1
26:,utex2526_scaffold_15_g825.t1,1
26:,utex2526_scaffold_1_g32.t1,1
26:,utex395_scaffold_17_g154.t1,1
26:,utex395_scaffold_18_g177.t1,1
26:,utex395_scaffold_18_g525.t1,1
26:,utex395_scaffold_1_g251.t1,1
26:,utex395_scaffold_1_g320.t1,1
26:,utexb3016_scaffold_16_g271.t1,1
26:,utexb3016_scaffold_16_g430.t1,1
27:,utex395_scaffold_20_g225.t1,1
27:,utex2526_scaffold_15_g833.t1,1
27:,utex2526_scaffold_14_g343.t1,1
27:,utex2526_scaffold_14_g467.t1,1
27:,utex2526_scaffold_15_g122.t1,1
27:,utex2526_scaffold_15_g286.t1,1
27:,utex2526_scaffold_15_g314.t1,1
27:,utex2526_scaffold_15_g375.t1,1
27:,utex2526_scaffold_15_g604.t1,1
27:,utex2526_scaffold_1_g33.t1,1
27:,utex2526_scaffold_12_g416.t1,1
27:,utex395_scaffold_17_g155.t1,1
27:,utex395_scaffold_18_g178.t1,1
27:,utex395_scaffold_18_g526.t1,1
27:,utex395_scaffold_1_g273.t1,1
27:,utex395_scaffold_1_g323.t1,1
27:,utex395_scaffold_1_g80.t1,1
27:,utex395_scaffold_20_g172.t1,1
27:,utex2526_scaffold_12_g514.t1,1
27:,utex2526_scaffold_11_g37.t1,1
26:,utexb3016_scaffold_16_g654.t1,1
26:,utexb3016_scaffold_21_g143.t1,1
26:,utexb3016_scaffold_16_g842.t1,1
26:,utexb3016_scaffold_16_g954.t1,1
26:,utexb3016_scaffold_17_g777.t1,1
26:,utexb3016_scaffold_17_g919.t1,1
26:,utexb3016_scaffold_18_g821.t1,1
26:,utexb3016_scaffold_20_g179.t1,1
26:,utexb3016_scaffold_20_g299.t1,1
26:,utexb3016_scaffold_21_g537.t1,1
27:,utex2526_scaffold_10_g653.t1,1
26:,utexb3016_scaffold_21_g813.t1,1
26:,utexb3016_scaffold_21_g891.t1,1
26:,utexb3016_scaffold_22_g1002.t1,1
26:,utexb3016_scaffold_22_g1162.t1,1
26:,utexb3016_scaffold_22_g141.t1,1
26:,utexb3016_scaffold_22_g352.t1,1
26:,utexb3016_scaffold_22_g392.t1,1
28:,utexb3016_scaffold_22_g398.t1,1
29:,utex2526_scaffold_11_g39.t1,1
29:,utex2526_scaffold_12_g420.t1,1
2:,utex2526_scaffold_12_g70.t1,1
2:,utex2526_scaffold_12_g551.t1,1
2:,utex2526_scaffold_12_g574.t1,1
2:,utex2526_scaffold_12_g601.t1,1
2:,utex2526_scaffold_12_g603.t1,1
2:,utex2526_scaffold_12_g615.t1,1
2:,utex2526_scaffold_12_g616.t1,1
2:,utex2526_scaffold_12_g653.t1,1
2:,utex2526_scaffold_12_g715.t1,1
2:,utex2526_scaffold_12_g509.t1,1
2:,utex2526_scaffold_12_g717.t1,1
2:,utex2526_scaffold_12_g720.t1,1
2:,utex2526_scaffold_12_g75.t1,1
2:,utex2526_scaffold_12_g78.t1,1
2:,utex2526_scaffold_13_g159.t1,1
2:,utex2526_scaffold_13_g21.t1,1
2:,utex2526_scaffold_13_g222.t1,1
2:,utex2526_scaffold_12_g52.t1,1
2:,utex2526_scaffold_12_g463.t1,1
2:,utex2526_scaffold_13_g32.t1,1
2:,utex2526_scaffold_12_g316.t1,1
2:,utex2526_scaffold_12_g176.t1,1
2:,utex2526_scaffold_12_g234.t1,1
2:,utex2526_scaffold_12_g240.t1,1
2:,utex2526_scaffold_12_g247.t1,1
2:,utex2526_scaffold_12_g293.t1,1
2:,utex2526_scaffold_12_g298.t1,1
2:,utex2526_scaffold_12_g307.t1,1
2:,utex2526_scaffold_12_g335.t1,1
2:,utex2526_scaffold_12_g441.t1,1
2:,utex2526_scaffold_12_g338.t1,1
2:,utex2526_scaffold_12_g348.t1,1
2:,utex2526_scaffold_12_g360.t1,1
2:,utex2526_scaffold_12_g371.t1,1
2:,utex2526_scaffold_12_g382.t1,1
2:,utex2526_scaffold_12_g435.t1,1
2:,utex2526_scaffold_12_g436.t1,1
2:,utex2526_scaffold_13_g253.t1,1
2:,utex2526_scaffold_13_g57.t1,1
29:,utex2526_scaffold_12_g527.t1,1
2:,utex2526_scaffold_14_g514.t1,1
2:,utex2526_scaffold_14_g377.t1,1
2:,utex2526_scaffold_14_g378.t1,1
2:,utex2526_scaffold_14_g403.t1,1
2:,utex2526_scaffold_14_g415.t1,1
2:,utex2526_scaffold_14_g43.t1,1
2:,utex2526_scaffold_14_g463.t1,1
2:,utex2526_scaffold_14_g482.t1,1
2:,utex2526_scaffold_14_g528.t1,1
2:,utex2526_scaffold_14_g362.t1,1
2:,utex2526_scaffold_14_g59.t1,1
2:,utex2526_scaffold_14_g65.t1,1
2:,utex2526_scaffold_15_g1010.t1,1
2:,utex2526_scaffold_15_g1011.t1,1
2:,utex2526_scaffold_15_g1024.t1,1
2:,utex2526_scaffold_15_g1037.t1,1
2:,utex2526_scaffold_15_g1038.t1,1
2:,utex2526_scaffold_14_g363.t1,1
2:,utex2526_scaffold_14_g34.t1,1
2:,utex2526_scaffold_13_g82.t1,1
2:,utex2526_scaffold_14_g182.t1,1
2:,utex2526_scaffold_14_g118.t1,1
2:,utex2526_scaffold_14_g126.t1,1
2:,utex2526_scaffold_14_g134.t1,1
2:,utex2526_scaffold_14_g135.t1,1
2:,utex2526_scaffold_14_g153.t1,1
2:,utex2526_scaffold_14_g157.t1,1
2:,utex2526_scaffold_14_g180.t1,1
2:,utex2526_scaffold_14_g189.t1,1
2:,utex2526_scaffold_14_g303.t1,1
2:,utex2526_scaffold_14_g235.t1,1
2:,utex2526_scaffold_14_g238.t1,1
2:,utex2526_scaffold_14_g260.t1,1
2:,utex2526_scaffold_14_g27.t1,1
2:,utex2526_scaffold_14_g273.t1,1
2:,utex2526_scaffold_14_g274.t1,1
2:,utex2526_scaffold_14_g299.t1,1
2:,utex2526_scaffold_12_g174.t1,1
2:,utex2526_scaffold_12_g171.t1,1
2:,utex2526_scaffold_12_g162.t1,1
29:,utexb3016_scaffold_15_g643.t1,1
29:,utexb3016_scaffold_10_g320.t1,1
29:,utexb3016_scaffold_10_g386.t1,1
29:,utexb3016_scaffold_10_g566.t1,1
29:,utexb3016_scaffold_12_g367.t1,1
29:,utexb3016_scaffold_12_g471.t1,1
29:,utexb3016_scaffold_12_g668.t1,1
29:,utexb3016_scaffold_15_g520.t1,1
29:,utexb3016_scaffold_16_g437.t1,1
29:,utexb3016_scaffold_10_g118.t1,1
29:,utexb3016_scaffold_16_g661.t1,1
29:,utexb3016_scaffold_16_g966.t1,1
29:,utexb3016_scaffold_17_g786.t1,1
29:,utexb3016_scaffold_17_g927.t1,1
29:,utexb3016_scaffold_18_g824.t1,1
29:,utexb3016_scaffold_20_g330.t1,1
29:,utexb3016_scaffold_21_g167.t1,1
29:,utexb3016_scaffold_10_g286.t1,1
29:,utex395_scaffold_2_g296.t1,1
2:,utex2526_scaffold_12_g15.t1,1
29:,utex2526_scaffold_1_g35.t1,1
29:,utex2526_scaffold_14_g346.t1,1
29:,utex2526_scaffold_14_g479.t1,1
29:,utex2526_scaffold_15_g290.t1,1
29:,utex2526_scaffold_15_g318.t1,1
29:,utex2526_scaffold_15_g377.t1,1
29:,utex2526_scaffold_15_g608.t1,1
29:,utex2526_scaffold_15_g838.t1,1
29:,utex395_scaffold_17_g157.t1,1
29:,utex395_scaffold_25_g347.t1,1
29:,utex395_scaffold_18_g528.t1,1
29:,utex395_scaffold_1_g339.t1,1
29:,utex395_scaffold_1_g84.t1,1
29:,utex395_scaffold_20_g174.t1,1
29:,utex395_scaffold_20_g228.t1,1
29:,utex395_scaffold_20_g68.t1,1
29:,utex395_scaffold_25_g1055.t1,1
29:,utexb3016_scaffold_21_g543.t1,1
29:,utexb3016_scaffold_21_g901.t1,1
29:,utexb3016_scaffold_22_g1007.t1,1
2:,utex2526_scaffold_10_g659.t1,1
2:,utex2526_scaffold_10_g55.t1,1
2:,utex2526_scaffold_10_g56.t1,1
2:,utex2526_scaffold_10_g569.t1,1
2:,utex2526_scaffold_10_g572.t1,1
2:,utex2526_scaffold_10_g592.t1,1
2:,utex2526_scaffold_10_g628.t1,1
2:,utex2526_scaffold_10_g646.t1,1
2:,utex2526_scaffold_10_g661.t1,1
29:,utexb3016_scaffold_22_g1170.t1,1
2:,utex2526_scaffold_10_g700.t1,1
2:,utex2526_scaffold_10_g88.t1,1
2:,utex2526_scaffold_11_g41.t1,1
2:,utex2526_scaffold_11_g57.t1,1
2:,utex2526_scaffold_11_g7.t1,1
2:,utex2526_scaffold_12_g120.t1,1
2:,utex2526_scaffold_12_g142.t1,1
2:,utex2526_scaffold_10_g549.t1,1
2:,utex2526_scaffold_10_g546.t1,1
2:,utex2526_scaffold_10_g531.t1,1
2:,utex2526_scaffold_10_g526.t1,1
29:,utexb3016_scaffold_22_g152.t1,1
29:,utexb3016_scaffold_22_g358.t1,1
29:,utexb3016_scaffold_22_g402.t1,1
2:,utex2526_scaffold_10_g101.t1,1
2:,utex2526_scaffold_10_g144.t1,1
2:,utex2526_scaffold_10_g178.t1,1
2:,utex2526_scaffold_10_g272.t1,1
2:,utex2526_scaffold_10_g30.t1,1
2:,utex2526_scaffold_10_g380.t1,1
2:,utex2526_scaffold_10_g390.t1,1
2:,utex2526_scaffold_10_g402.t1,1
2:,utex2526_scaffold_10_g439.t1,1
2:,utex2526_scaffold_10_g454.t1,1
2:,utex2526_scaffold_10_g457.t1,1
2:,utex2526_scaffold_10_g502.t1,1
26:,utex2526_scaffold_14_g108.t1,1
26:,utex2526_scaffold_12_g511.t1,1
26:,utex2526_scaffold_12_g414.t1,1
23:,utex2526_scaffold_15_g120.t1,1
23:,utex2526_scaffold_13_g106.t1,1
23:,utex2526_scaffold_14_g108.t1,1
23:,utex2526_scaffold_14_g327.t1,1
23:,utex2526_scaffold_14_g342.t1,1
23:,utex2526_scaffold_14_g441.t1,1
23:,utex2526_scaffold_14_g98.t1,1
23:,utex2526_scaffold_15_g110.t1,1
23:,utex2526_scaffold_15_g273.t1,1
23:,utex2526_scaffold_12_g410.t1,1
23:,utex2526_scaffold_15_g306.t1,1
23:,utex2526_scaffold_15_g368.t1,1
23:,utex2526_scaffold_15_g600.t1,1
23:,utex2526_scaffold_15_g637.t1,1
23:,utex2526_scaffold_15_g817.t1,1
23:,utex2526_scaffold_15_g822.t1,1
23:,utex2526_scaffold_1_g29.t1,1
23:,utex2526_scaffold_12_g497.t1,1
23:,utex2526_scaffold_11_g32.t1,1
23:,utex395_scaffold_18_g161.t1,1
22:,utexb3016_scaffold_21_g519.t1,1
22:,utexb3016_scaffold_18_g804.t1,1
22:,utexb3016_scaffold_20_g171.t1,1
22:,utexb3016_scaffold_20_g295.t1,1
22:,utexb3016_scaffold_21_g1129.t1,1
22:,utexb3016_scaffold_21_g128.t1,1
22:,utexb3016_scaffold_21_g1336.t1,1
22:,utexb3016_scaffold_21_g1427.t1,1
22:,utexb3016_scaffold_21_g808.t1,1
23:,utex2526_scaffold_10_g645.t1,1
22:,utexb3016_scaffold_21_g887.t1,1
22:,utexb3016_scaffold_22_g1149.t1,1
22:,utexb3016_scaffold_22_g137.t1,1
22:,utexb3016_scaffold_22_g348.t1,1
22:,utexb3016_scaffold_22_g368.t1,1
22:,utexb3016_scaffold_22_g993.t1,1
23:,utex2526_scaffold_10_g199.t1,1
23:,utex395_scaffold_17_g139.t1,1
23:,utex395_scaffold_18_g270.t1,1
23:,utexb3016_scaffold_20_g173.t1,1
23:,utexb3016_scaffold_15_g618.t1,1
23:,utexb3016_scaffold_10_g368.t1,1
23:,utexb3016_scaffold_10_g545.t1,1
23:,utexb3016_scaffold_12_g350.t1,1
23:,utexb3016_scaffold_12_g457.t1,1
23:,utexb3016_scaffold_12_g655.t1,1
23:,utexb3016_scaffold_14_g167.t1,1
23:,utexb3016_scaffold_15_g489.t1,1
23:,utexb3016_scaffold_16_g258.t1,1
23:,utexb3016_scaffold_10_g203.t1,1
23:,utexb3016_scaffold_16_g343.t1,1
23:,utexb3016_scaffold_16_g422.t1,1
23:,utexb3016_scaffold_16_g649.t1,1
23:,utexb3016_scaffold_16_g834.t1,1
23:,utexb3016_scaffold_16_g939.t1,1
23:,utexb3016_scaffold_17_g763.t1,1
23:,utexb3016_scaffold_17_g896.t1,1
23:,utexb3016_scaffold_10_g297.t1,1
23:,utexb3016_scaffold_10_g104.t1,1
23:,utex395_scaffold_18_g522.t1,1
23:,utex395_scaffold_23_g75.t1,1
23:,utex395_scaffold_1_g216.t1,1
23:,utex395_scaffold_1_g314.t1,1
23:,utex395_scaffold_1_g68.t1,1
23:,utex395_scaffold_20_g168.t1,1
23:,utex395_scaffold_20_g219.t1,1
23:,utex395_scaffold_20_g53.t1,1
23:,utex395_scaffold_23_g438.t1,1
23:,utex395_scaffold_24_g620.t1,1
23:,utex395_scaffold_2_g75.t1,1
23:,utex395_scaffold_24_g744.t1,1
23:,utex395_scaffold_24_g873.t1,1
23:,utex395_scaffold_25_g1048.t1,1
23:,utex395_scaffold_25_g331.t1,1
23:,utex395_scaffold_25_g741.t1,1
23:,utex395_scaffold_2_g220.t1,1
23:,utex395_scaffold_2_g285.t1,1
22:,utexb3016_scaffold_17_g889.t1,1
22:,utexb3016_scaffold_17_g761.t1,1
22:,utexb3016_scaffold_17_g230.t1,1
22:,utex2526_scaffold_15_g206.t1,1
22:,utex2526_scaffold_14_g326.t1,1
22:,utex2526_scaffold_14_g339.t1,1
22:,utex2526_scaffold_14_g409.t1,1
22:,utex2526_scaffold_14_g440.t1,1
22:,utex2526_scaffold_14_g88.t1,1
22:,utex2526_scaffold_15_g108.t1,1
22:,utex2526_scaffold_15_g109.t1,1
22:,utex2526_scaffold_15_g207.t1,1
22:,utex2526_scaffold_13_g105.t1,1
22:,utex2526_scaffold_15_g272.t1,1
22:,utex2526_scaffold_15_g301.t1,1
22:,utex2526_scaffold_15_g367.t1,1
22:,utex2526_scaffold_15_g598.t1,1
22:,utex2526_scaffold_15_g636.t1,1
22:,utex2526_scaffold_15_g816.t1,1
22:,utex2526_scaffold_15_g821.t1,1
22:,utex2526_scaffold_14_g107.t1,1
22:,utex2526_scaffold_12_g496.t1,1
22:,utexb3016_scaffold_16_g934.t1,1
21:,utexb3016_scaffold_21_g884.t1,1
21:,utexb3016_scaffold_20_g291.t1,1
21:,utexb3016_scaffold_21_g1128.t1,1
21:,utexb3016_scaffold_21_g127.t1,1
21:,utexb3016_scaffold_21_g1333.t1,1
21:,utexb3016_scaffold_21_g1426.t1,1
21:,utexb3016_scaffold_21_g518.t1,1
21:,utexb3016_scaffold_21_g807.t1,1
21:,utexb3016_scaffold_22_g1142.t1,1
22:,utex2526_scaffold_12_g409.t1,1
21:,utexb3016_scaffold_22_g131.t1,1
21:,utexb3016_scaffold_22_g343.t1,1
21:,utexb3016_scaffold_22_g366.t1,1
21:,utexb3016_scaffold_22_g990.t1,1
22:,utex2526_scaffold_10_g193.t1,1
22:,utex2526_scaffold_10_g644.t1,1
22:,utex2526_scaffold_11_g31.t1,1
22:,utex2526_scaffold_1_g28.t1,1
22:,utex2526_scaffold_23_g116.t1,1
22:,utex395_scaffold_17_g138.t1,1
22:,utexb3016_scaffold_12_g651.t1,1
22:,utexb3016_scaffold_10_g103.t1,1
22:,utexb3016_scaffold_10_g201.t1,1
22:,utexb3016_scaffold_10_g295.t1,1
22:,utexb3016_scaffold_10_g366.t1,1
22:,utexb3016_scaffold_10_g541.t1,1
22:,utexb3016_scaffold_12_g347.t1,1
22:,utexb3016_scaffold_12_g452.t1,1
22:,utexb3016_scaffold_13_g181.t1,1
22:,utex395_scaffold_18_g158.t1,1
22:,utexb3016_scaffold_15_g486.t1,1
22:,utexb3016_scaffold_15_g616.t1,1
22:,utexb3016_scaffold_16_g257.t1,1
22:,utexb3016_scaffold_16_g342.t1,1
22:,utexb3016_scaffold_16_g417.t1,1
22:,utexb3016_scaffold_16_g648.t1,1
22:,utexb3016_scaffold_16_g825.t1,1
22:,utex395_scaffold_2_g73.t1,1
22:,utex395_scaffold_2_g284.t1,1
22:,utex395_scaffold_2_g212.t1,1
22:,utex395_scaffold_25_g740.t1,1
22:,utex395_scaffold_18_g269.t1,1
22:,utex395_scaffold_18_g521.t1,1
22:,utex395_scaffold_1_g215.t1,1
22:,utex395_scaffold_1_g313.t1,1
22:,utex395_scaffold_1_g67.t1,1
22:,utex395_scaffold_20_g167.t1,1
22:,utex395_scaffold_20_g217.t1,1
22:,utex395_scaffold_20_g52.t1,1
22:,utex395_scaffold_23_g425.t1,1
22:,utex395_scaffold_24_g619.t1,1
22:,utex395_scaffold_24_g741.t1,1
22:,utex395_scaffold_24_g869.t1,1
22:,utex395_scaffold_25_g1047.t1,1
22:,utex395_scaffold_25_g329.t1,1
22:,utex395_scaffold_25_g564.t1,1
23:,utexb3016_scaffold_18_g807.t1,1
23:,utexb3016_scaffold_20_g296.t1,1
26:,utex2526_scaffold_11_g36.t1,1
25:,utex395_scaffold_18_g278.t1,1
25:,utex2526_scaffold_15_g373.t1,1
25:,utex2526_scaffold_15_g602.t1,1
25:,utex2526_scaffold_15_g822.t1,1
25:,utex2526_scaffold_15_g824.t1,1
25:,utex2526_scaffold_1_g31.t1,1
25:,utex395_scaffold_17_g152.t1,1
25:,utex395_scaffold_18_g176.t1,1
25:,utex395_scaffold_18_g524.t1,1
25:,utex2526_scaffold_15_g282.t1,1
25:,utex395_scaffold_1_g250.t1,1
25:,utex395_scaffold_1_g319.t1,1
25:,utex395_scaffold_1_g71.t1,1
25:,utex395_scaffold_20_g170.t1,1
25:,utex395_scaffold_20_g221.t1,1
25:,utex395_scaffold_20_g55.t1,1
25:,utex395_scaffold_24_g622.t1,1
25:,utex2526_scaffold_15_g312.t1,1
25:,utex2526_scaffold_15_g115.t1,1
25:,utex395_scaffold_24_g876.t1,1
24:,utexb3016_scaffold_22_g998.t1,1
24:,utexb3016_scaffold_21_g523.t1,1
24:,utexb3016_scaffold_21_g810.t1,1
24:,utexb3016_scaffold_21_g889.t1,1
24:,utexb3016_scaffold_22_g1151.t1,1
24:,utexb3016_scaffold_22_g139.t1,1
24:,utexb3016_scaffold_22_g350.t1,1
24:,utexb3016_scaffold_22_g388.t1,1
25:,utex2526_scaffold_10_g212.t1,1
25:,utex2526_scaffold_14_g449.t1,1
25:,utex2526_scaffold_10_g649.t1,1
25:,utex2526_scaffold_11_g35.t1,1
25:,utex2526_scaffold_12_g413.t1,1
25:,utex2526_scaffold_12_g505.t1,1
25:,utex2526_scaffold_14_g102.t1,1
25:,utex2526_scaffold_14_g334.t1,1
25:,utex2526_scaffold_14_g348.t1,1
25:,utex395_scaffold_24_g749.t1,1
25:,utex395_scaffold_25_g1051.t1,1
23:,utexb3016_scaffold_21_g1130.t1,1
25:,utexb3016_scaffold_21_g812.t1,1
25:,utexb3016_scaffold_17_g908.t1,1
25:,utexb3016_scaffold_18_g820.t1,1
25:,utexb3016_scaffold_20_g178.t1,1
25:,utexb3016_scaffold_20_g298.t1,1
25:,utexb3016_scaffold_21_g1354.t1,1
25:,utexb3016_scaffold_21_g142.t1,1
25:,utexb3016_scaffold_21_g529.t1,1
25:,utexb3016_scaffold_21_g890.t1,1
25:,utexb3016_scaffold_16_g948.t1,1
25:,utexb3016_scaffold_22_g1156.t1,1
25:,utexb3016_scaffold_22_g140.t1,1
25:,utexb3016_scaffold_22_g351.t1,1
25:,utexb3016_scaffold_22_g389.t1,1
25:,utexb3016_scaffold_22_g999.t1,1
26:,utex2526_scaffold_10_g228.t1,1
26:,utex2526_scaffold_10_g651.t1,1
25:,utexb3016_scaffold_17_g768.t1,1
25:,utexb3016_scaffold_16_g836.t1,1
25:,utex395_scaffold_25_g336.t1,1
25:,utexb3016_scaffold_10_g551.t1,1
25:,utex395_scaffold_25_g743.t1,1
25:,utex395_scaffold_2_g225.t1,1
25:,utex395_scaffold_2_g287.t1,1
25:,utexb3016_scaffold_10_g112.t1,1
25:,utexb3016_scaffold_10_g205.t1,1
25:,utexb3016_scaffold_10_g304.t1,1
25:,utexb3016_scaffold_10_g377.t1,1
25:,utexb3016_scaffold_12_g356.t1,1
25:,utexb3016_scaffold_16_g651.t1,1
25:,utexb3016_scaffold_12_g461.t1,1
25:,utexb3016_scaffold_12_g659.t1,1
25:,utexb3016_scaffold_15_g493.t1,1
25:,utexb3016_scaffold_15_g621.t1,1
25:,utexb3016_scaffold_16_g270.t1,1
25:,utexb3016_scaffold_16_g358.t1,1
25:,utexb3016_scaffold_16_g428.t1,1
24:,utexb3016_scaffold_21_g141.t1,1
24:,utexb3016_scaffold_21_g1353.t1,1
24:,utexb3016_scaffold_21_g1131.t1,1
24:,utex2526_scaffold_15_g372.t1,1
24:,utex2526_scaffold_14_g445.t1,1
24:,utex2526_scaffold_15_g111.t1,1
24:,utex2526_scaffold_15_g122.t1,1
24:,utex2526_scaffold_15_g211.t1,1
24:,utex2526_scaffold_15_g216.t1,1
24:,utex2526_scaffold_15_g276.t1,1
24:,utex2526_scaffold_15_g307.t1,1
24:,utex2526_scaffold_15_g601.t1,1
24:,utex2526_scaffold_14_g332.t1,1
24:,utex2526_scaffold_15_g638.t1,1
24:,utex2526_scaffold_15_g818.t1,1
24:,utex2526_scaffold_15_g823.t1,1
24:,utex2526_scaffold_1_g30.t1,1
24:,utex395_scaffold_17_g151.t1,1
24:,utex395_scaffold_18_g165.t1,1
24:,utex395_scaffold_18_g271.t1,1
24:,utex2526_scaffold_14_g345.t1,1
24:,utex2526_scaffold_14_g100.t1,1
24:,utexb3016_scaffold_20_g297.t1,1
23:,utexb3016_scaffold_22_g138.t1,1
23:,utexb3016_scaffold_21_g1346.t1,1
23:,utexb3016_scaffold_21_g137.t1,1
23:,utexb3016_scaffold_21_g1433.t1,1
23:,utexb3016_scaffold_21_g521.t1,1
23:,utexb3016_scaffold_21_g809.t1,1
23:,utexb3016_scaffold_21_g888.t1,1
23:,utexb3016_scaffold_22_g1150.t1,1
23:,utexb3016_scaffold_22_g349.t1,1
24:,utex2526_scaffold_13_g108.t1,1
23:,utexb3016_scaffold_22_g376.t1,1
23:,utexb3016_scaffold_22_g997.t1,1
24:,utex2526_scaffold_10_g210.t1,1
24:,utex2526_scaffold_10_g648.t1,1
24:,utex2526_scaffold_11_g33.t1,1
24:,utex2526_scaffold_12_g412.t1,1
24:,utex2526_scaffold_12_g498.t1,1
24:,utex395_scaffold_18_g523.t1,1
24:,utex395_scaffold_1_g240.t1,1
24:,utex395_scaffold_1_g315.t1,1
24:,utexb3016_scaffold_16_g353.t1,1
24:,utexb3016_scaffold_12_g352.t1,1
24:,utexb3016_scaffold_12_g460.t1,1
24:,utexb3016_scaffold_12_g658.t1,1
24:,utexb3016_scaffold_14_g168.t1,1
24:,utexb3016_scaffold_15_g492.t1,1
24:,utexb3016_scaffold_15_g619.t1,1
24:,utexb3016_scaffold_16_g259.t1,1
24:,utexb3016_scaffold_16_g427.t1,1
24:,utex395_scaffold_1_g70.t1,1
24:,utexb3016_scaffold_16_g650.t1,1
24:,utexb3016_scaffold_16_g835.t1,1
24:,utexb3016_scaffold_16_g940.t1,1
24:,utexb3016_scaffold_17_g767.t1,1
24:,utexb3016_scaffold_17_g899.t1,1
24:,utexb3016_scaffold_18_g812.t1,1
24:,utexb3016_scaffold_20_g176.t1,1
24:,utexb3016_scaffold_10_g546.t1,1
24:,utexb3016_scaffold_10_g375.t1,1
24:,utexb3016_scaffold_10_g298.t1,1
24:,utexb3016_scaffold_10_g204.t1,1
24:,utex395_scaffold_20_g169.t1,1
24:,utex395_scaffold_20_g220.t1,1
24:,utex395_scaffold_20_g54.t1,1
24:,utex395_scaffold_23_g439.t1,1
24:,utex395_scaffold_23_g96.t1,1
24:,utex395_scaffold_24_g621.t1,1
24:,utex395_scaffold_24_g747.t1,1
24:,utex395_scaffold_24_g874.t1,1
24:,utex395_scaffold_25_g1049.t1,1
24:,utex395_scaffold_25_g333.t1,1
24:,utex395_scaffold_25_g742.t1,1
24:,utex395_scaffold_2_g223.t1,1
24:,utex395_scaffold_2_g286.t1,1
24:,utex395_scaffold_2_g76.t1,1
24:,utexb3016_scaffold_10_g111.t1,1
utexb3016_scaffold_22_g916.t1,utex395_scaffold_25_g745.t1,1
